age,risky_crossing,run_red_light
27.0,1.0,0.0
28.0,1.0,0.0
29.0,1.0,0.0
30.0,0.6,0.2
32.0,1.0,0.0
33.0,1.0,0.3333333333333333
34.0,0.6,0.0
35.0,0.0,0.0
36.0,1.0,0.0
38.0,0.3333333333333333,0.0
39.0,0.0,0.0
40.0,0.3333333333333333,0.0
42.0,0.5,0.0
44.0,1.0,0.0
46.0,0.0,0.0
48.0,1.0,0.0
53.0,0.0,0.0
56.0,1.0,0.0
57.0,1.0,0.0
