duration_seconds,analysis_seconds
1550.1571875,155.01571875000002
3726.726726726727,372.6726726726727
1488.0532333333333,148.80532333333335
2000.0,200.0
1800.0,180.0
2200.0,220.0
1900.0,190.0
1750.0,175.0
2050.0,205.0
