duration_seconds,analysis_seconds
1550.1571875,155.01571875000002
3726.726726726727,372.6726726726727
1488.0532333333333,148.80532333333335
