city,link,city_link,track_id,crossed,nearby_count_beginning,nearby_count_whole,risky_crossing,run_red_light,crosswalk_use_or_not,gender,age,phone_using,walking_speed_mps,crossing_speed_mps,decision_delay_s,backpack,umbrella,handbag,suitcase,short_sleeved_shirt,long_sleeved_shirt,short_sleeved_outwear,long_sleeved_outwear,vest,sling,shorts,trousers,skirt,short_sleeved_dress,long_sleeved_dress,vest_dress,sling_dress,weather,daytime,police_car,arrow_board,cones,accident,crack,potholes,avg_vehicle_total,crossing_sign,avg_road_width,crosswalk,sidewalk,ambulance,army vehicle,auto rickshaw,bicycle,bus,car,garbagevan,human hauler,human,hauler,minibus,minivan,motorbike,pickup,policecar,rickshaw,scooter,suv,taxi,three wheelers -CNG-,truck,van,wheelbarrow,state,country,iso3,continent,lat,lon,gmp,population_city,population_country,traffic_mortality,literacy_rate,avg_height,med_age,gini
Brisbane,9pPBmcKvFOc,Brisbane_9pPBmcKvFOc,228,True,0,0,1,0,0,,,0,0.711,1.239,0.0,0,0,0,0,0,0,0,0,0,0,0,0,0,0,0,0,0,sunrise,Day,0,0,0,0,1,0,4.0,0,1.728888888888889,0,1,0,0,0,0,0,1,0,0,,,0,0,1,0,0,0,0,1,0,1,0,0,0,,Australia,AUS,Oceania,-27.468968,153.023499,177.0,2582007.0,25687041.0,4.9,99.0,171.7,37.9,34.3
Brisbane,9pPBmcKvFOc,Brisbane_9pPBmcKvFOc,479,True,1,1,1,1,0,,,0,0.594,0.482,0.0,0,0,0,0,0,0,0,0,0,0,0,0,0,0,0,0,0,shine,Day,0,0,0,0,0,0,6.48,0,2.0324,0,1,0,0,0,0,0,1,0,0,,,0,0,1,0,0,0,0,1,0,1,0,0,0,,Australia,AUS,Oceania,-27.468968,153.023499,177.0,2582007.0,25687041.0,4.9,99.0,171.7,37.9,34.3
Brisbane,9pPBmcKvFOc,Brisbane_9pPBmcKvFOc,613,True,1,2,0,0,0,,,0,1.882,1.674,0.0,0,0,0,0,0,0,0,0,0,0,0,0,0,0,0,0,0,sunrise,Day,0,0,0,0,0,0,4.666666666666667,0,1.9066666666666665,0,1,0,0,0,0,0,1,0,0,,,0,1,1,0,0,0,0,0,0,1,0,0,0,,Australia,AUS,Oceania,-27.468968,153.023499,177.0,2582007.0,25687041.0,4.9,99.0,171.7,37.9,34.3
Brisbane,9pPBmcKvFOc,Brisbane_9pPBmcKvFOc,708,True,2,2,0,0,0,,,0,1.469,1.742,0.0,0,0,1,0,0,0,0,0,0,0,0,0,0,0,0,0,0,sunrise,Day,0,0,0,0,0,0,1.75,0,1.32375,0,1,0,0,0,1,0,1,0,0,,,0,0,1,0,0,0,0,0,0,0,0,0,0,,Australia,AUS,Oceania,-27.468968,153.023499,177.0,2582007.0,25687041.0,4.9,99.0,171.7,37.9,34.3
Brisbane,9pPBmcKvFOc,Brisbane_9pPBmcKvFOc,714,True,0,2,0,0,0,,,0,0.683,0.424,,0,0,0,0,0,0,0,0,0,0,0,0,0,0,0,0,0,sunrise,Day,0,0,0,0,1,0,4.5,0,2.02,0,0,0,0,0,0,0,1,0,0,,,0,0,0,0,0,0,0,0,0,1,0,0,0,,Australia,AUS,Oceania,-27.468968,153.023499,177.0,2582007.0,25687041.0,4.9,99.0,171.7,37.9,34.3
Brisbane,9pPBmcKvFOc,Brisbane_9pPBmcKvFOc,720,True,2,2,0,0,0,male,35.0,0,0.742,0.705,0.0,0,0,0,0,0,0,0,0,0,0,0,0,0,0,0,0,0,rain,Day,0,0,0,0,0,0,1.3333333333333333,0,0.8566666666666668,0,1,0,0,0,0,0,1,0,0,,,0,0,1,0,0,0,0,0,0,0,0,0,0,,Australia,AUS,Oceania,-27.468968,153.023499,177.0,2582007.0,25687041.0,4.9,99.0,171.7,37.9,34.3
Brisbane,9pPBmcKvFOc,Brisbane_9pPBmcKvFOc,737,True,1,2,0,0,0,,,0,1.214,0.817,0.0,0,0,0,0,0,0,0,0,0,0,0,1,0,0,0,0,0,sunrise,Day,0,0,0,0,0,0,1.75,0,1.32375,0,1,0,0,0,1,0,1,0,0,,,0,0,1,0,0,0,0,0,0,0,0,0,0,,Australia,AUS,Oceania,-27.468968,153.023499,177.0,2582007.0,25687041.0,4.9,99.0,171.7,37.9,34.3
Brisbane,9pPBmcKvFOc,Brisbane_9pPBmcKvFOc,749,True,2,3,0,0,0,,,0,1.185,1.022,0.0,0,0,0,0,0,0,0,0,0,0,0,0,0,0,0,0,0,rain,Day,0,0,0,0,0,0,1.9090909090909087,0,1.2090909090909092,0,1,0,0,0,1,0,1,0,0,,,0,0,1,0,0,0,0,0,0,0,0,0,0,,Australia,AUS,Oceania,-27.468968,153.023499,177.0,2582007.0,25687041.0,4.9,99.0,171.7,37.9,34.3
Brisbane,9pPBmcKvFOc,Brisbane_9pPBmcKvFOc,775,True,1,2,0,0,0,,,0,3.11,2.849,0.0,0,0,0,0,0,0,0,0,0,0,0,0,0,0,0,0,0,sunrise,Day,0,0,0,0,0,1,2.0,0,1.3849999999999998,0,1,0,0,0,0,0,1,0,0,,,0,0,1,0,0,0,0,0,0,0,0,0,0,,Australia,AUS,Oceania,-27.468968,153.023499,177.0,2582007.0,25687041.0,4.9,99.0,171.7,37.9,34.3
Brisbane,9pPBmcKvFOc,Brisbane_9pPBmcKvFOc,852,True,2,3,1,0,0,female,32.0,0,0.733,0.818,0.13,0,0,1,0,0,0,0,0,0,0,0,0,0,0,0,0,0,shine,Day,0,0,0,0,0,0,1.75,0,1.2341666666666666,0,1,0,0,0,1,0,0,0,0,,,0,0,1,0,0,0,0,0,0,0,0,0,0,,Australia,AUS,Oceania,-27.468968,153.023499,177.0,2582007.0,25687041.0,4.9,99.0,171.7,37.9,34.3
Brisbane,9pPBmcKvFOc,Brisbane_9pPBmcKvFOc,853,True,0,2,0,0,0,,,0,0.506,0.177,0.0,0,0,0,0,0,0,0,0,0,0,0,0,0,0,0,0,0,rain,Day,0,0,0,0,0,0,1.25,0,0.935,0,1,0,0,0,1,0,1,0,0,,,0,0,1,0,0,0,0,0,0,0,0,0,0,,Australia,AUS,Oceania,-27.468968,153.023499,177.0,2582007.0,25687041.0,4.9,99.0,171.7,37.9,34.3
Brisbane,9pPBmcKvFOc,Brisbane_9pPBmcKvFOc,855,True,3,2,0,0,0,male,34.0,0,1.535,1.436,0.0,0,0,0,0,0,0,0,0,0,0,0,0,0,0,0,0,0,rain,Day,0,0,0,0,0,0,1.25,0,0.935,0,1,0,0,0,1,0,1,0,0,,,0,0,1,0,0,0,0,0,0,0,0,0,0,,Australia,AUS,Oceania,-27.468968,153.023499,177.0,2582007.0,25687041.0,4.9,99.0,171.7,37.9,34.3
Brisbane,9pPBmcKvFOc,Brisbane_9pPBmcKvFOc,859,True,3,3,0,0,0,male,31.0,0,0.976,0.891,0.0,0,0,0,0,0,0,0,0,0,0,0,0,0,0,0,0,0,rain,Day,0,0,0,0,0,0,1.75,0,1.07,0,1,0,0,0,1,0,1,0,0,,,0,0,1,0,0,0,0,0,0,0,0,0,0,,Australia,AUS,Oceania,-27.468968,153.023499,177.0,2582007.0,25687041.0,4.9,99.0,171.7,37.9,34.3
Brisbane,9pPBmcKvFOc,Brisbane_9pPBmcKvFOc,895,True,2,3,1,0,0,female,36.0,0,1.096,1.153,0.0,0,0,0,0,0,0,0,0,0,0,0,0,0,0,0,0,0,shine,Day,0,0,0,0,0,0,1.631578947368421,0,1.2957894736842108,0,1,0,0,0,1,0,0,0,0,,,0,0,1,0,0,0,0,0,0,0,0,0,0,,Australia,AUS,Oceania,-27.468968,153.023499,177.0,2582007.0,25687041.0,4.9,99.0,171.7,37.9,34.3
Brisbane,9pPBmcKvFOc,Brisbane_9pPBmcKvFOc,912,True,1,3,1,0,0,male,32.0,0,1.398,1.392,0.0,0,0,0,0,0,0,0,0,0,0,0,0,0,0,0,0,0,shine,Day,0,0,0,0,0,0,1.6875,0,1.355,0,1,0,0,0,1,0,0,0,0,,,0,0,1,0,0,0,0,0,0,0,0,0,0,,Australia,AUS,Oceania,-27.468968,153.023499,177.0,2582007.0,25687041.0,4.9,99.0,171.7,37.9,34.3
Brisbane,9pPBmcKvFOc,Brisbane_9pPBmcKvFOc,943,True,2,2,1,0,0,male,43.0,0,1.133,1.12,0.0,0,0,0,0,0,0,0,0,0,0,0,0,0,0,0,0,0,shine,Day,0,0,0,0,0,0,1.5454545454545454,0,1.3963636363636365,0,1,0,0,0,1,0,0,0,0,,,0,0,1,0,0,0,0,0,0,0,0,0,0,,Australia,AUS,Oceania,-27.468968,153.023499,177.0,2582007.0,25687041.0,4.9,99.0,171.7,37.9,34.3
Brisbane,9pPBmcKvFOc,Brisbane_9pPBmcKvFOc,1009,True,2,2,1,0,0,female,34.0,0,1.459,1.597,0.0,0,0,0,0,0,0,0,0,0,0,0,0,0,0,0,0,0,shine,Day,0,0,0,0,0,0,1.5454545454545454,0,1.4172727272727272,0,1,0,0,0,1,0,0,0,0,,,0,0,1,0,0,0,0,0,0,0,0,0,0,,Australia,AUS,Oceania,-27.468968,153.023499,177.0,2582007.0,25687041.0,4.9,99.0,171.7,37.9,34.3
Brisbane,9pPBmcKvFOc,Brisbane_9pPBmcKvFOc,1064,True,1,1,1,0,0,,,0,1.404,1.711,0.0,0,0,0,0,0,0,0,0,0,0,0,0,0,0,0,0,0,shine,Day,0,0,0,0,0,0,2.25,0,1.3075,0,1,0,0,0,1,0,0,0,0,,,0,0,1,0,0,0,0,0,0,0,0,0,0,,Australia,AUS,Oceania,-27.468968,153.023499,177.0,2582007.0,25687041.0,4.9,99.0,171.7,37.9,34.3
Brisbane,9pPBmcKvFOc,Brisbane_9pPBmcKvFOc,1411,True,2,2,1,0,0,female,26.0,0,2.267,0.457,,0,0,0,0,0,0,0,0,0,0,0,0,0,0,0,0,0,shine,Day,0,0,0,0,0,0,1.6,0,0.628,0,1,0,0,0,0,0,1,0,0,,,0,0,1,0,0,0,0,0,0,0,0,0,0,,Australia,AUS,Oceania,-27.468968,153.023499,177.0,2582007.0,25687041.0,4.9,99.0,171.7,37.9,34.3
Brisbane,9pPBmcKvFOc,Brisbane_9pPBmcKvFOc,1414,True,2,2,1,0,0,,,0,1.245,0.239,0.0,0,0,0,0,0,0,0,0,0,0,0,0,0,0,0,0,0,shine,Day,0,0,0,0,0,0,1.5,0,0.875,0,1,0,0,0,0,0,0,0,0,,,0,0,1,0,0,0,0,0,0,0,0,0,0,,Australia,AUS,Oceania,-27.468968,153.023499,177.0,2582007.0,25687041.0,4.9,99.0,171.7,37.9,34.3
Brisbane,9pPBmcKvFOc,Brisbane_9pPBmcKvFOc,2099,True,0,0,1,1,0,,,0,1.099,0.374,0.0,0,0,0,0,0,0,0,0,0,0,0,0,0,0,0,0,0,rain,Day,0,0,0,0,0,0,1.5,0,2.0700000000000003,0,1,0,0,0,0,0,1,0,0,,,0,0,0,0,0,0,0,0,0,0,0,0,0,,Australia,AUS,Oceania,-27.468968,153.023499,177.0,2582007.0,25687041.0,4.9,99.0,171.7,37.9,34.3
Brisbane,9pPBmcKvFOc,Brisbane_9pPBmcKvFOc,2233,True,1,1,1,1,0,female,36.0,0,2.711,1.969,0.0,0,0,0,0,0,0,0,0,0,0,0,0,0,0,0,0,0,rain,Day,0,0,0,0,0,0,2.6666666666666665,0,1.88,0,1,0,0,0,0,0,1,0,0,,,0,1,1,1,0,0,0,1,0,0,0,0,0,,Australia,AUS,Oceania,-27.468968,153.023499,177.0,2582007.0,25687041.0,4.9,99.0,171.7,37.9,34.3
Brisbane,9pPBmcKvFOc,Brisbane_9pPBmcKvFOc,2629,True,0,1,0,0,0,female,34.0,0,1.25,1.366,0.0,0,0,1,0,0,1,0,0,0,0,1,0,0,0,0,0,0,shine,Day,0,0,0,0,0,0,1.0,0,1.14,0,1,0,0,0,0,0,1,0,0,,,0,0,1,0,0,1,0,0,0,0,0,0,0,,Australia,AUS,Oceania,-27.468968,153.023499,177.0,2582007.0,25687041.0,4.9,99.0,171.7,37.9,34.3
Brisbane,9pPBmcKvFOc,Brisbane_9pPBmcKvFOc,2642,True,1,2,0,0,0,male,36.0,1,1.219,1.282,0.0,0,0,0,0,0,1,0,1,0,0,0,1,0,0,0,0,0,shine,Day,0,0,0,0,0,0,1.0,0,1.1933333333333334,0,1,0,0,0,0,0,1,0,0,,,0,0,1,0,0,1,0,0,0,0,0,0,0,,Australia,AUS,Oceania,-27.468968,153.023499,177.0,2582007.0,25687041.0,4.9,99.0,171.7,37.9,34.3
Brisbane,9pPBmcKvFOc,Brisbane_9pPBmcKvFOc,2646,True,1,3,0,0,0,male,34.0,0,1.048,1.099,0.0,0,0,0,0,0,1,0,1,0,0,0,1,0,0,0,0,0,shine,Day,0,0,0,0,0,0,1.0,0,1.1933333333333334,0,1,0,0,0,0,0,1,0,0,,,0,0,1,0,0,1,0,0,0,0,0,0,0,,Australia,AUS,Oceania,-27.468968,153.023499,177.0,2582007.0,25687041.0,4.9,99.0,171.7,37.9,34.3
Brisbane,9pPBmcKvFOc,Brisbane_9pPBmcKvFOc,2661,True,3,3,0,0,0,male,43.0,0,1.37,1.289,0.0,0,0,1,1,0,1,0,1,0,0,0,0,0,0,0,1,0,shine,Day,0,0,0,0,0,0,0.7142857142857143,0,1.3342857142857143,0,1,0,0,0,0,0,0,0,0,,,0,0,1,0,0,1,0,0,0,0,0,0,0,,Australia,AUS,Oceania,-27.468968,153.023499,177.0,2582007.0,25687041.0,4.9,99.0,171.7,37.9,34.3
Brisbane,9pPBmcKvFOc,Brisbane_9pPBmcKvFOc,2669,True,2,3,0,0,0,male,32.0,1,1.163,1.249,0.0,0,0,0,0,0,0,0,0,0,0,0,0,0,0,0,0,0,rain,Day,0,0,0,0,0,0,0.6666666666666666,0,1.3866666666666667,0,1,0,0,0,0,0,0,0,0,,,0,0,1,0,0,1,0,0,0,0,0,0,0,,Australia,AUS,Oceania,-27.468968,153.023499,177.0,2582007.0,25687041.0,4.9,99.0,171.7,37.9,34.3
Brisbane,9pPBmcKvFOc,Brisbane_9pPBmcKvFOc,2708,True,2,3,0,0,0,male,34.0,0,1.234,1.3,0.0,0,0,0,0,0,0,0,1,0,0,1,0,1,0,0,0,0,shine,Day,0,0,0,0,0,0,0.6666666666666666,0,1.42,0,1,0,0,0,0,0,0,0,0,,,0,0,1,0,0,0,0,0,0,0,0,0,0,,Australia,AUS,Oceania,-27.468968,153.023499,177.0,2582007.0,25687041.0,4.9,99.0,171.7,37.9,34.3
Brisbane,9pPBmcKvFOc,Brisbane_9pPBmcKvFOc,2766,True,1,1,0,0,0,female,28.0,0,1.645,1.802,0.0,0,0,0,0,1,0,0,0,0,0,0,1,0,0,0,0,0,rain,Day,0,0,0,0,0,0,1.25,0,1.4475,0,1,0,0,0,0,1,1,0,0,,,0,0,0,0,0,0,0,1,0,0,0,0,0,,Australia,AUS,Oceania,-27.468968,153.023499,177.0,2582007.0,25687041.0,4.9,99.0,171.7,37.9,34.3
Brisbane,9pPBmcKvFOc,Brisbane_9pPBmcKvFOc,2767,True,1,1,0,0,0,male,39.0,0,1.484,1.638,0.0,0,0,0,0,1,1,0,0,0,0,0,0,0,0,0,0,0,rain,Day,0,0,0,0,0,0,1.0,0,1.3299999999999998,0,1,0,0,0,0,0,1,0,0,,,0,0,0,0,0,0,0,1,0,0,0,0,0,,Australia,AUS,Oceania,-27.468968,153.023499,177.0,2582007.0,25687041.0,4.9,99.0,171.7,37.9,34.3
Brisbane,9pPBmcKvFOc,Brisbane_9pPBmcKvFOc,3166,True,1,1,0,0,0,male,28.0,0,1.667,1.982,0.0,0,0,1,0,0,1,0,0,0,0,0,1,0,0,0,0,0,rain,Day,0,0,0,0,0,0,2.0,0,1.8666666666666665,0,1,0,0,0,0,0,1,0,0,,,0,0,1,0,0,0,0,0,0,0,0,0,0,,Australia,AUS,Oceania,-27.468968,153.023499,177.0,2582007.0,25687041.0,4.9,99.0,171.7,37.9,34.3
Brisbane,9pPBmcKvFOc,Brisbane_9pPBmcKvFOc,3207,True,0,1,0,0,0,male,28.0,0,1.431,1.732,0.0,0,0,1,0,0,1,0,0,0,0,0,1,0,0,0,0,0,sunrise,Day,0,0,0,0,0,0,2.2,0,1.99,0,1,0,0,0,0,0,1,0,0,,,0,0,1,0,0,0,0,0,0,0,0,0,0,,Australia,AUS,Oceania,-27.468968,153.023499,177.0,2582007.0,25687041.0,4.9,99.0,171.7,37.9,34.3
Brisbane,9pPBmcKvFOc,Brisbane_9pPBmcKvFOc,3230,True,1,1,0,0,0,,,0,0.92,1.329,0.0,0,0,0,0,0,0,0,0,0,0,0,0,0,0,0,0,0,shine,Day,0,0,0,0,1,0,2.7142857142857144,0,1.88,0,1,0,0,0,0,0,1,0,0,,,0,0,1,0,0,0,0,1,0,0,0,0,0,,Australia,AUS,Oceania,-27.468968,153.023499,177.0,2582007.0,25687041.0,4.9,99.0,171.7,37.9,34.3
Brisbane,9pPBmcKvFOc,Brisbane_9pPBmcKvFOc,3368,True,4,3,1,0,0,male,30.0,0,0.079,0.01,3.0,0,0,0,0,0,0,0,0,0,0,0,0,0,0,0,0,0,shine,Day,0,0,0,0,1,0,1.6,0,1.426,0,1,0,0,0,0,0,1,0,0,,,0,0,0,0,0,0,0,1,0,0,0,0,0,,Australia,AUS,Oceania,-27.468968,153.023499,177.0,2582007.0,25687041.0,4.9,99.0,171.7,37.9,34.3
Brisbane,9pPBmcKvFOc,Brisbane_9pPBmcKvFOc,3540,True,0,0,1,0,0,male,31.0,0,4.001,3.337,0.0,0,0,0,0,0,0,0,0,0,0,0,0,0,0,0,0,0,sunrise,Day,0,0,0,0,0,0,1.3333333333333333,0,1.4599999999999995,0,1,0,0,0,0,0,1,0,0,,,0,0,0,0,0,0,0,1,0,0,0,0,0,,Australia,AUS,Oceania,-27.468968,153.023499,177.0,2582007.0,25687041.0,4.9,99.0,171.7,37.9,34.3
Brisbane,9pPBmcKvFOc,Brisbane_9pPBmcKvFOc,3709,True,0,0,1,0,0,,,0,2.114,1.499,0.0,0,0,0,0,0,0,0,0,0,0,0,0,0,0,0,0,0,shine,Day,0,0,0,0,1,0,0.5,0,1.8875,0,1,0,0,0,0,0,1,0,0,,,0,0,0,0,0,0,0,0,0,0,0,0,0,,Australia,AUS,Oceania,-27.468968,153.023499,177.0,2582007.0,25687041.0,4.9,99.0,171.7,37.9,34.3
Brisbane,9pPBmcKvFOc,Brisbane_9pPBmcKvFOc,3884,True,1,2,1,1,0,male,43.0,0,1.087,0.814,0.0,0,0,0,0,0,0,0,0,0,0,0,0,0,0,0,0,0,sunrise,Day,0,0,0,0,0,0,2.5,0,2.16,0,1,0,0,0,0,0,1,0,0,,,0,0,0,0,0,0,0,1,0,0,0,0,0,,Australia,AUS,Oceania,-27.468968,153.023499,177.0,2582007.0,25687041.0,4.9,99.0,171.7,37.9,34.3
Brisbane,9pPBmcKvFOc,Brisbane_9pPBmcKvFOc,3935,True,6,5,0,0,0,male,30.0,0,1.014,1.238,0.0,0,0,0,0,0,0,0,1,0,0,0,1,0,0,0,0,0,rain,Day,0,0,0,0,0,0,2.5,0,1.905,0,1,0,0,0,0,0,1,0,0,,,0,0,0,0,0,0,0,0,0,0,0,0,0,,Australia,AUS,Oceania,-27.468968,153.023499,177.0,2582007.0,25687041.0,4.9,99.0,171.7,37.9,34.3
Brisbane,9pPBmcKvFOc,Brisbane_9pPBmcKvFOc,4013,True,1,2,0,0,0,,,1,0.566,0.578,0.0,0,0,0,0,0,1,0,0,0,0,1,0,1,0,0,0,0,rain,Day,0,0,0,0,0,0,2.75,0,1.9925,0,1,0,0,0,0,0,1,0,0,,,0,1,0,0,0,0,0,1,0,0,0,0,0,,Australia,AUS,Oceania,-27.468968,153.023499,177.0,2582007.0,25687041.0,4.9,99.0,171.7,37.9,34.3
Brisbane,9pPBmcKvFOc,Brisbane_9pPBmcKvFOc,4344,True,3,3,1,0,0,,,0,2.622,1.72,0.0,0,0,0,0,0,0,0,0,0,0,0,0,0,0,0,0,0,sunrise,Day,0,0,0,0,1,0,3.5,0,2.055,0,1,0,0,0,0,0,1,0,0,,,0,0,0,0,0,0,0,1,0,0,0,0,0,,Australia,AUS,Oceania,-27.468968,153.023499,177.0,2582007.0,25687041.0,4.9,99.0,171.7,37.9,34.3
Brisbane,9pPBmcKvFOc,Brisbane_9pPBmcKvFOc,4626,True,2,4,0,0,0,,,0,1.685,1.462,0.0,0,0,0,0,0,0,0,0,0,0,0,0,0,0,0,0,0,rain,Day,0,0,0,0,1,0,2.0,0,2.033333333333333,0,1,0,0,0,0,0,1,0,0,,,0,0,1,0,0,1,0,0,0,0,0,0,0,,Australia,AUS,Oceania,-27.468968,153.023499,177.0,2582007.0,25687041.0,4.9,99.0,171.7,37.9,34.3
Brisbane,9pPBmcKvFOc,Brisbane_9pPBmcKvFOc,4667,True,3,2,0,0,0,male,44.0,0,1.392,1.391,0.0,0,0,0,0,0,0,0,0,0,0,0,0,0,0,0,0,0,rain,Day,0,0,0,0,1,0,1.6666666666666667,0,2.026666666666667,0,1,0,0,0,0,0,1,0,0,,,0,0,1,0,0,1,0,0,0,0,0,0,0,,Australia,AUS,Oceania,-27.468968,153.023499,177.0,2582007.0,25687041.0,4.9,99.0,171.7,37.9,34.3
Brisbane,9pPBmcKvFOc,Brisbane_9pPBmcKvFOc,4681,True,5,4,0,0,0,male,34.0,0,1.335,1.381,0.0,0,0,0,0,0,0,0,0,0,0,0,0,0,0,0,0,0,rain,Day,0,0,0,0,1,0,1.8,0,2.034,0,1,0,0,0,0,0,1,0,0,,,0,0,1,0,0,1,0,0,0,0,0,0,0,,Australia,AUS,Oceania,-27.468968,153.023499,177.0,2582007.0,25687041.0,4.9,99.0,171.7,37.9,34.3
Brisbane,9pPBmcKvFOc,Brisbane_9pPBmcKvFOc,4701,True,1,1,0,0,0,male,35.0,0,1.36,,0.0,0,0,0,0,0,0,0,0,0,0,0,0,0,0,0,0,0,rain,Day,0,0,0,0,1,0,2.0,0,2.04,0,1,0,0,0,0,0,1,0,0,,,0,0,1,0,0,0,0,0,0,0,0,0,0,,Australia,AUS,Oceania,-27.468968,153.023499,177.0,2582007.0,25687041.0,4.9,99.0,171.7,37.9,34.3
Brisbane,9pPBmcKvFOc,Brisbane_9pPBmcKvFOc,4786,True,3,3,0,0,0,female,28.0,0,1.241,1.219,0.0,0,0,0,0,0,0,0,0,0,0,0,0,0,0,0,0,0,rain,Day,0,0,0,0,1,0,2.0,0,2.02,0,1,0,0,0,0,0,1,0,0,,,0,0,1,0,0,1,0,0,0,0,0,0,0,,Australia,AUS,Oceania,-27.468968,153.023499,177.0,2582007.0,25687041.0,4.9,99.0,171.7,37.9,34.3
Brisbane,9pPBmcKvFOc,Brisbane_9pPBmcKvFOc,4833,True,0,0,0,0,0,male,28.0,0,2.242,1.854,0.0,0,0,0,0,0,0,0,0,0,0,0,0,0,0,0,0,0,rain,Day,0,0,0,0,0,0,2.0,0,2.0,0,1,0,0,0,0,0,1,0,0,,,0,0,1,0,0,1,0,0,0,0,0,0,0,,Australia,AUS,Oceania,-27.468968,153.023499,177.0,2582007.0,25687041.0,4.9,99.0,171.7,37.9,34.3
Brisbane,9pPBmcKvFOc,Brisbane_9pPBmcKvFOc,4902,True,1,1,0,0,0,male,26.0,0,2.846,2.282,0.0,0,0,0,0,0,0,0,0,0,0,0,0,0,0,0,0,0,rain,Day,0,0,0,0,1,0,3.75,0,2.055,0,1,0,0,0,0,0,1,0,0,,,0,0,1,0,0,0,0,0,0,0,0,0,0,,Australia,AUS,Oceania,-27.468968,153.023499,177.0,2582007.0,25687041.0,4.9,99.0,171.7,37.9,34.3
Brisbane,9pPBmcKvFOc,Brisbane_9pPBmcKvFOc,5747,True,1,1,1,0,0,,,0,2.089,1.191,0.0,0,0,0,0,0,0,0,0,0,0,0,0,0,0,0,0,0,rain,Day,0,0,0,0,0,0,2.0,0,1.9066666666666665,0,1,0,0,0,0,1,1,0,0,,,0,0,0,0,0,0,0,0,0,0,0,0,0,,Australia,AUS,Oceania,-27.468968,153.023499,177.0,2582007.0,25687041.0,4.9,99.0,171.7,37.9,34.3
Brisbane,9pPBmcKvFOc,Brisbane_9pPBmcKvFOc,6130,True,0,0,1,1,0,,,0,1.236,1.13,0.0,0,0,0,0,0,0,0,0,0,0,0,0,0,0,0,0,0,sunrise,Day,0,0,0,0,0,0,2.6666666666666665,0,1.6133333333333333,0,1,0,0,0,0,0,1,0,0,,,0,0,1,1,0,0,0,0,0,0,0,0,0,,Australia,AUS,Oceania,-27.468968,153.023499,177.0,2582007.0,25687041.0,4.9,99.0,171.7,37.9,34.3
Brisbane,9pPBmcKvFOc,Brisbane_9pPBmcKvFOc,6168,True,1,1,0,0,0,female,29.0,0,1.224,1.22,,0,0,0,0,0,0,0,0,0,0,0,0,0,0,0,0,0,rain,Day,0,0,0,0,0,0,1.6666666666666667,0,1.9,0,1,0,0,0,0,0,1,0,0,,,0,0,0,0,0,0,0,0,0,0,0,0,0,,Australia,AUS,Oceania,-27.468968,153.023499,177.0,2582007.0,25687041.0,4.9,99.0,171.7,37.9,34.3
Brisbane,9pPBmcKvFOc,Brisbane_9pPBmcKvFOc,6173,True,0,0,0,0,0,female,27.0,1,1.312,1.304,0.0,0,0,1,0,0,1,0,0,0,0,0,1,0,0,0,0,0,rain,Day,0,0,0,0,0,0,1.6666666666666667,0,2.026666666666667,0,1,0,0,0,0,0,1,0,0,,,0,0,0,0,0,0,0,0,0,0,0,0,0,,Australia,AUS,Oceania,-27.468968,153.023499,177.0,2582007.0,25687041.0,4.9,99.0,171.7,37.9,34.3
Brisbane,9pPBmcKvFOc,Brisbane_9pPBmcKvFOc,6246,True,0,1,1,0,0,,,0,1.248,1.85,0.0,0,0,0,0,1,0,0,0,0,0,1,0,0,0,0,0,0,sunrise,Day,0,0,0,0,0,0,1.1428571428571428,0,1.7799999999999998,0,1,0,0,0,0,0,1,0,0,,,0,0,0,0,0,0,0,0,0,0,0,0,0,,Australia,AUS,Oceania,-27.468968,153.023499,177.0,2582007.0,25687041.0,4.9,99.0,171.7,37.9,34.3
Brisbane,9pPBmcKvFOc,Brisbane_9pPBmcKvFOc,6445,True,0,0,1,0,0,,,0,2.157,2.557,0.0,0,0,0,0,0,0,0,0,0,0,0,0,0,0,0,0,0,rain,Day,0,0,0,0,0,0,4.5,0,1.84,0,1,0,0,0,0,0,1,0,0,,,0,1,1,0,0,0,0,1,0,0,0,0,0,,Australia,AUS,Oceania,-27.468968,153.023499,177.0,2582007.0,25687041.0,4.9,99.0,171.7,37.9,34.3
Brisbane,9pPBmcKvFOc,Brisbane_9pPBmcKvFOc,6456,True,0,0,1,1,0,,,0,1.53,1.962,0.0,0,0,0,0,0,0,0,0,0,0,0,0,0,0,0,0,0,rain,Day,0,0,0,0,0,0,3.5,0,2.135,0,1,0,0,0,0,0,1,0,0,,,0,0,1,0,0,0,0,0,0,1,0,0,0,,Australia,AUS,Oceania,-27.468968,153.023499,177.0,2582007.0,25687041.0,4.9,99.0,171.7,37.9,34.3
Brisbane,9pPBmcKvFOc,Brisbane_9pPBmcKvFOc,6580,True,0,1,1,0,0,male,29.0,0,1.738,2.517,0.0,0,0,0,0,0,0,0,0,0,0,0,0,0,0,0,0,0,shine,Day,0,0,0,0,0,0,2.0,0,2.0575,0,1,0,0,0,0,0,1,0,0,,,0,0,0,0,0,0,0,0,0,0,0,0,0,,Australia,AUS,Oceania,-27.468968,153.023499,177.0,2582007.0,25687041.0,4.9,99.0,171.7,37.9,34.3
Brisbane,9pPBmcKvFOc,Brisbane_9pPBmcKvFOc,6583,True,1,1,1,0,0,female,41.0,0,1.509,1.711,0.0,0,0,0,0,0,0,0,0,0,0,0,0,0,0,0,0,0,shine,Day,0,0,0,0,0,0,2.0,0,2.0866666666666664,0,1,0,0,0,0,0,1,0,0,,,0,0,0,0,0,0,0,0,0,0,0,0,0,,Australia,AUS,Oceania,-27.468968,153.023499,177.0,2582007.0,25687041.0,4.9,99.0,171.7,37.9,34.3
Brisbane,9pPBmcKvFOc,Brisbane_9pPBmcKvFOc,6772,True,0,0,1,1,0,female,44.0,0,0.947,0.499,0.0,0,0,0,0,0,0,0,0,0,0,0,0,0,0,0,0,0,shine,Day,0,0,0,0,0,0,0.5,1,1.63,0,1,0,0,0,0,0,0,0,0,,,0,0,0,0,0,0,0,1,0,0,0,0,0,,Australia,AUS,Oceania,-27.468968,153.023499,177.0,2582007.0,25687041.0,4.9,99.0,171.7,37.9,34.3
Brisbane,9pPBmcKvFOc,Brisbane_9pPBmcKvFOc,7685,True,1,1,1,0,0,female,30.0,0,1.771,0.932,0.0,0,0,0,1,1,1,0,0,0,0,1,0,0,0,0,0,0,rain,Day,0,0,0,0,0,0,2.5,0,2.155,0,0,0,0,0,0,0,1,0,0,,,0,0,0,0,0,0,0,0,0,0,0,0,0,,Australia,AUS,Oceania,-27.468968,153.023499,177.0,2582007.0,25687041.0,4.9,99.0,171.7,37.9,34.3
Brisbane,9pPBmcKvFOc,Brisbane_9pPBmcKvFOc,7696,True,1,1,1,0,0,male,34.0,0,1.585,0.818,0.0,0,0,0,0,1,0,0,0,0,0,1,0,0,0,0,0,0,rain,Day,0,0,0,0,0,0,2.5,0,2.155,0,0,0,0,0,0,0,1,0,0,,,0,0,0,0,0,0,0,0,0,0,0,0,0,,Australia,AUS,Oceania,-27.468968,153.023499,177.0,2582007.0,25687041.0,4.9,99.0,171.7,37.9,34.3
Brisbane,9pPBmcKvFOc,Brisbane_9pPBmcKvFOc,7753,True,0,1,1,1,0,,,0,1.486,0.908,,0,0,0,0,0,0,0,0,0,0,0,0,0,0,0,0,0,shine,Day,0,0,0,0,0,0,5.0,0,1.646,0,1,0,0,0,0,0,1,0,0,,,0,0,0,0,0,0,0,1,0,0,0,0,0,,Australia,AUS,Oceania,-27.468968,153.023499,177.0,2582007.0,25687041.0,4.9,99.0,171.7,37.9,34.3
Brisbane,9pPBmcKvFOc,Brisbane_9pPBmcKvFOc,8336,True,1,2,0,0,0,female,30.0,0,0.977,1.442,0.0,0,0,0,0,0,1,0,0,0,0,0,1,0,0,0,0,0,shine,Day,0,0,0,0,0,0,1.6666666666666667,0,2.0500000000000003,0,1,0,0,0,0,0,1,0,0,,,0,0,1,0,0,0,0,0,0,0,0,0,0,,Australia,AUS,Oceania,-27.468968,153.023499,177.0,2582007.0,25687041.0,4.9,99.0,171.7,37.9,34.3
Brisbane,9pPBmcKvFOc,Brisbane_9pPBmcKvFOc,8379,True,1,1,0,0,0,male,32.0,0,0.828,0.215,0.0,0,0,0,0,0,0,0,0,0,0,0,1,0,0,0,0,0,shine,Day,0,0,0,0,0,0,2.1666666666666665,0,2.086666666666667,0,1,0,0,0,0,0,1,0,0,,,0,0,1,0,0,0,0,0,0,0,0,0,0,,Australia,AUS,Oceania,-27.468968,153.023499,177.0,2582007.0,25687041.0,4.9,99.0,171.7,37.9,34.3
Brisbane,9pPBmcKvFOc,Brisbane_9pPBmcKvFOc,8402,True,1,3,0,0,0,female,28.0,0,0.877,1.333,0.0,0,0,0,0,0,0,0,0,0,0,0,1,0,0,0,0,0,shine,Day,0,0,0,0,0,0,1.4,0,2.022,0,1,0,0,0,0,0,1,0,0,,,0,0,1,0,0,0,0,0,0,0,0,0,0,,Australia,AUS,Oceania,-27.468968,153.023499,177.0,2582007.0,25687041.0,4.9,99.0,171.7,37.9,34.3
Brisbane,9pPBmcKvFOc,Brisbane_9pPBmcKvFOc,8463,True,5,4,0,0,0,female,35.0,0,1.422,1.554,0.0,0,0,0,0,0,0,0,0,0,0,0,0,0,0,0,0,0,shine,Day,0,0,0,0,0,0,1.75,0,2.06,0,1,0,0,0,0,0,1,0,0,,,0,0,1,0,0,0,0,0,0,0,0,0,0,,Australia,AUS,Oceania,-27.468968,153.023499,177.0,2582007.0,25687041.0,4.9,99.0,171.7,37.9,34.3
Brisbane,9pPBmcKvFOc,Brisbane_9pPBmcKvFOc,8473,True,5,4,0,0,0,male,34.0,0,1.347,1.516,0.0,0,0,0,0,0,0,0,0,0,0,0,0,0,0,0,0,0,shine,Day,0,0,0,0,0,0,1.6666666666666667,0,2.0683333333333334,0,1,0,0,0,0,0,1,0,0,,,0,0,1,0,0,0,0,0,0,0,0,0,0,,Australia,AUS,Oceania,-27.468968,153.023499,177.0,2582007.0,25687041.0,4.9,99.0,171.7,37.9,34.3
Brisbane,9pPBmcKvFOc,Brisbane_9pPBmcKvFOc,8487,True,5,4,0,0,0,female,30.0,0,1.25,1.118,0.0,0,0,0,0,0,0,0,0,0,0,0,1,0,0,0,0,0,shine,Day,0,0,0,0,0,0,1.7142857142857142,0,2.01,0,1,0,0,0,0,0,1,0,0,,,0,0,1,0,0,0,0,1,0,0,0,0,0,,Australia,AUS,Oceania,-27.468968,153.023499,177.0,2582007.0,25687041.0,4.9,99.0,171.7,37.9,34.3
Brisbane,9pPBmcKvFOc,Brisbane_9pPBmcKvFOc,8491,True,5,4,0,0,0,female,35.0,1,0.904,1.334,0.0,1,0,0,0,0,1,0,0,0,0,0,1,0,0,0,0,0,shine,Day,0,0,0,0,0,0,1.6,0,2.068,0,1,0,0,0,0,0,1,0,0,,,0,0,1,0,0,0,0,0,0,0,0,0,0,,Australia,AUS,Oceania,-27.468968,153.023499,177.0,2582007.0,25687041.0,4.9,99.0,171.7,37.9,34.3
Brisbane,9pPBmcKvFOc,Brisbane_9pPBmcKvFOc,8498,True,3,4,0,0,0,male,35.0,0,1.074,1.422,0.0,0,0,0,0,1,0,0,0,0,0,1,1,0,0,0,0,0,shine,Day,0,0,0,0,0,0,1.6666666666666667,0,2.0,0,1,0,0,0,0,0,1,0,0,,,0,0,1,0,0,0,0,1,0,0,0,0,0,,Australia,AUS,Oceania,-27.468968,153.023499,177.0,2582007.0,25687041.0,4.9,99.0,171.7,37.9,34.3
Brisbane,9pPBmcKvFOc,Brisbane_9pPBmcKvFOc,9360,True,0,1,0,0,0,,,0,2.497,2.273,0.0,0,0,0,0,0,0,0,0,0,0,0,0,0,0,0,0,0,rain,Day,0,0,0,0,0,0,1.6666666666666667,0,1.4783333333333333,0,1,0,0,0,0,0,1,0,0,,,0,0,1,0,0,0,0,0,0,0,0,0,0,,Australia,AUS,Oceania,-27.468968,153.023499,177.0,2582007.0,25687041.0,4.9,99.0,171.7,37.9,34.3
Brisbane,9pPBmcKvFOc,Brisbane_9pPBmcKvFOc,9365,True,1,2,0,0,0,,,0,1.3,1.071,0.0,0,0,0,0,0,0,0,0,0,0,0,0,0,0,0,0,0,rain,Day,0,0,0,0,0,0,1.875,0,1.47375,0,1,0,0,0,0,0,1,0,0,,,0,0,1,0,0,0,0,1,0,1,0,0,0,,Australia,AUS,Oceania,-27.468968,153.023499,177.0,2582007.0,25687041.0,4.9,99.0,171.7,37.9,34.3
Brisbane,9pPBmcKvFOc,Brisbane_9pPBmcKvFOc,9447,True,1,1,1,1,0,,,0,0.928,0.775,0.0,0,0,0,0,0,0,0,0,0,0,0,0,0,0,0,0,0,shine,Day,0,0,0,0,0,0,0.3333333333333333,0,1.4799999999999998,0,1,0,0,0,0,0,0,0,0,,,0,0,1,0,0,0,0,0,0,0,0,0,0,,Australia,AUS,Oceania,-27.468968,153.023499,177.0,2582007.0,25687041.0,4.9,99.0,171.7,37.9,34.3
Brisbane,9pPBmcKvFOc,Brisbane_9pPBmcKvFOc,9490,True,0,0,1,0,0,,,0,0.67,,0.0,0,0,0,0,0,0,0,0,0,0,0,0,0,0,0,0,0,shine,Day,0,0,0,0,0,0,0.0,0,0.91,0,1,0,0,0,0,0,0,0,0,,,0,0,0,0,0,0,0,0,0,0,0,0,0,,Australia,AUS,Oceania,-27.468968,153.023499,177.0,2582007.0,25687041.0,4.9,99.0,171.7,37.9,34.3
Brisbane,9pPBmcKvFOc,Brisbane_9pPBmcKvFOc,9556,True,0,2,0,0,0,female,35.0,0,1.313,1.478,0.0,0,0,0,0,0,0,0,0,0,0,0,0,0,0,0,0,0,rain,Day,0,0,0,0,0,0,2.2,0,1.896,0,1,0,0,0,0,1,1,0,0,,,0,0,1,0,0,0,0,0,0,0,0,0,0,,Australia,AUS,Oceania,-27.468968,153.023499,177.0,2582007.0,25687041.0,4.9,99.0,171.7,37.9,34.3
Brisbane,9pPBmcKvFOc,Brisbane_9pPBmcKvFOc,9566,True,0,1,0,0,0,male,31.0,0,1.161,1.422,0.0,0,0,0,0,0,1,0,0,0,0,0,1,0,0,0,0,0,rain,Day,0,0,0,0,0,0,2.0,0,1.892,0,1,0,0,0,0,1,1,0,0,,,0,0,1,0,0,0,0,0,0,0,0,0,0,,Australia,AUS,Oceania,-27.468968,153.023499,177.0,2582007.0,25687041.0,4.9,99.0,171.7,37.9,34.3
Brisbane,9pPBmcKvFOc,Brisbane_9pPBmcKvFOc,9586,True,1,2,0,0,0,,,0,1.503,1.491,0.0,0,0,0,0,0,0,0,0,0,0,0,0,0,0,0,0,0,rain,Day,0,0,0,0,0,0,2.0,0,1.913333333333333,0,1,0,0,0,0,1,1,0,0,,,0,0,1,0,0,0,0,0,0,0,0,0,0,,Australia,AUS,Oceania,-27.468968,153.023499,177.0,2582007.0,25687041.0,4.9,99.0,171.7,37.9,34.3
Brisbane,9pPBmcKvFOc,Brisbane_9pPBmcKvFOc,10269,True,1,1,0,0,0,,,0,1.062,0.244,0.0,0,0,0,0,0,0,0,0,0,0,0,1,0,0,0,0,0,rain,Day,0,0,0,0,1,0,6.75,0,1.82,0,1,0,0,0,0,0,1,0,0,,,0,0,1,0,0,0,0,1,0,0,0,0,0,,Australia,AUS,Oceania,-27.468968,153.023499,177.0,2582007.0,25687041.0,4.9,99.0,171.7,37.9,34.3
Brisbane,9pPBmcKvFOc,Brisbane_9pPBmcKvFOc,10272,True,1,1,0,0,0,female,58.0,0,1.455,0.602,0.0,0,0,0,0,1,0,0,0,0,0,0,1,0,0,0,0,0,rain,Day,0,0,0,0,1,0,7.333333333333333,0,1.8233333333333333,0,1,0,0,0,0,0,1,0,0,,,0,0,1,0,0,0,0,1,0,0,0,0,0,,Australia,AUS,Oceania,-27.468968,153.023499,177.0,2582007.0,25687041.0,4.9,99.0,171.7,37.9,34.3
Chicago,XzwI2rGmf04,Chicago_XzwI2rGmf04,51,True,0,0,1,0,0,,,0,2.984,2.22,0.0,0,0,0,0,0,0,0,0,0,0,0,0,0,0,0,0,0,rain,Evening,0,0,0,0,0,0,0.1666666666666666,0,1.515,0,1,0,0,0,0,0,1,0,0,,,0,0,0,0,0,0,0,0,0,0,0,0,0,IL,United States,USA,North America,41.8755616,-87.6244212,832.899,2696555.0,329484123.0,12.7,86.0,170.1,38.5,41.3
Chicago,XzwI2rGmf04,Chicago_XzwI2rGmf04,549,True,0,1,1,0,0,male,35.0,0,4.773,4.397,0.0,0,0,0,0,0,0,0,0,0,0,0,0,0,0,0,0,0,shine,Day,0,0,0,0,0,0,3.0,0,1.6225,0,1,0,0,0,0,0,1,0,0,,,0,0,0,0,0,0,0,1,0,0,0,0,0,IL,United States,USA,North America,41.8755616,-87.6244212,832.899,2696555.0,329484123.0,12.7,86.0,170.1,38.5,41.3
Chicago,XzwI2rGmf04,Chicago_XzwI2rGmf04,563,True,1,1,1,0,0,male,42.0,0,0.95,0.275,0.07,0,0,1,0,0,0,0,0,0,0,0,0,0,0,0,0,0,rain,Day,0,0,0,0,0,0,8.0,0,2.01,0,0,0,0,0,0,0,1,0,0,,,0,1,0,1,0,0,0,1,0,0,0,0,0,IL,United States,USA,North America,41.8755616,-87.6244212,832.899,2696555.0,329484123.0,12.7,86.0,170.1,38.5,41.3
Chicago,XzwI2rGmf04,Chicago_XzwI2rGmf04,1556,True,0,1,0,0,0,female,40.0,0,0.976,1.756,,0,0,0,0,0,0,0,0,0,0,0,0,0,0,0,0,0,shine,Day,0,0,0,0,1,0,1.0,0,1.5733333333333333,0,0,0,0,0,0,0,1,0,0,,,0,0,1,0,0,0,0,0,0,0,0,0,0,IL,United States,USA,North America,41.8755616,-87.6244212,832.899,2696555.0,329484123.0,12.7,86.0,170.1,38.5,41.3
Chicago,XzwI2rGmf04,Chicago_XzwI2rGmf04,1640,True,0,0,0,0,0,male,30.0,0,2.655,2.02,0.0,0,0,0,0,0,0,0,0,0,0,0,0,0,0,0,0,0,cloudy,Day,0,0,0,0,0,0,5.2,0,1.926,0,0,0,0,0,0,0,1,0,0,,,0,0,1,0,0,0,0,1,0,0,0,0,0,IL,United States,USA,North America,41.8755616,-87.6244212,832.899,2696555.0,329484123.0,12.7,86.0,170.1,38.5,41.3
Chicago,XzwI2rGmf04,Chicago_XzwI2rGmf04,1650,True,1,1,0,0,0,male,34.0,0,2.884,3.132,0.0,0,0,0,0,0,0,0,0,0,0,0,1,0,0,0,0,0,cloudy,Day,0,0,0,0,0,0,6.333333333333333,0,2.1066666666666665,0,0,0,0,0,0,0,1,0,0,,,0,0,1,0,0,0,0,1,0,0,0,0,0,IL,United States,USA,North America,41.8755616,-87.6244212,832.899,2696555.0,329484123.0,12.7,86.0,170.1,38.5,41.3
Chicago,XzwI2rGmf04,Chicago_XzwI2rGmf04,1656,True,1,1,0,0,0,male,34.0,0,3.237,3.201,0.0,0,0,0,0,0,0,0,0,0,0,0,0,0,0,0,0,0,cloudy,Day,0,0,0,0,0,0,6.333333333333333,0,2.1066666666666665,0,0,0,0,0,0,0,1,0,0,,,0,0,1,0,0,0,0,1,0,0,0,0,0,IL,United States,USA,North America,41.8755616,-87.6244212,832.899,2696555.0,329484123.0,12.7,86.0,170.1,38.5,41.3
Chicago,XzwI2rGmf04,Chicago_XzwI2rGmf04,1662,True,0,1,0,0,0,female,32.0,0,2.725,2.83,0.0,0,0,0,0,1,1,0,0,0,0,0,1,0,0,0,0,0,shine,Day,0,0,0,0,0,0,3.5,0,1.47,0,1,0,0,0,0,0,1,0,0,,,0,0,0,0,0,0,0,0,0,0,0,0,0,IL,United States,USA,North America,41.8755616,-87.6244212,832.899,2696555.0,329484123.0,12.7,86.0,170.1,38.5,41.3
Chicago,XzwI2rGmf04,Chicago_XzwI2rGmf04,1664,True,0,1,0,0,0,male,50.0,0,3.669,3.77,,0,0,0,0,1,1,0,0,0,0,0,1,0,0,0,0,0,shine,Day,0,0,0,0,0,0,4.75,0,1.1725,0,1,0,0,0,0,0,1,0,0,,,0,0,0,0,0,0,0,1,0,0,0,0,0,IL,United States,USA,North America,41.8755616,-87.6244212,832.899,2696555.0,329484123.0,12.7,86.0,170.1,38.5,41.3
Chicago,XzwI2rGmf04,Chicago_XzwI2rGmf04,1666,True,0,0,0,0,0,male,46.0,0,3.779,3.882,0.0,0,0,0,0,1,0,0,0,0,0,1,0,0,1,0,0,0,shine,Day,0,0,0,0,0,0,4.666666666666667,0,1.0033333333333332,0,0,0,0,0,0,0,1,0,0,,,0,0,0,0,0,1,0,0,0,0,0,0,0,IL,United States,USA,North America,41.8755616,-87.6244212,832.899,2696555.0,329484123.0,12.7,86.0,170.1,38.5,41.3
Chicago,XzwI2rGmf04,Chicago_XzwI2rGmf04,1673,True,0,0,0,0,0,male,34.0,0,5.28,5.341,0.0,0,0,0,0,0,0,0,0,0,0,0,0,0,0,0,0,0,shine,Day,0,0,0,0,0,0,4.666666666666667,0,1.6966666666666663,0,1,0,0,0,0,0,1,0,0,,,0,0,1,0,0,1,0,0,0,0,0,0,0,IL,United States,USA,North America,41.8755616,-87.6244212,832.899,2696555.0,329484123.0,12.7,86.0,170.1,38.5,41.3
Chicago,XzwI2rGmf04,Chicago_XzwI2rGmf04,1746,True,1,1,0,0,0,male,32.0,0,1.041,,0.0,0,0,0,0,0,0,0,0,0,0,0,0,0,0,0,0,0,shine,Day,0,0,0,0,0,0,1.0,0,2.25,0,1,0,0,0,0,0,0,0,0,,,0,0,1,0,0,0,0,0,0,0,0,0,0,IL,United States,USA,North America,41.8755616,-87.6244212,832.899,2696555.0,329484123.0,12.7,86.0,170.1,38.5,41.3
Chicago,XzwI2rGmf04,Chicago_XzwI2rGmf04,1750,True,1,1,0,0,0,female,31.0,0,0.925,1.344,0.0,0,0,0,0,1,1,0,0,0,0,1,0,0,0,0,0,0,shine,Day,0,0,0,0,0,0,0.5,0,2.015,0,1,0,0,0,0,0,0,0,0,,,0,0,1,0,0,0,0,0,0,0,0,0,0,IL,United States,USA,North America,41.8755616,-87.6244212,832.899,2696555.0,329484123.0,12.7,86.0,170.1,38.5,41.3
Chicago,XzwI2rGmf04,Chicago_XzwI2rGmf04,1899,True,0,0,1,1,0,,,0,1.701,0.78,0.0,0,0,0,0,0,1,0,0,0,0,0,0,0,0,0,0,0,shine,Evening,0,0,0,0,0,0,6.0,0,2.39,0,1,0,0,0,0,0,1,0,0,,,0,0,1,0,0,1,0,1,0,0,0,0,0,IL,United States,USA,North America,41.8755616,-87.6244212,832.899,2696555.0,329484123.0,12.7,86.0,170.1,38.5,41.3
Chicago,XzwI2rGmf04,Chicago_XzwI2rGmf04,2112,True,0,0,1,0,0,,,0,1.771,,0.0,0,0,0,0,0,0,0,0,0,0,0,0,0,0,0,0,0,sunrise,Day,0,0,0,0,0,0,1.0,0,2.27,0,1,0,0,0,0,0,1,0,0,,,0,0,0,0,0,0,0,0,0,0,0,0,0,IL,United States,USA,North America,41.8755616,-87.6244212,832.899,2696555.0,329484123.0,12.7,86.0,170.1,38.5,41.3
Chicago,XzwI2rGmf04,Chicago_XzwI2rGmf04,2173,True,1,1,1,0,0,,,0,0.636,0.545,0.0,0,0,0,0,1,0,0,0,0,0,0,0,0,1,0,0,0,shine,Night,0,0,0,0,0,0,0.0,0,1.5,0,1,0,0,0,0,0,0,0,0,,,0,0,0,0,0,0,0,0,0,0,0,0,0,IL,United States,USA,North America,41.8755616,-87.6244212,832.899,2696555.0,329484123.0,12.7,86.0,170.1,38.5,41.3
Chicago,XzwI2rGmf04,Chicago_XzwI2rGmf04,2174,True,1,1,1,0,0,,,0,0.792,0.54,0.0,0,0,0,0,1,0,0,0,0,0,0,0,0,0,0,0,0,shine,Night,0,0,0,0,0,0,0.0,0,1.6133333333333333,0,1,0,0,0,0,0,0,0,0,,,0,0,0,0,0,0,0,0,0,0,0,0,0,IL,United States,USA,North America,41.8755616,-87.6244212,832.899,2696555.0,329484123.0,12.7,86.0,170.1,38.5,41.3
Chicago,XzwI2rGmf04,Chicago_XzwI2rGmf04,2319,True,0,0,1,0,0,,,0,0.889,1.841,0.0,0,0,0,0,0,0,0,0,0,0,0,0,0,0,0,0,0,shine,Day,0,0,0,0,0,0,2.0,0,2.275,0,1,0,0,0,0,1,1,0,0,,,0,0,0,0,0,0,0,0,0,0,0,0,0,IL,United States,USA,North America,41.8755616,-87.6244212,832.899,2696555.0,329484123.0,12.7,86.0,170.1,38.5,41.3
Chicago,XzwI2rGmf04,Chicago_XzwI2rGmf04,2337,True,0,0,1,0,0,,,0,1.427,1.494,0.0,0,0,0,0,0,0,0,0,0,0,0,0,0,0,0,0,0,shine,Day,0,0,0,0,0,0,2.6666666666666665,0,2.273333333333333,0,1,0,0,0,0,1,1,0,0,,,0,0,0,0,0,0,0,0,0,0,0,0,0,IL,United States,USA,North America,41.8755616,-87.6244212,832.899,2696555.0,329484123.0,12.7,86.0,170.1,38.5,41.3
Chicago,XzwI2rGmf04,Chicago_XzwI2rGmf04,2459,True,0,0,1,0,0,male,26.0,1,1.082,1.526,0.0,0,0,0,0,1,0,0,0,0,0,1,0,0,0,0,0,0,sunrise,Day,0,0,0,0,0,0,1.25,0,2.0975,0,1,0,0,0,0,0,1,0,0,,,0,0,1,0,0,0,0,0,0,0,0,0,0,IL,United States,USA,North America,41.8755616,-87.6244212,832.899,2696555.0,329484123.0,12.7,86.0,170.1,38.5,41.3
Chicago,XzwI2rGmf04,Chicago_XzwI2rGmf04,2489,True,0,0,1,0,0,male,32.0,0,3.437,2.279,0.0,1,0,0,0,0,0,0,0,0,0,0,0,0,0,0,0,0,sunrise,Day,0,0,0,0,0,0,2.0,0,1.815,0,1,0,0,0,0,0,1,0,0,,,0,0,1,0,0,0,0,0,0,0,0,0,0,IL,United States,USA,North America,41.8755616,-87.6244212,832.899,2696555.0,329484123.0,12.7,86.0,170.1,38.5,41.3
Chicago,XzwI2rGmf04,Chicago_XzwI2rGmf04,2896,True,1,1,1,0,0,,,0,0.878,0.693,0.27,0,0,0,0,0,0,0,0,0,0,0,0,0,0,0,0,0,sunrise,Day,0,0,0,0,0,0,1.5,0,2.0700000000000003,0,1,0,0,0,0,0,1,0,0,,,0,0,0,0,0,0,0,1,0,0,0,0,0,IL,United States,USA,North America,41.8755616,-87.6244212,832.899,2696555.0,329484123.0,12.7,86.0,170.1,38.5,41.3
Chicago,XzwI2rGmf04,Chicago_XzwI2rGmf04,2952,True,0,0,1,0,0,male,38.0,1,1.317,1.524,0.0,1,0,0,0,0,1,0,0,0,0,0,1,0,0,0,0,0,cloudy,Day,0,0,0,0,0,0,2.0,0,2.046666666666667,0,1,0,0,0,0,0,1,0,0,,,0,0,1,0,0,0,0,0,0,0,0,0,0,IL,United States,USA,North America,41.8755616,-87.6244212,832.899,2696555.0,329484123.0,12.7,86.0,170.1,38.5,41.3
Chicago,XzwI2rGmf04,Chicago_XzwI2rGmf04,3365,True,0,0,1,0,0,,,0,1.823,1.196,0.0,0,0,0,0,0,0,0,0,0,0,0,0,0,0,0,0,0,shine,Evening,0,0,0,0,0,0,2.5,0,2.25875,0,1,0,0,0,0,0,1,0,0,,,0,0,0,0,0,0,0,0,0,0,0,0,0,IL,United States,USA,North America,41.8755616,-87.6244212,832.899,2696555.0,329484123.0,12.7,86.0,170.1,38.5,41.3
Chicago,XzwI2rGmf04,Chicago_XzwI2rGmf04,4533,True,2,3,1,1,0,male,52.0,0,0.38,0.507,0.0,0,0,0,0,0,0,0,0,0,0,0,0,0,0,0,0,0,rain,Evening,0,0,0,0,0,0,3.0,0,1.505,0,1,0,0,0,0,1,1,0,0,,,0,0,0,0,0,1,0,0,0,0,1,0,0,IL,United States,USA,North America,41.8755616,-87.6244212,832.899,2696555.0,329484123.0,12.7,86.0,170.1,38.5,41.3
Chicago,XzwI2rGmf04,Chicago_XzwI2rGmf04,4538,True,3,3,1,1,0,,,0,0.838,0.305,0.0,0,0,0,0,0,0,0,0,0,0,0,0,0,0,0,0,0,rain,Evening,0,0,0,0,0,0,3.0,0,1.505,0,1,0,0,0,0,1,1,0,0,,,0,0,0,0,0,1,0,0,0,0,1,0,0,IL,United States,USA,North America,41.8755616,-87.6244212,832.899,2696555.0,329484123.0,12.7,86.0,170.1,38.5,41.3
Chicago,XzwI2rGmf04,Chicago_XzwI2rGmf04,4539,True,3,2,1,1,0,,,0,0.368,0.503,0.0,0,0,0,0,0,0,0,0,0,0,0,0,0,0,0,0,0,rain,Evening,0,0,0,0,0,0,3.0,0,1.505,0,1,0,0,0,0,1,1,0,0,,,0,0,0,0,0,1,0,0,0,0,1,0,0,IL,United States,USA,North America,41.8755616,-87.6244212,832.899,2696555.0,329484123.0,12.7,86.0,170.1,38.5,41.3
Chicago,XzwI2rGmf04,Chicago_XzwI2rGmf04,4582,True,3,3,1,0,0,,,0,0.418,,0.0,0,0,0,0,0,0,0,0,0,0,0,0,0,0,0,0,0,shine,Evening,0,0,0,0,0,0,2.0,0,1.9,0,1,0,0,0,0,0,1,0,0,,,0,0,0,0,0,1,0,0,0,0,0,0,0,IL,United States,USA,North America,41.8755616,-87.6244212,832.899,2696555.0,329484123.0,12.7,86.0,170.1,38.5,41.3
Chicago,XzwI2rGmf04,Chicago_XzwI2rGmf04,4588,True,3,3,1,0,0,male,50.0,0,0.333,,0.0,0,0,0,0,0,0,0,0,0,0,0,0,0,0,0,0,0,shine,Evening,0,0,0,0,0,0,2.0,0,1.9,0,1,0,0,0,0,0,1,0,0,,,0,0,0,0,0,1,0,0,0,0,0,0,0,IL,United States,USA,North America,41.8755616,-87.6244212,832.899,2696555.0,329484123.0,12.7,86.0,170.1,38.5,41.3
Chicago,XzwI2rGmf04,Chicago_XzwI2rGmf04,4650,True,0,0,1,1,0,female,37.0,0,2.708,2.384,0.0,0,0,0,0,0,0,0,0,0,0,0,0,0,0,0,0,0,shine,Evening,0,0,0,0,0,0,1.25,0,2.1675000000000004,0,1,0,0,0,0,0,1,0,0,,,0,0,1,0,0,0,0,0,0,0,0,0,0,IL,United States,USA,North America,41.8755616,-87.6244212,832.899,2696555.0,329484123.0,12.7,86.0,170.1,38.5,41.3
Chicago,XzwI2rGmf04,Chicago_XzwI2rGmf04,4703,True,0,1,1,1,0,female,66.0,0,5.021,5.529,0.0,0,0,0,0,0,0,0,0,0,0,0,0,0,0,0,0,0,cloudy,Evening,0,0,0,0,0,0,1.5,0,1.6349999999999998,0,1,0,0,0,0,0,1,0,0,,,0,0,1,0,0,0,0,0,0,0,0,0,0,IL,United States,USA,North America,41.8755616,-87.6244212,832.899,2696555.0,329484123.0,12.7,86.0,170.1,38.5,41.3
Chicago,XzwI2rGmf04,Chicago_XzwI2rGmf04,4761,True,0,0,1,0,0,,,0,1.23,1.399,0.0,0,0,0,0,0,0,0,0,0,0,0,0,0,0,0,0,0,shine,Evening,0,0,0,0,0,0,2.5,0,2.055,0,1,0,0,0,0,0,1,0,0,,,0,0,1,0,0,0,0,0,0,0,0,0,0,IL,United States,USA,North America,41.8755616,-87.6244212,832.899,2696555.0,329484123.0,12.7,86.0,170.1,38.5,41.3
Chicago,XzwI2rGmf04,Chicago_XzwI2rGmf04,4773,True,0,0,1,0,0,,,0,1.373,0.774,0.0,0,0,0,0,0,0,0,0,0,0,0,0,0,0,0,0,0,shine,Evening,0,0,0,0,0,0,2.5,0,2.055,0,1,0,0,0,0,0,1,0,0,,,0,0,1,0,0,0,0,0,0,0,0,0,0,IL,United States,USA,North America,41.8755616,-87.6244212,832.899,2696555.0,329484123.0,12.7,86.0,170.1,38.5,41.3
Chicago,XzwI2rGmf04,Chicago_XzwI2rGmf04,4805,True,0,1,1,0,0,male,55.0,0,1.171,1.365,0.0,0,0,0,0,0,0,0,0,0,0,0,0,0,0,0,0,0,shine,Evening,0,0,0,0,0,0,4.0,0,1.78,0,1,0,0,0,0,1,1,0,0,,,0,0,1,0,0,0,0,0,0,0,0,0,0,IL,United States,USA,North America,41.8755616,-87.6244212,832.899,2696555.0,329484123.0,12.7,86.0,170.1,38.5,41.3
Chicago,XzwI2rGmf04,Chicago_XzwI2rGmf04,4853,True,1,1,1,0,0,male,43.0,0,1.298,1.325,0.0,0,0,0,0,0,0,0,0,0,0,0,0,0,0,0,0,0,shine,Evening,0,0,0,0,0,0,3.9,0,1.734,0,1,0,0,0,0,1,1,0,0,,,0,0,1,0,0,0,0,0,0,0,0,0,0,IL,United States,USA,North America,41.8755616,-87.6244212,832.899,2696555.0,329484123.0,12.7,86.0,170.1,38.5,41.3
Chicago,XzwI2rGmf04,Chicago_XzwI2rGmf04,4885,True,0,0,1,0,0,male,37.0,0,1.631,1.338,0.0,0,0,0,0,0,0,0,0,0,0,0,0,0,0,0,0,0,rain,Evening,0,0,0,0,0,0,5.5,0,2.265,0,1,0,0,0,0,0,1,0,0,,,0,0,1,0,0,0,0,1,0,0,0,0,0,IL,United States,USA,North America,41.8755616,-87.6244212,832.899,2696555.0,329484123.0,12.7,86.0,170.1,38.5,41.3
Chicago,XzwI2rGmf04,Chicago_XzwI2rGmf04,4891,True,0,0,1,0,0,male,42.0,0,5.558,5.625,0.0,0,0,0,0,0,0,0,0,0,0,0,0,0,0,0,0,0,shine,Evening,0,0,0,0,0,0,6.0,0,2.265,0,0,0,0,0,0,0,1,0,0,,,0,0,1,0,0,0,0,1,0,0,0,0,0,IL,United States,USA,North America,41.8755616,-87.6244212,832.899,2696555.0,329484123.0,12.7,86.0,170.1,38.5,41.3
Chicago,XzwI2rGmf04,Chicago_XzwI2rGmf04,5048,True,0,0,1,0,0,male,60.0,0,1.59,1.442,0.0,0,0,0,0,0,0,0,0,0,0,0,0,0,0,0,0,0,sunrise,Day,0,0,0,0,0,0,3.5,0,2.1725000000000003,0,1,0,0,0,0,0,1,0,0,,,0,0,0,0,0,0,0,0,0,0,0,0,0,IL,United States,USA,North America,41.8755616,-87.6244212,832.899,2696555.0,329484123.0,12.7,86.0,170.1,38.5,41.3
Chicago,XzwI2rGmf04,Chicago_XzwI2rGmf04,5950,True,0,0,1,0,0,,,0,1.774,0.874,0.0,0,0,0,0,0,0,0,0,0,0,0,0,0,0,0,0,0,shine,Day,0,0,0,0,0,0,0.0,0,1.155,0,1,0,0,0,0,0,0,0,0,,,0,0,0,0,0,0,0,0,0,0,0,0,0,IL,United States,USA,North America,41.8755616,-87.6244212,832.899,2696555.0,329484123.0,12.7,86.0,170.1,38.5,41.3
Chicago,XzwI2rGmf04,Chicago_XzwI2rGmf04,6005,True,0,0,1,0,0,,,0,1.158,0.746,0.0,0,0,0,0,0,0,0,0,0,0,0,0,0,0,0,0,0,rain,Day,0,0,0,0,0,0,2.5,0,1.395,0,1,0,0,0,0,1,1,0,0,,,0,0,0,0,0,0,0,0,0,0,1,0,0,IL,United States,USA,North America,41.8755616,-87.6244212,832.899,2696555.0,329484123.0,12.7,86.0,170.1,38.5,41.3
Chicago,XzwI2rGmf04,Chicago_XzwI2rGmf04,6008,True,0,0,1,0,0,,,0,3.418,2.699,,0,0,0,0,0,0,0,0,0,0,0,0,0,0,0,0,0,rain,Day,0,0,0,0,0,0,1.75,0,1.4125,0,1,0,0,0,0,1,1,0,0,,,0,0,0,0,0,0,0,0,0,0,1,0,0,IL,United States,USA,North America,41.8755616,-87.6244212,832.899,2696555.0,329484123.0,12.7,86.0,170.1,38.5,41.3
Chicago,XzwI2rGmf04,Chicago_XzwI2rGmf04,6030,True,0,0,1,0,0,female,43.0,0,6.522,8.35,0.0,0,0,0,0,0,0,0,0,0,0,0,0,0,0,0,0,0,rain,Day,0,0,0,0,0,0,4.5,0,1.095,0,1,0,0,0,0,1,1,0,0,,,0,0,1,0,0,0,0,1,0,0,0,0,0,IL,United States,USA,North America,41.8755616,-87.6244212,832.899,2696555.0,329484123.0,12.7,86.0,170.1,38.5,41.3
Chicago,XzwI2rGmf04,Chicago_XzwI2rGmf04,6068,True,0,0,1,0,0,male,35.0,0,1.334,1.333,0.0,1,0,0,0,0,1,0,0,0,0,0,1,0,0,0,0,0,sunrise,Day,0,0,0,0,0,0,1.3333333333333333,0,1.4916666666666665,0,1,0,0,0,0,0,1,0,0,,,0,0,0,0,0,0,0,0,0,0,0,0,0,IL,United States,USA,North America,41.8755616,-87.6244212,832.899,2696555.0,329484123.0,12.7,86.0,170.1,38.5,41.3
Chicago,XzwI2rGmf04,Chicago_XzwI2rGmf04,6181,True,0,0,1,0,0,,,0,1.932,0.369,0.0,0,0,0,0,0,0,0,0,0,0,0,0,0,0,0,0,0,sunrise,Day,0,0,0,0,0,0,3.6666666666666665,0,2.1833333333333336,0,1,0,0,0,0,0,1,0,0,,,0,0,0,0,0,0,0,1,0,0,0,0,0,IL,United States,USA,North America,41.8755616,-87.6244212,832.899,2696555.0,329484123.0,12.7,86.0,170.1,38.5,41.3
Chicago,XzwI2rGmf04,Chicago_XzwI2rGmf04,6193,True,0,1,1,0,0,,,0,2.164,0.285,0.0,0,0,0,0,0,0,0,0,0,0,0,0,0,0,0,0,0,sunrise,Day,0,0,0,0,0,0,4.0,0,2.21,0,1,0,0,0,0,0,1,0,0,,,0,0,0,0,0,0,0,1,0,0,0,0,0,IL,United States,USA,North America,41.8755616,-87.6244212,832.899,2696555.0,329484123.0,12.7,86.0,170.1,38.5,41.3
Chicago,XzwI2rGmf04,Chicago_XzwI2rGmf04,7203,True,0,0,1,0,0,male,33.0,0,1.348,1.368,0.0,0,0,0,0,1,0,0,0,1,0,0,1,0,0,0,0,0,rain,Day,0,0,0,0,0,0,1.0,0,0.93,0,1,0,0,0,0,0,1,0,0,,,0,0,0,0,0,0,0,0,0,0,0,0,0,IL,United States,USA,North America,41.8755616,-87.6244212,832.899,2696555.0,329484123.0,12.7,86.0,170.1,38.5,41.3
Chicago,XzwI2rGmf04,Chicago_XzwI2rGmf04,7332,True,0,0,1,0,0,,,0,1.089,0.909,0.0,0,0,0,0,0,0,0,0,0,0,0,0,0,0,0,0,0,shine,Day,0,0,0,0,1,0,2.9166666666666665,0,1.5091666666666663,0,0,0,0,0,0,0,1,0,0,,,0,0,0,0,0,0,0,0,0,0,0,0,0,IL,United States,USA,North America,41.8755616,-87.6244212,832.899,2696555.0,329484123.0,12.7,86.0,170.1,38.5,41.3
Chicago,XzwI2rGmf04,Chicago_XzwI2rGmf04,7340,True,0,0,1,0,0,female,29.0,0,1.545,1.608,0.0,1,0,1,0,1,0,0,0,0,0,0,1,0,0,0,0,0,shine,Day,0,0,0,0,1,0,2.5,0,1.3866666666666667,0,0,0,0,0,0,0,1,0,0,,,0,0,0,0,0,0,0,0,0,0,0,0,0,IL,United States,USA,North America,41.8755616,-87.6244212,832.899,2696555.0,329484123.0,12.7,86.0,170.1,38.5,41.3
Cincinnati,G1I_PlmL_YA,Cincinnati_G1I_PlmL_YA,86,True,0,0,1,0,0,,,0,0.319,0.715,0.0,0,0,0,0,0,0,0,0,0,0,0,0,0,0,0,0,0,rain,Day,0,0,0,0,0,0,1.318181818181818,0,2.82,0,-1,0,0,0,0,0,1,0,0,,,0,0,1,0,0,0,0,0,0,0,0,0,0,OH,United States,USA,North America,39.1014537,-84.5124602,186.141,309317.0,329484123.0,12.7,86.0,170.1,38.5,41.3
Cincinnati,G1I_PlmL_YA,Cincinnati_G1I_PlmL_YA,97,True,1,1,1,0,0,,,0,1.126,1.343,0.0,0,0,0,0,0,0,0,0,0,0,0,0,0,0,0,0,0,rain,Day,0,0,0,0,0,0,0.4285714285714285,0,2.722857142857143,0,-1,0,0,0,0,0,1,0,0,,,0,0,1,0,0,0,0,0,0,0,0,0,0,OH,United States,USA,North America,39.1014537,-84.5124602,186.141,309317.0,329484123.0,12.7,86.0,170.1,38.5,41.3
Jakarta,gmDBzijaIAA,Jakarta_gmDBzijaIAA,422,True,1,1,1,0,0,,,0,2.293,2.388,0.0,0,0,0,0,0,0,0,0,0,0,0,0,0,0,0,0,0,sunrise,Day,0,0,0,0,0,0,11.0,0,2.125,0,1,0,0,0,0,0,1,0,0,,,0,0,1,0,0,0,0,1,0,0,0,0,0,,Indonesia,IDN,Asia,-6.175394,106.827183,323.03,8540121.0,273523621.0,11.3,96.0,160.3,31.2,36.1
Jakarta,gmDBzijaIAA,Jakarta_gmDBzijaIAA,510,True,0,1,1,0,0,,,0,2.094,2.91,0.0,0,0,0,0,0,0,0,0,0,0,0,0,0,0,0,0,0,rain,Day,0,0,0,0,0,0,12.333333333333334,0,2.1666666666666665,0,1,0,0,0,0,0,1,0,0,,,0,0,1,0,0,0,0,0,0,0,0,0,0,,Indonesia,IDN,Asia,-6.175394,106.827183,323.03,8540121.0,273523621.0,11.3,96.0,160.3,31.2,36.1
Jakarta,gmDBzijaIAA,Jakarta_gmDBzijaIAA,584,True,2,2,1,0,0,,,0,2.989,1.568,0.0,0,0,0,0,0,0,0,0,0,0,0,0,0,0,0,0,0,shine,Day,0,0,0,0,0,0,10.857142857142858,0,2.117142857142857,0,1,0,0,0,0,0,1,0,0,,,0,0,1,0,0,0,0,1,0,0,0,0,0,,Indonesia,IDN,Asia,-6.175394,106.827183,323.03,8540121.0,273523621.0,11.3,96.0,160.3,31.2,36.1
Jakarta,gmDBzijaIAA,Jakarta_gmDBzijaIAA,647,True,0,2,1,0,0,,,0,2.788,2.986,0.0,0,0,0,0,0,0,0,0,0,0,0,0,0,0,0,0,0,shine,Day,0,0,0,0,0,0,11.25,0,2.0625,0,1,0,0,0,0,0,1,0,0,,,0,0,1,0,0,0,0,1,0,0,0,0,0,,Indonesia,IDN,Asia,-6.175394,106.827183,323.03,8540121.0,273523621.0,11.3,96.0,160.3,31.2,36.1
Jakarta,gmDBzijaIAA,Jakarta_gmDBzijaIAA,702,True,1,2,1,0,0,,,0,1.83,1.879,0.0,0,0,0,0,0,1,0,0,0,0,0,1,0,0,0,0,0,shine,Day,0,0,0,0,0,0,9.8,0,2.1,0,1,0,0,0,0,0,1,0,0,,,0,0,1,0,0,0,0,1,0,0,0,0,0,,Indonesia,IDN,Asia,-6.175394,106.827183,323.03,8540121.0,273523621.0,11.3,96.0,160.3,31.2,36.1
Jakarta,gmDBzijaIAA,Jakarta_gmDBzijaIAA,754,True,1,1,1,0,0,,,0,1.626,1.486,0.0,0,0,0,0,0,0,0,0,0,0,0,0,0,0,0,0,0,shine,Day,0,0,0,0,0,0,8.5,0,1.875,0,1,0,0,0,0,0,1,0,0,,,0,0,1,0,0,0,0,1,0,0,0,0,0,,Indonesia,IDN,Asia,-6.175394,106.827183,323.03,8540121.0,273523621.0,11.3,96.0,160.3,31.2,36.1
Jakarta,gmDBzijaIAA,Jakarta_gmDBzijaIAA,780,True,1,1,1,0,0,,,0,1.831,1.77,,0,0,0,0,0,0,0,0,0,0,0,0,0,0,0,0,0,sunrise,Day,0,0,0,0,0,0,7.0,0,1.9933333333333327,0,1,0,0,0,0,0,1,0,0,,,0,0,1,0,0,0,0,1,0,0,0,0,0,,Indonesia,IDN,Asia,-6.175394,106.827183,323.03,8540121.0,273523621.0,11.3,96.0,160.3,31.2,36.1
Jakarta,gmDBzijaIAA,Jakarta_gmDBzijaIAA,899,True,3,3,1,0,0,,,0,2.625,2.977,0.0,0,0,0,0,0,0,0,0,0,0,0,0,0,0,0,0,0,shine,Day,0,0,0,0,0,0,7.181818181818182,0,2.0645454545454545,0,1,0,0,0,0,0,1,0,0,,,0,1,1,0,0,0,0,0,0,0,0,1,0,,Indonesia,IDN,Asia,-6.175394,106.827183,323.03,8540121.0,273523621.0,11.3,96.0,160.3,31.2,36.1
Jakarta,gmDBzijaIAA,Jakarta_gmDBzijaIAA,905,True,2,1,1,0,0,,,0,3.109,4.088,0.0,0,0,0,0,1,0,0,0,0,0,0,0,0,0,0,0,0,rain,Day,0,0,0,0,0,0,7.0,0,1.97375,0,1,0,0,0,0,0,1,0,0,,,0,0,1,0,0,0,0,0,0,0,0,0,0,,Indonesia,IDN,Asia,-6.175394,106.827183,323.03,8540121.0,273523621.0,11.3,96.0,160.3,31.2,36.1
Jakarta,gmDBzijaIAA,Jakarta_gmDBzijaIAA,929,True,1,2,1,0,0,,,0,3.953,4.31,0.0,0,0,0,0,0,0,0,0,0,0,0,0,0,0,0,0,0,rain,Day,0,0,0,0,0,0,11.5,0,2.15,0,1,0,0,0,0,0,1,0,0,,,0,0,1,0,0,0,0,0,0,0,0,0,0,,Indonesia,IDN,Asia,-6.175394,106.827183,323.03,8540121.0,273523621.0,11.3,96.0,160.3,31.2,36.1
Jakarta,gmDBzijaIAA,Jakarta_gmDBzijaIAA,972,True,1,1,1,0,0,,,0,1.808,1.965,0.0,0,0,0,0,0,0,0,0,0,0,0,0,0,0,0,0,0,shine,Day,0,0,0,0,0,0,7.0,0,2.074444444444444,0,1,0,0,0,0,0,1,0,0,,,0,1,1,0,0,1,0,1,0,0,0,1,0,,Indonesia,IDN,Asia,-6.175394,106.827183,323.03,8540121.0,273523621.0,11.3,96.0,160.3,31.2,36.1
Jakarta,gmDBzijaIAA,Jakarta_gmDBzijaIAA,1051,True,0,1,1,0,0,,,0,2.455,3.084,0.0,0,0,0,0,0,0,0,0,0,0,0,0,0,0,0,0,0,rain,Day,0,0,0,0,0,0,7.571428571428571,0,2.1614285714285715,0,1,0,0,0,0,0,1,0,0,,,0,1,1,0,0,0,0,1,0,0,0,1,0,,Indonesia,IDN,Asia,-6.175394,106.827183,323.03,8540121.0,273523621.0,11.3,96.0,160.3,31.2,36.1
Jakarta,gmDBzijaIAA,Jakarta_gmDBzijaIAA,1098,True,1,1,1,0,0,,,0,3.936,2.424,0.0,0,0,0,0,0,0,0,0,0,0,0,0,0,0,0,0,0,rain,Day,0,0,0,0,1,0,8.333333333333334,0,2.2066666666666666,0,1,0,0,0,0,0,1,0,0,,,0,0,1,0,0,0,0,0,0,0,0,0,0,,Indonesia,IDN,Asia,-6.175394,106.827183,323.03,8540121.0,273523621.0,11.3,96.0,160.3,31.2,36.1
Jakarta,gmDBzijaIAA,Jakarta_gmDBzijaIAA,1162,True,1,2,1,0,0,,,0,3.462,3.719,0.0,0,0,0,0,0,0,0,0,0,0,0,0,0,0,0,0,0,rain,Day,0,0,0,0,0,0,12.5,0,2.105,0,1,0,0,0,0,0,1,0,0,,,0,0,1,0,0,1,0,1,0,1,0,0,0,,Indonesia,IDN,Asia,-6.175394,106.827183,323.03,8540121.0,273523621.0,11.3,96.0,160.3,31.2,36.1
Jakarta,gmDBzijaIAA,Jakarta_gmDBzijaIAA,1188,True,3,2,1,0,0,,,0,2.832,2.924,0.0,0,0,0,0,0,0,0,0,0,0,0,0,0,0,0,0,0,rain,Day,0,0,0,0,0,0,12.272727272727272,0,2.191818181818182,0,1,0,0,0,0,0,1,0,0,,,0,0,1,0,0,0,0,1,0,0,0,0,0,,Indonesia,IDN,Asia,-6.175394,106.827183,323.03,8540121.0,273523621.0,11.3,96.0,160.3,31.2,36.1
Jakarta,gmDBzijaIAA,Jakarta_gmDBzijaIAA,1200,True,1,1,1,0,0,,,0,3.025,4.131,0.0,0,0,0,0,0,1,0,0,0,0,0,0,0,0,0,0,0,rain,Day,0,0,0,0,0,0,13.0,0,2.1577777777777776,0,1,0,0,0,0,0,1,0,0,,,0,0,1,0,0,0,0,1,0,0,0,0,0,,Indonesia,IDN,Asia,-6.175394,106.827183,323.03,8540121.0,273523621.0,11.3,96.0,160.3,31.2,36.1
Jakarta,gmDBzijaIAA,Jakarta_gmDBzijaIAA,1256,True,1,1,1,0,0,,,0,2.382,4.083,0.0,0,0,0,0,0,0,0,0,0,0,0,1,0,0,0,0,0,shine,Day,0,0,0,0,0,0,11.166666666666666,0,2.208333333333333,0,0,0,0,0,0,0,1,0,0,,,0,0,1,0,0,0,0,1,0,0,0,0,0,,Indonesia,IDN,Asia,-6.175394,106.827183,323.03,8540121.0,273523621.0,11.3,96.0,160.3,31.2,36.1
Jakarta,gmDBzijaIAA,Jakarta_gmDBzijaIAA,1279,True,1,2,1,0,0,female,29.0,0,2.36,2.738,0.0,0,0,0,0,0,0,0,0,0,0,0,0,0,0,0,0,0,sunrise,Day,0,0,0,0,0,0,10.666666666666666,0,2.0283333333333338,0,0,0,0,0,0,0,1,0,0,,,0,0,1,0,0,0,0,1,0,0,0,0,0,,Indonesia,IDN,Asia,-6.175394,106.827183,323.03,8540121.0,273523621.0,11.3,96.0,160.3,31.2,36.1
Jakarta,gmDBzijaIAA,Jakarta_gmDBzijaIAA,1304,True,1,1,1,0,0,,,0,2.671,2.065,0.0,0,0,0,0,0,0,0,0,0,0,0,0,0,0,0,0,0,sunrise,Day,0,0,0,0,0,0,10.166666666666666,0,1.915,0,0,0,0,0,0,0,1,0,0,,,0,0,1,0,0,0,0,1,0,0,0,0,0,,Indonesia,IDN,Asia,-6.175394,106.827183,323.03,8540121.0,273523621.0,11.3,96.0,160.3,31.2,36.1
Jakarta,gmDBzijaIAA,Jakarta_gmDBzijaIAA,1507,True,0,0,1,0,0,male,41.0,0,1.838,9.845,,0,0,0,0,0,0,0,0,0,0,0,0,0,0,0,0,0,shine,Day,0,0,0,0,0,0,1.5,0,1.535,0,1,0,0,0,0,0,0,0,0,,,0,0,1,0,0,0,0,0,0,0,0,0,0,,Indonesia,IDN,Asia,-6.175394,106.827183,323.03,8540121.0,273523621.0,11.3,96.0,160.3,31.2,36.1
Jakarta,gmDBzijaIAA,Jakarta_gmDBzijaIAA,2641,True,1,1,1,0,0,,,0,2.366,2.925,0.0,0,0,0,0,0,0,0,0,0,0,0,0,0,0,0,0,0,sunrise,Day,0,0,0,0,0,0,4.6923076923076925,0,2.0184615384615383,0,1,0,0,0,0,0,1,0,0,,,0,0,1,0,0,0,0,1,0,0,0,0,0,,Indonesia,IDN,Asia,-6.175394,106.827183,323.03,8540121.0,273523621.0,11.3,96.0,160.3,31.2,36.1
Jakarta,gmDBzijaIAA,Jakarta_gmDBzijaIAA,2697,True,1,2,1,0,0,,,0,1.237,0.281,0.0,0,0,0,0,0,0,0,0,0,0,0,0,0,0,0,0,0,sunrise,Day,0,0,0,0,0,0,3.5,0,1.9225,0,1,0,0,1,0,0,1,0,0,,,0,0,1,0,0,0,0,1,0,0,0,0,0,,Indonesia,IDN,Asia,-6.175394,106.827183,323.03,8540121.0,273523621.0,11.3,96.0,160.3,31.2,36.1
Jakarta,gmDBzijaIAA,Jakarta_gmDBzijaIAA,2758,True,3,1,1,0,0,,,0,1.999,2.088,0.0,0,0,0,0,0,0,0,0,0,0,0,0,0,0,0,0,0,sunrise,Day,0,0,0,0,0,0,5.375,0,1.99375,0,1,0,0,1,0,0,1,0,0,,,0,0,1,0,0,0,0,1,0,0,0,0,0,,Indonesia,IDN,Asia,-6.175394,106.827183,323.03,8540121.0,273523621.0,11.3,96.0,160.3,31.2,36.1
Jakarta,gmDBzijaIAA,Jakarta_gmDBzijaIAA,3234,True,1,1,0,0,0,,,0,1.262,1.9,0.0,0,0,0,0,0,0,0,0,0,0,0,0,0,0,0,0,0,shine,Day,0,0,0,0,0,0,5.625,1,2.03625,0,1,0,0,0,0,0,1,0,0,,,0,0,1,0,0,0,0,1,0,1,0,0,0,,Indonesia,IDN,Asia,-6.175394,106.827183,323.03,8540121.0,273523621.0,11.3,96.0,160.3,31.2,36.1
Jakarta,gmDBzijaIAA,Jakarta_gmDBzijaIAA,3271,True,1,1,1,0,0,,,0,0.765,0.917,0.0,0,0,0,0,0,0,0,0,0,0,0,0,0,0,0,0,0,shine,Day,0,0,0,0,0,0,6.416666666666667,1,1.8600000000000003,0,1,0,0,0,0,1,1,0,0,,,0,0,1,0,0,0,0,1,0,0,0,0,0,,Indonesia,IDN,Asia,-6.175394,106.827183,323.03,8540121.0,273523621.0,11.3,96.0,160.3,31.2,36.1
Jakarta,gmDBzijaIAA,Jakarta_gmDBzijaIAA,3613,True,1,1,1,0,0,,,0,1.087,0.946,0.0,0,0,0,0,0,0,0,0,0,0,0,0,0,0,0,0,0,shine,Day,0,0,0,0,0,0,10.9,0,2.142,0,1,0,0,0,0,1,1,0,0,,,0,0,1,0,0,0,0,1,0,0,0,0,0,,Indonesia,IDN,Asia,-6.175394,106.827183,323.03,8540121.0,273523621.0,11.3,96.0,160.3,31.2,36.1
Jakarta,gmDBzijaIAA,Jakarta_gmDBzijaIAA,3654,True,1,1,1,0,0,,,0,1.034,0.973,0.0,0,0,0,0,0,0,0,0,0,0,0,0,0,0,0,0,0,shine,Day,0,0,0,0,0,0,10.833333333333334,0,2.1175,0,1,0,0,0,0,1,1,0,0,,,0,0,1,0,0,0,0,1,0,1,0,0,0,,Indonesia,IDN,Asia,-6.175394,106.827183,323.03,8540121.0,273523621.0,11.3,96.0,160.3,31.2,36.1
Jakarta,gmDBzijaIAA,Jakarta_gmDBzijaIAA,4187,True,3,2,1,0,0,male,29.0,0,0.998,1.464,0.0,0,0,0,0,0,0,0,0,0,0,0,0,0,0,0,0,0,rain,Day,0,0,0,0,0,0,10.166666666666666,0,2.038333333333333,0,1,0,0,0,0,0,1,0,0,,,0,0,1,0,0,1,0,1,0,1,0,0,0,,Indonesia,IDN,Asia,-6.175394,106.827183,323.03,8540121.0,273523621.0,11.3,96.0,160.3,31.2,36.1
Jakarta,gmDBzijaIAA,Jakarta_gmDBzijaIAA,4206,True,3,2,1,1,0,,,0,0.994,0.475,0.0,0,0,0,0,0,0,0,0,0,0,0,0,0,0,0,0,0,shine,Day,0,0,0,0,0,0,10.5,0,2.135,0,0,0,0,0,0,0,1,0,0,,,0,0,1,0,0,1,0,1,0,1,0,0,0,,Indonesia,IDN,Asia,-6.175394,106.827183,323.03,8540121.0,273523621.0,11.3,96.0,160.3,31.2,36.1
Jakarta,gmDBzijaIAA,Jakarta_gmDBzijaIAA,4295,True,3,3,1,1,0,male,39.0,0,0.587,0.667,0.0,0,0,0,0,0,0,0,0,0,0,0,0,0,0,0,0,0,rain,Day,0,0,0,0,0,0,9.75,0,2.13375,0,1,0,0,0,0,0,1,0,0,,,0,0,1,0,0,1,0,1,0,1,0,0,0,,Indonesia,IDN,Asia,-6.175394,106.827183,323.03,8540121.0,273523621.0,11.3,96.0,160.3,31.2,36.1
Jakarta,gmDBzijaIAA,Jakarta_gmDBzijaIAA,4399,True,2,2,1,0,0,,,0,0.714,0.696,0.0,0,0,0,0,0,0,0,0,0,0,0,0,0,0,0,0,0,rain,Day,0,0,0,0,0,0,7.125,0,2.09875,0,1,0,0,0,0,1,1,0,0,,,0,0,1,0,0,0,0,1,0,1,0,0,0,,Indonesia,IDN,Asia,-6.175394,106.827183,323.03,8540121.0,273523621.0,11.3,96.0,160.3,31.2,36.1
Jakarta,gmDBzijaIAA,Jakarta_gmDBzijaIAA,4844,True,0,2,1,0,0,,,0,1.089,1.195,0.0,0,0,0,0,0,1,0,0,0,0,0,0,0,0,0,0,0,shine,Day,0,0,0,0,0,0,11.0,0,2.125,0,1,0,0,0,0,0,1,0,0,,,0,1,1,0,0,0,0,1,0,0,0,0,0,,Indonesia,IDN,Asia,-6.175394,106.827183,323.03,8540121.0,273523621.0,11.3,96.0,160.3,31.2,36.1
Jakarta,gmDBzijaIAA,Jakarta_gmDBzijaIAA,5177,True,1,2,0,1,0,,,0,0.702,1.129,0.0,0,0,0,0,0,0,0,0,0,0,0,0,0,0,0,0,0,shine,Day,0,0,0,0,0,0,10.125,0,2.1475,0,1,0,0,1,0,0,1,0,0,,,0,1,1,0,0,0,0,1,0,0,0,1,0,,Indonesia,IDN,Asia,-6.175394,106.827183,323.03,8540121.0,273523621.0,11.3,96.0,160.3,31.2,36.1
Jakarta,gmDBzijaIAA,Jakarta_gmDBzijaIAA,5273,True,3,2,0,0,0,,,0,1.159,1.492,0.0,0,0,0,0,0,0,0,0,0,0,0,0,0,0,0,0,0,shine,Day,0,0,0,0,0,0,8.125,0,2.05,0,0,0,0,0,0,0,1,0,0,,,0,1,1,0,0,0,0,1,0,1,0,0,0,,Indonesia,IDN,Asia,-6.175394,106.827183,323.03,8540121.0,273523621.0,11.3,96.0,160.3,31.2,36.1
Jakarta,gmDBzijaIAA,Jakarta_gmDBzijaIAA,5325,True,3,3,0,0,0,female,27.0,0,0.939,2.162,0.0,0,0,0,0,0,0,0,0,0,0,0,0,0,0,0,0,0,shine,Day,0,0,0,0,0,0,8.0,0,2.063333333333333,0,0,0,0,0,0,0,1,0,0,,,0,1,1,0,0,0,0,1,0,1,0,0,0,,Indonesia,IDN,Asia,-6.175394,106.827183,323.03,8540121.0,273523621.0,11.3,96.0,160.3,31.2,36.1
Jakarta,gmDBzijaIAA,Jakarta_gmDBzijaIAA,5337,True,1,2,0,0,0,,,0,0.681,1.095,0.0,0,0,0,0,0,0,0,0,0,0,0,0,0,0,0,0,0,rain,Day,0,0,0,0,0,0,8.428571428571429,0,2.148571428571429,0,0,0,0,0,0,1,1,0,0,,,0,1,1,0,0,0,0,1,0,1,0,0,0,,Indonesia,IDN,Asia,-6.175394,106.827183,323.03,8540121.0,273523621.0,11.3,96.0,160.3,31.2,36.1
Jakarta,gmDBzijaIAA,Jakarta_gmDBzijaIAA,5381,True,0,2,0,1,0,,,0,1.419,1.818,0.0,0,0,0,0,0,0,0,0,0,0,0,0,0,0,0,0,0,rain,Day,0,0,0,0,0,0,10.0,0,2.232,0,0,0,0,0,0,1,1,0,0,,,0,1,1,0,0,1,0,1,0,1,0,0,0,,Indonesia,IDN,Asia,-6.175394,106.827183,323.03,8540121.0,273523621.0,11.3,96.0,160.3,31.2,36.1
Jakarta,gmDBzijaIAA,Jakarta_gmDBzijaIAA,5411,True,1,2,1,1,0,,,0,1.186,0.175,0.0,0,0,0,0,0,0,0,0,0,0,0,0,0,0,0,0,0,rain,Day,0,0,0,0,0,0,10.571428571428571,0,2.222857142857143,0,0,0,0,0,0,1,1,0,0,,,0,1,1,0,0,1,0,1,0,1,0,0,0,,Indonesia,IDN,Asia,-6.175394,106.827183,323.03,8540121.0,273523621.0,11.3,96.0,160.3,31.2,36.1
Jakarta,gmDBzijaIAA,Jakarta_gmDBzijaIAA,5440,True,1,2,1,1,0,,,0,0.949,0.297,,0,0,0,0,0,0,0,0,0,0,0,0,0,0,0,0,0,rain,Day,0,0,0,0,0,0,10.3,0,2.187,0,0,0,0,0,0,1,1,0,0,,,0,0,1,0,0,0,0,1,0,0,0,0,0,,Indonesia,IDN,Asia,-6.175394,106.827183,323.03,8540121.0,273523621.0,11.3,96.0,160.3,31.2,36.1
Jakarta,gmDBzijaIAA,Jakarta_gmDBzijaIAA,5552,True,1,2,1,1,0,,,0,0.823,0.295,0.0,0,0,0,0,0,0,0,0,0,0,0,0,0,0,0,0,0,shine,Day,0,0,0,0,0,0,8.625,0,2.0975,0,1,0,0,0,0,1,1,0,0,,,0,1,1,0,0,0,0,1,0,0,0,0,0,,Indonesia,IDN,Asia,-6.175394,106.827183,323.03,8540121.0,273523621.0,11.3,96.0,160.3,31.2,36.1
Jakarta,gmDBzijaIAA,Jakarta_gmDBzijaIAA,5834,True,2,2,1,0,0,male,30.0,0,1.379,1.769,0.0,0,0,0,0,0,0,0,0,0,0,0,0,0,0,0,0,0,shine,Day,0,0,0,0,0,0,6.333333333333333,0,2.098333333333333,0,1,0,0,0,0,1,1,0,0,,,0,1,1,1,0,0,0,1,0,0,0,0,0,,Indonesia,IDN,Asia,-6.175394,106.827183,323.03,8540121.0,273523621.0,11.3,96.0,160.3,31.2,36.1
Jakarta,gmDBzijaIAA,Jakarta_gmDBzijaIAA,6115,True,2,1,1,0,0,,,0,0.695,0.112,0.0,0,0,0,0,0,1,0,0,0,0,0,0,0,0,0,0,0,rain,Day,0,0,0,0,0,0,7.538461538461538,0,1.8915384615384607,0,1,0,0,0,0,1,1,0,0,,,0,1,1,0,0,0,0,1,0,1,0,0,0,,Indonesia,IDN,Asia,-6.175394,106.827183,323.03,8540121.0,273523621.0,11.3,96.0,160.3,31.2,36.1
Jakarta,gmDBzijaIAA,Jakarta_gmDBzijaIAA,6348,True,1,2,1,1,0,,,1,1.838,2.33,0.0,0,0,0,0,0,0,0,0,0,0,0,0,0,0,0,0,0,rain,Day,0,0,0,0,0,0,6.555555555555555,0,1.995555555555556,0,1,0,0,0,0,0,1,0,0,,,0,1,1,0,0,0,0,1,0,1,0,0,0,,Indonesia,IDN,Asia,-6.175394,106.827183,323.03,8540121.0,273523621.0,11.3,96.0,160.3,31.2,36.1
Jakarta,gmDBzijaIAA,Jakarta_gmDBzijaIAA,7009,True,0,1,1,0,0,,,1,1.75,0.935,0.0,0,0,0,0,0,0,0,0,0,0,0,0,0,0,0,0,0,sunrise,Day,0,0,0,0,0,0,5.5,0,1.7750000000000004,0,1,0,0,0,0,1,1,0,0,,,0,1,1,1,0,0,0,0,0,0,0,0,0,,Indonesia,IDN,Asia,-6.175394,106.827183,323.03,8540121.0,273523621.0,11.3,96.0,160.3,31.2,36.1
Jakarta,gmDBzijaIAA,Jakarta_gmDBzijaIAA,7357,True,1,2,1,0,0,,,0,1.034,0.946,0.0,0,0,0,0,0,0,0,0,0,0,0,0,0,0,0,0,0,shine,Day,0,0,0,0,1,0,7.0,0,2.015,0,1,0,0,0,0,0,1,0,0,,,0,0,1,0,0,0,0,0,0,0,0,0,0,,Indonesia,IDN,Asia,-6.175394,106.827183,323.03,8540121.0,273523621.0,11.3,96.0,160.3,31.2,36.1
Jakarta,gmDBzijaIAA,Jakarta_gmDBzijaIAA,7585,True,2,2,1,0,0,,,0,0.531,0.255,0.0,0,0,0,1,0,0,0,0,0,0,0,0,0,0,0,0,0,shine,Day,0,0,0,0,0,0,7.6,0,1.6293333333333335,0,1,0,0,0,0,1,1,0,0,,,0,1,1,0,0,0,0,1,0,0,0,0,0,,Indonesia,IDN,Asia,-6.175394,106.827183,323.03,8540121.0,273523621.0,11.3,96.0,160.3,31.2,36.1
Jakarta,gmDBzijaIAA,Jakarta_gmDBzijaIAA,7990,True,2,1,1,0,0,,,0,0.376,0.894,0.0,0,0,0,0,0,0,0,0,0,0,0,0,0,0,0,0,0,sunrise,Day,0,0,0,0,0,0,6.666666666666667,0,2.252222222222222,0,1,0,0,1,0,1,1,0,0,,,0,0,1,0,0,0,0,1,0,0,0,0,0,,Indonesia,IDN,Asia,-6.175394,106.827183,323.03,8540121.0,273523621.0,11.3,96.0,160.3,31.2,36.1
Jakarta,gmDBzijaIAA,Jakarta_gmDBzijaIAA,8203,True,1,1,1,0,0,,,1,0.762,0.425,0.0,0,0,0,0,0,0,0,0,0,0,0,0,0,0,0,0,0,sunrise,Day,0,0,0,0,0,0,5.3,0,2.164,0,1,0,0,0,0,1,1,0,0,,,0,0,1,0,0,0,0,0,0,0,0,0,0,,Indonesia,IDN,Asia,-6.175394,106.827183,323.03,8540121.0,273523621.0,11.3,96.0,160.3,31.2,36.1
Jakarta,gmDBzijaIAA,Jakarta_gmDBzijaIAA,8241,True,1,1,1,0,0,,,0,0.681,0.364,0.0,0,0,0,0,0,0,0,0,0,0,0,0,0,0,0,0,0,sunrise,Day,0,0,0,0,0,0,4.5,0,2.2350000000000003,0,1,0,0,0,0,1,1,0,0,,,0,0,1,0,0,0,0,0,0,0,0,0,0,,Indonesia,IDN,Asia,-6.175394,106.827183,323.03,8540121.0,273523621.0,11.3,96.0,160.3,31.2,36.1
Jakarta,gmDBzijaIAA,Jakarta_gmDBzijaIAA,8534,True,2,2,1,0,0,,,0,0.295,0.11,0.0,0,0,0,0,0,0,0,0,0,0,0,0,0,0,0,0,0,sunrise,Day,0,0,0,0,0,0,6.25,0,1.8609375,0,1,0,0,0,0,0,1,0,0,,,0,0,1,0,0,0,0,1,0,0,0,0,0,,Indonesia,IDN,Asia,-6.175394,106.827183,323.03,8540121.0,273523621.0,11.3,96.0,160.3,31.2,36.1
Jakarta,gmDBzijaIAA,Jakarta_gmDBzijaIAA,8802,True,1,1,1,0,0,,,0,2.524,2.632,0.0,0,0,0,0,0,1,0,0,0,0,0,0,0,0,0,0,0,shine,Day,0,0,0,0,0,0,8.0,0,2.095,0,1,0,0,0,0,0,1,0,0,,,0,1,1,0,0,0,0,1,0,0,0,1,0,,Indonesia,IDN,Asia,-6.175394,106.827183,323.03,8540121.0,273523621.0,11.3,96.0,160.3,31.2,36.1
Jakarta,gmDBzijaIAA,Jakarta_gmDBzijaIAA,8849,True,0,0,1,0,0,,,0,3.71,3.618,0.0,0,0,0,0,0,0,0,0,0,0,0,0,1,0,0,0,0,shine,Day,0,0,0,0,0,0,12.5,0,1.62,0,0,0,0,0,0,0,1,0,0,,,0,0,1,1,0,0,0,0,0,0,0,0,0,,Indonesia,IDN,Asia,-6.175394,106.827183,323.03,8540121.0,273523621.0,11.3,96.0,160.3,31.2,36.1
Jakarta,gmDBzijaIAA,Jakarta_gmDBzijaIAA,8870,True,1,1,1,0,0,,,0,3.412,2.976,0.0,0,0,0,0,0,0,0,0,0,0,0,0,0,0,0,0,0,shine,Day,0,0,0,0,0,0,9.0,0,1.855,0,0,0,0,0,0,0,1,0,0,,,0,0,1,0,0,0,0,0,0,1,0,0,0,,Indonesia,IDN,Asia,-6.175394,106.827183,323.03,8540121.0,273523621.0,11.3,96.0,160.3,31.2,36.1
Jakarta,gmDBzijaIAA,Jakarta_gmDBzijaIAA,8902,True,1,1,1,0,0,,,0,3.84,2.714,0.0,0,0,0,0,0,0,0,0,0,0,0,0,0,0,0,0,0,shine,Day,0,0,0,0,0,0,7.0,0,1.965,0,1,0,0,0,0,0,1,0,0,,,0,0,1,0,0,0,0,0,0,1,0,0,0,,Indonesia,IDN,Asia,-6.175394,106.827183,323.03,8540121.0,273523621.0,11.3,96.0,160.3,31.2,36.1
Jakarta,gmDBzijaIAA,Jakarta_gmDBzijaIAA,8937,True,2,1,1,0,0,,,0,3.511,4.372,0.0,0,0,0,0,0,0,0,0,0,0,0,1,1,0,0,0,0,shine,Day,0,0,0,0,0,0,8.0,0,2.005,0,0,0,0,0,0,0,1,0,0,,,0,0,1,0,0,0,0,0,0,0,0,0,0,,Indonesia,IDN,Asia,-6.175394,106.827183,323.03,8540121.0,273523621.0,11.3,96.0,160.3,31.2,36.1
Jakarta,gmDBzijaIAA,Jakarta_gmDBzijaIAA,8976,True,2,2,1,0,0,male,32.0,0,3.492,3.678,0.0,0,0,0,0,0,1,0,0,0,0,0,1,0,0,0,0,0,shine,Day,0,0,0,0,0,0,7.5,0,2.195,0,1,0,0,0,0,0,1,0,0,,,0,0,1,0,0,0,0,0,0,0,0,0,0,,Indonesia,IDN,Asia,-6.175394,106.827183,323.03,8540121.0,273523621.0,11.3,96.0,160.3,31.2,36.1
Jakarta,gmDBzijaIAA,Jakarta_gmDBzijaIAA,8983,True,1,1,1,0,0,male,35.0,0,3.406,,0.0,0,0,0,0,0,0,0,0,0,0,0,0,0,0,0,0,0,shine,Day,0,0,0,0,0,0,9.0,0,2.11,0,1,0,0,0,0,0,1,0,0,,,0,0,1,0,0,0,0,0,0,0,0,0,0,,Indonesia,IDN,Asia,-6.175394,106.827183,323.03,8540121.0,273523621.0,11.3,96.0,160.3,31.2,36.1
Jakarta,gmDBzijaIAA,Jakarta_gmDBzijaIAA,8990,True,0,0,1,0,0,,,0,3.537,3.065,0.0,0,0,0,0,0,1,0,0,0,0,0,1,0,0,0,0,0,shine,Day,0,0,0,0,0,0,4.0,0,2.125,0,0,0,0,0,0,0,1,0,0,,,0,0,1,0,0,0,0,0,0,0,0,0,0,,Indonesia,IDN,Asia,-6.175394,106.827183,323.03,8540121.0,273523621.0,11.3,96.0,160.3,31.2,36.1
Jakarta,gmDBzijaIAA,Jakarta_gmDBzijaIAA,8998,True,0,0,1,0,0,,,0,3.06,3.287,0.0,1,0,0,0,0,1,0,0,0,0,0,1,0,0,1,0,0,shine,Day,0,0,0,0,0,0,4.666666666666667,0,1.9733333333333327,0,0,0,0,0,0,0,1,0,0,,,0,0,1,0,0,0,0,0,0,0,0,0,0,,Indonesia,IDN,Asia,-6.175394,106.827183,323.03,8540121.0,273523621.0,11.3,96.0,160.3,31.2,36.1
Jakarta,gmDBzijaIAA,Jakarta_gmDBzijaIAA,9009,True,0,0,1,0,0,,,0,2.858,3.334,0.0,0,0,0,1,0,1,0,0,0,0,0,0,0,0,0,0,0,shine,Day,0,0,0,0,0,0,4.5,0,2.0475000000000003,0,0,0,0,0,0,0,1,0,0,,,0,0,1,0,0,0,0,1,0,0,0,0,0,,Indonesia,IDN,Asia,-6.175394,106.827183,323.03,8540121.0,273523621.0,11.3,96.0,160.3,31.2,36.1
Jakarta,gmDBzijaIAA,Jakarta_gmDBzijaIAA,9012,True,0,0,1,0,0,male,28.0,0,2.286,1.385,0.0,0,0,0,0,1,0,0,0,0,0,0,0,0,0,0,0,0,shine,Day,0,0,0,0,0,0,5.5,0,2.19,0,0,0,0,0,0,1,1,0,0,,,0,0,1,0,0,0,0,1,0,1,0,0,0,,Indonesia,IDN,Asia,-6.175394,106.827183,323.03,8540121.0,273523621.0,11.3,96.0,160.3,31.2,36.1
Jakarta,gmDBzijaIAA,Jakarta_gmDBzijaIAA,9028,True,2,1,1,0,0,,,0,0.858,1.175,0.0,0,0,0,0,0,0,0,0,0,0,0,0,0,0,0,0,0,shine,Day,0,0,0,0,0,0,8.4,0,1.456,0,1,0,0,0,0,0,1,0,0,,,0,0,1,0,0,1,0,1,0,1,0,0,0,,Indonesia,IDN,Asia,-6.175394,106.827183,323.03,8540121.0,273523621.0,11.3,96.0,160.3,31.2,36.1
Jakarta,gmDBzijaIAA,Jakarta_gmDBzijaIAA,9093,True,2,3,1,0,0,,,0,1.588,1.415,0.0,0,0,0,1,1,1,0,0,0,0,0,1,0,0,0,0,0,shine,Day,0,0,0,0,0,0,9.142857142857142,0,1.8514285714285712,0,0,0,0,0,0,0,1,0,0,,,0,0,1,0,0,0,0,1,0,1,0,0,0,,Indonesia,IDN,Asia,-6.175394,106.827183,323.03,8540121.0,273523621.0,11.3,96.0,160.3,31.2,36.1
Jakarta,gmDBzijaIAA,Jakarta_gmDBzijaIAA,9094,True,1,3,1,0,0,,,0,1.335,1.28,,1,0,0,1,1,1,0,0,0,0,0,1,0,0,0,0,0,shine,Day,0,0,0,0,0,0,9.285714285714286,0,1.6942857142857142,0,0,0,0,0,0,0,1,0,0,,,0,0,1,0,0,0,0,1,0,1,0,0,0,,Indonesia,IDN,Asia,-6.175394,106.827183,323.03,8540121.0,273523621.0,11.3,96.0,160.3,31.2,36.1
Jakarta,gmDBzijaIAA,Jakarta_gmDBzijaIAA,9115,True,1,3,1,0,0,female,63.0,0,1.796,1.679,0.0,0,0,0,1,0,0,0,0,0,0,0,0,0,0,0,0,0,shine,Day,0,0,0,0,0,0,8.714285714285714,0,1.914285714285714,0,0,0,0,0,0,0,1,0,0,,,0,0,1,0,0,0,0,1,0,0,0,0,0,,Indonesia,IDN,Asia,-6.175394,106.827183,323.03,8540121.0,273523621.0,11.3,96.0,160.3,31.2,36.1
Jakarta,gmDBzijaIAA,Jakarta_gmDBzijaIAA,9169,True,0,2,1,0,0,,,0,2.922,2.722,0.0,0,0,0,0,0,1,0,0,0,0,0,1,0,0,0,0,0,shine,Day,0,0,0,0,0,0,7.5,0,2.045,0,1,0,0,0,0,0,1,0,0,,,0,0,1,0,0,0,0,0,0,0,0,0,0,,Indonesia,IDN,Asia,-6.175394,106.827183,323.03,8540121.0,273523621.0,11.3,96.0,160.3,31.2,36.1
Jakarta,gmDBzijaIAA,Jakarta_gmDBzijaIAA,9193,True,1,2,1,0,0,,,0,2.973,2.629,0.0,0,0,0,0,0,1,0,0,0,0,0,1,0,0,0,0,0,shine,Day,0,0,0,0,0,0,8.0,0,2.235,0,0,0,0,0,0,0,1,0,0,,,0,0,1,0,0,0,0,0,0,0,0,0,0,,Indonesia,IDN,Asia,-6.175394,106.827183,323.03,8540121.0,273523621.0,11.3,96.0,160.3,31.2,36.1
Jakarta,gmDBzijaIAA,Jakarta_gmDBzijaIAA,9297,True,0,1,1,0,0,male,56.0,0,1.478,2.65,0.0,0,0,0,0,0,0,0,0,0,0,0,0,0,0,0,0,0,shine,Day,0,0,0,0,0,0,6.6,0,2.066,0,1,0,0,0,0,0,1,0,0,,,0,1,1,0,0,0,0,1,0,1,1,0,0,,Indonesia,IDN,Asia,-6.175394,106.827183,323.03,8540121.0,273523621.0,11.3,96.0,160.3,31.2,36.1
Jakarta,gmDBzijaIAA,Jakarta_gmDBzijaIAA,9324,True,2,2,1,0,0,female,64.0,0,0.995,0.834,0.13,0,0,0,0,0,0,0,0,0,0,0,0,0,0,0,0,0,shine,Day,0,0,0,0,0,0,6.0,0,1.485,0,1,0,0,0,0,0,1,0,0,,,0,0,1,0,0,0,0,0,0,0,0,0,0,,Indonesia,IDN,Asia,-6.175394,106.827183,323.03,8540121.0,273523621.0,11.3,96.0,160.3,31.2,36.1
Jakarta,gmDBzijaIAA,Jakarta_gmDBzijaIAA,9418,True,0,0,1,0,0,,,0,1.71,1.646,0.0,0,0,0,0,0,1,0,0,0,0,0,1,0,0,0,0,0,shine,Day,0,0,0,0,0,0,6.2,0,2.048,0,1,0,0,0,0,0,1,0,0,,,0,1,1,0,0,0,0,1,0,1,1,0,0,,Indonesia,IDN,Asia,-6.175394,106.827183,323.03,8540121.0,273523621.0,11.3,96.0,160.3,31.2,36.1
Jakarta,gmDBzijaIAA,Jakarta_gmDBzijaIAA,9525,True,1,1,1,0,0,,,0,2.401,1.222,0.0,0,0,0,0,0,0,0,0,0,0,0,0,0,0,0,0,0,shine,Day,0,0,0,0,0,0,7.272727272727272,0,2.0318181818181817,0,1,0,0,0,0,0,1,0,0,,,0,0,1,0,0,0,0,1,0,0,0,0,0,,Indonesia,IDN,Asia,-6.175394,106.827183,323.03,8540121.0,273523621.0,11.3,96.0,160.3,31.2,36.1
Jakarta,gmDBzijaIAA,Jakarta_gmDBzijaIAA,9607,True,2,2,1,0,0,,,0,2.11,1.934,0.0,0,0,0,0,0,0,0,0,0,0,0,0,0,0,0,0,0,shine,Day,0,0,0,0,0,0,7.538461538461538,0,1.9146153846153844,0,1,0,0,0,0,1,1,0,0,,,0,1,1,1,0,0,0,1,0,0,1,0,0,,Indonesia,IDN,Asia,-6.175394,106.827183,323.03,8540121.0,273523621.0,11.3,96.0,160.3,31.2,36.1
Jakarta,gmDBzijaIAA,Jakarta_gmDBzijaIAA,9628,True,1,2,1,0,0,,,0,2.867,3.005,0.0,0,0,0,0,0,0,0,0,0,0,0,1,0,0,0,0,0,shine,Day,0,0,0,0,0,0,5.0,0,2.056666666666666,0,0,0,0,1,0,0,0,0,0,,,0,0,1,1,0,0,0,1,0,0,1,0,0,,Indonesia,IDN,Asia,-6.175394,106.827183,323.03,8540121.0,273523621.0,11.3,96.0,160.3,31.2,36.1
Jakarta,gmDBzijaIAA,Jakarta_gmDBzijaIAA,9795,True,2,1,1,0,0,,,0,3.279,5.407,0.0,0,0,0,0,0,0,0,0,0,0,0,0,0,0,0,0,0,sunrise,Day,0,0,0,0,0,0,4.166666666666667,0,2.065,0,1,0,0,0,0,1,1,0,0,,,0,1,1,1,0,1,0,1,0,0,1,0,0,,Indonesia,IDN,Asia,-6.175394,106.827183,323.03,8540121.0,273523621.0,11.3,96.0,160.3,31.2,36.1
Jakarta,gmDBzijaIAA,Jakarta_gmDBzijaIAA,9838,True,0,0,1,0,0,,,0,2.79,1.499,0.0,0,0,0,0,0,0,0,0,0,0,0,0,0,0,0,0,0,shine,Day,0,0,0,0,0,0,3.5,0,2.0,0,1,0,0,0,0,0,1,0,0,,,0,0,1,0,0,0,0,0,0,1,0,0,0,,Indonesia,IDN,Asia,-6.175394,106.827183,323.03,8540121.0,273523621.0,11.3,96.0,160.3,31.2,36.1
Jakarta,gmDBzijaIAA,Jakarta_gmDBzijaIAA,9927,True,0,0,1,0,0,,,0,1.464,3.761,0.0,0,0,0,0,0,0,0,0,0,0,0,0,0,0,0,0,0,sunrise,Day,0,0,0,0,0,0,6.333333333333333,0,2.2433333333333336,0,1,0,0,0,0,0,1,0,0,,,0,0,1,0,0,0,0,1,0,1,0,0,0,,Indonesia,IDN,Asia,-6.175394,106.827183,323.03,8540121.0,273523621.0,11.3,96.0,160.3,31.2,36.1
Jakarta,gmDBzijaIAA,Jakarta_gmDBzijaIAA,9987,True,1,1,1,0,0,male,49.0,0,1.944,1.399,0.0,0,0,0,0,0,0,0,0,0,0,0,0,0,0,0,0,0,sunrise,Day,0,0,0,0,0,0,6.454545454545454,0,1.7018181818181817,0,1,0,0,0,0,0,1,0,0,,,0,0,1,1,0,0,0,1,0,1,1,0,0,,Indonesia,IDN,Asia,-6.175394,106.827183,323.03,8540121.0,273523621.0,11.3,96.0,160.3,31.2,36.1
Jakarta,gmDBzijaIAA,Jakarta_gmDBzijaIAA,10026,True,1,1,1,0,0,,,0,3.376,2.699,0.0,0,0,0,0,0,0,0,0,0,0,0,0,0,0,0,0,0,shine,Day,0,0,0,0,0,0,8.5,0,2.185,0,1,0,0,0,0,1,1,0,0,,,0,0,1,1,0,0,0,1,0,0,0,1,0,,Indonesia,IDN,Asia,-6.175394,106.827183,323.03,8540121.0,273523621.0,11.3,96.0,160.3,31.2,36.1
Jakarta,gmDBzijaIAA,Jakarta_gmDBzijaIAA,10035,True,1,2,1,0,0,,,0,3.433,1.961,0.0,0,0,0,0,0,0,0,0,0,0,0,0,0,0,0,0,0,shine,Day,0,0,0,0,0,0,8.333333333333334,0,2.1466666666666665,0,1,0,0,0,0,1,1,0,0,,,0,1,1,1,0,0,0,1,0,0,0,1,0,,Indonesia,IDN,Asia,-6.175394,106.827183,323.03,8540121.0,273523621.0,11.3,96.0,160.3,31.2,36.1
Jakarta,gmDBzijaIAA,Jakarta_gmDBzijaIAA,10039,True,2,1,1,0,0,,,0,1.176,0.655,0.0,0,0,0,1,0,0,0,0,0,0,0,0,0,0,0,0,0,shine,Day,0,0,0,0,0,0,8.8,0,2.166,0,1,0,0,0,0,1,1,0,0,,,0,1,1,1,0,0,0,1,0,1,0,1,0,,Indonesia,IDN,Asia,-6.175394,106.827183,323.03,8540121.0,273523621.0,11.3,96.0,160.3,31.2,36.1
Jakarta,gmDBzijaIAA,Jakarta_gmDBzijaIAA,10152,True,0,1,1,0,0,,,0,0.938,1.455,0.0,0,0,0,0,0,0,0,0,0,0,0,0,0,0,0,0,0,shine,Day,0,0,0,0,0,0,9.666666666666666,0,2.1133333333333333,0,1,0,0,0,0,1,1,0,0,,,0,0,1,0,0,0,0,0,0,1,0,0,0,,Indonesia,IDN,Asia,-6.175394,106.827183,323.03,8540121.0,273523621.0,11.3,96.0,160.3,31.2,36.1
Jakarta,gmDBzijaIAA,Jakarta_gmDBzijaIAA,10277,True,1,1,1,0,0,male,39.0,0,1.154,0.841,0.0,0,0,0,0,0,0,0,0,0,0,0,0,0,0,0,0,0,shine,Day,0,0,0,0,0,0,7.0,0,1.954,0,1,0,0,0,0,0,1,0,0,,,0,1,1,0,0,0,0,1,0,0,0,0,0,,Indonesia,IDN,Asia,-6.175394,106.827183,323.03,8540121.0,273523621.0,11.3,96.0,160.3,31.2,36.1
Jakarta,gmDBzijaIAA,Jakarta_gmDBzijaIAA,10478,True,1,1,1,0,0,male,41.0,0,4.478,5.794,,0,0,0,0,0,0,0,1,0,0,0,0,0,0,0,0,0,sunrise,Day,0,0,0,0,0,0,8.0,0,1.4500000000000002,0,1,0,0,0,0,1,1,0,0,,,0,1,1,0,0,0,0,1,0,0,0,0,0,,Indonesia,IDN,Asia,-6.175394,106.827183,323.03,8540121.0,273523621.0,11.3,96.0,160.3,31.2,36.1
Jakarta,gmDBzijaIAA,Jakarta_gmDBzijaIAA,10593,True,0,1,1,0,0,,,0,1.328,1.554,0.0,0,0,0,0,0,0,0,0,0,0,0,0,0,0,0,0,0,sunrise,Day,0,0,0,0,0,0,4.285714285714286,0,1.9342857142857144,0,1,0,0,0,0,1,1,0,0,,,0,1,1,1,0,0,0,1,0,0,0,0,0,,Indonesia,IDN,Asia,-6.175394,106.827183,323.03,8540121.0,273523621.0,11.3,96.0,160.3,31.2,36.1
Jakarta,gmDBzijaIAA,Jakarta_gmDBzijaIAA,10622,True,0,0,1,0,0,,,0,1.996,5.595,0.0,0,0,0,0,0,0,0,0,0,0,0,0,0,0,0,0,0,sunrise,Day,0,0,0,0,0,0,4.5,0,1.82,0,1,0,0,0,0,0,1,0,0,,,0,0,1,0,0,0,0,0,0,0,0,0,0,,Indonesia,IDN,Asia,-6.175394,106.827183,323.03,8540121.0,273523621.0,11.3,96.0,160.3,31.2,36.1
Jakarta,gmDBzijaIAA,Jakarta_gmDBzijaIAA,10897,True,0,2,0,0,0,,,0,1.306,1.316,0.0,0,0,0,0,0,0,0,0,0,0,0,0,0,0,0,0,0,shine,Day,0,0,0,0,0,0,6.4,0,2.166,0,1,0,0,0,0,0,1,0,0,,,0,1,1,0,0,0,0,1,0,0,0,1,0,,Indonesia,IDN,Asia,-6.175394,106.827183,323.03,8540121.0,273523621.0,11.3,96.0,160.3,31.2,36.1
Jakarta,gmDBzijaIAA,Jakarta_gmDBzijaIAA,10917,True,2,3,0,0,0,,,0,1.177,1.381,0.0,0,0,0,0,0,0,0,0,0,0,0,0,0,0,0,0,0,shine,Day,0,0,0,0,0,0,6.333333333333333,0,2.1733333333333333,0,1,0,0,0,0,0,1,0,0,,,0,0,1,0,0,0,0,1,0,0,0,1,0,,Indonesia,IDN,Asia,-6.175394,106.827183,323.03,8540121.0,273523621.0,11.3,96.0,160.3,31.2,36.1
Jakarta,gmDBzijaIAA,Jakarta_gmDBzijaIAA,10934,True,2,4,0,0,0,,,0,0.919,1.302,0.0,0,0,0,0,0,0,0,0,0,0,0,0,0,0,0,0,0,shine,Day,0,0,0,0,0,0,6.25,0,2.1475,0,1,0,0,0,0,0,1,0,0,,,0,0,1,0,0,0,0,1,0,0,0,1,0,,Indonesia,IDN,Asia,-6.175394,106.827183,323.03,8540121.0,273523621.0,11.3,96.0,160.3,31.2,36.1
Jakarta,gmDBzijaIAA,Jakarta_gmDBzijaIAA,11030,True,0,1,0,0,0,,,0,0.74,1.842,0.0,0,0,0,0,0,0,0,0,0,0,0,0,0,0,0,0,0,shine,Day,0,0,0,0,0,0,6.4,0,2.11,0,1,0,0,0,0,0,1,0,0,,,0,0,1,0,0,0,0,1,0,0,0,0,0,,Indonesia,IDN,Asia,-6.175394,106.827183,323.03,8540121.0,273523621.0,11.3,96.0,160.3,31.2,36.1
Jakarta,gmDBzijaIAA,Jakarta_gmDBzijaIAA,11539,True,0,0,1,0,0,,,0,0.755,1.392,0.0,1,0,0,0,0,0,0,0,0,0,0,1,0,0,0,0,0,rain,Day,0,0,0,0,0,0,7.75,0,2.1925,0,0,0,0,0,0,1,1,0,0,,,0,0,1,0,0,0,0,1,0,1,0,1,0,,Indonesia,IDN,Asia,-6.175394,106.827183,323.03,8540121.0,273523621.0,11.3,96.0,160.3,31.2,36.1
Jakarta,gmDBzijaIAA,Jakarta_gmDBzijaIAA,11560,True,1,1,0,0,0,,,0,0.26,0.883,0.0,1,0,0,0,0,0,0,0,0,0,0,0,0,0,0,0,0,rain,Day,0,0,0,0,0,0,9.0,0,2.211,0,0,0,0,0,0,1,1,0,0,,,0,1,1,0,0,0,0,1,0,1,0,1,0,,Indonesia,IDN,Asia,-6.175394,106.827183,323.03,8540121.0,273523621.0,11.3,96.0,160.3,31.2,36.1
Jakarta,gmDBzijaIAA,Jakarta_gmDBzijaIAA,11606,True,0,1,0,0,0,,,0,1.262,1.33,0.0,0,0,0,0,0,0,0,0,0,0,0,0,0,0,0,0,0,rain,Day,0,0,0,0,0,0,9.0,0,2.22,0,0,0,0,0,0,1,1,0,0,,,0,0,1,0,0,0,0,1,0,1,0,0,0,,Indonesia,IDN,Asia,-6.175394,106.827183,323.03,8540121.0,273523621.0,11.3,96.0,160.3,31.2,36.1
Jakarta,gmDBzijaIAA,Jakarta_gmDBzijaIAA,11609,True,1,1,0,0,0,,,0,1.121,1.399,0.0,1,0,0,0,0,0,0,0,0,0,0,0,0,0,0,0,0,shine,Day,0,0,0,0,0,0,12.666666666666666,0,2.063333333333333,0,0,0,0,0,0,1,1,0,0,,,0,0,1,0,0,0,0,1,0,1,0,0,0,,Indonesia,IDN,Asia,-6.175394,106.827183,323.03,8540121.0,273523621.0,11.3,96.0,160.3,31.2,36.1
Jakarta,gmDBzijaIAA,Jakarta_gmDBzijaIAA,11628,True,1,2,0,0,0,,,0,1.253,1.192,0.0,0,0,0,0,0,1,0,0,0,0,0,0,0,0,0,0,0,shine,Day,0,0,0,0,0,0,10.75,0,2.1325000000000003,0,0,0,0,0,0,1,1,0,0,,,0,0,1,0,0,0,0,1,0,1,0,0,0,,Indonesia,IDN,Asia,-6.175394,106.827183,323.03,8540121.0,273523621.0,11.3,96.0,160.3,31.2,36.1
Jakarta,gmDBzijaIAA,Jakarta_gmDBzijaIAA,11635,True,1,2,0,0,0,,,0,0.285,0.827,,0,0,0,0,0,1,0,0,0,0,0,0,0,0,0,0,0,sunrise,Day,0,0,0,0,0,0,10.333333333333334,0,2.0900000000000003,0,0,0,0,0,0,1,1,0,0,,,0,0,1,0,0,0,0,1,0,1,0,0,0,,Indonesia,IDN,Asia,-6.175394,106.827183,323.03,8540121.0,273523621.0,11.3,96.0,160.3,31.2,36.1
Jakarta,gmDBzijaIAA,Jakarta_gmDBzijaIAA,11662,True,4,3,0,0,0,,,0,0.602,0.93,0.0,0,0,0,0,0,1,0,0,0,0,0,1,0,0,0,0,0,sunrise,Day,0,0,0,0,0,0,10.5,0,2.0900000000000003,0,0,0,0,0,0,1,1,0,0,,,0,0,1,0,0,0,0,1,0,1,0,0,0,,Indonesia,IDN,Asia,-6.175394,106.827183,323.03,8540121.0,273523621.0,11.3,96.0,160.3,31.2,36.1
Jakarta,gmDBzijaIAA,Jakarta_gmDBzijaIAA,11700,True,3,3,1,0,0,,,0,0.592,0.749,0.0,1,0,0,0,0,0,0,0,0,0,0,0,0,0,0,0,0,shine,Day,0,0,0,0,0,0,10.75,0,2.1225,0,0,0,0,0,0,1,1,0,0,,,0,0,1,0,0,0,0,1,0,1,0,0,0,,Indonesia,IDN,Asia,-6.175394,106.827183,323.03,8540121.0,273523621.0,11.3,96.0,160.3,31.2,36.1
Jakarta,gmDBzijaIAA,Jakarta_gmDBzijaIAA,11735,True,1,2,1,0,0,,,0,0.879,0.682,0.0,1,0,0,1,0,1,0,0,0,0,0,0,0,0,0,0,0,sunrise,Day,0,0,0,0,0,0,10.833333333333334,0,2.1016666666666666,0,0,0,0,0,0,1,1,0,0,,,0,0,1,0,0,0,0,1,0,0,0,0,0,,Indonesia,IDN,Asia,-6.175394,106.827183,323.03,8540121.0,273523621.0,11.3,96.0,160.3,31.2,36.1
Jakarta,gmDBzijaIAA,Jakarta_gmDBzijaIAA,11786,True,3,2,1,1,0,,,0,1.181,1.549,0.0,0,0,0,0,0,0,0,0,0,0,0,0,0,0,0,0,0,sunrise,Day,0,0,0,0,0,0,10.833333333333334,0,2.14,0,0,0,0,0,0,1,1,0,0,,,0,1,1,0,0,0,0,1,0,0,0,0,0,,Indonesia,IDN,Asia,-6.175394,106.827183,323.03,8540121.0,273523621.0,11.3,96.0,160.3,31.2,36.1
Jakarta,gmDBzijaIAA,Jakarta_gmDBzijaIAA,12024,True,1,1,1,0,0,,,1,1.131,0.743,0.0,0,0,0,0,0,0,0,0,0,0,0,0,0,0,0,0,0,shine,Day,0,0,0,0,0,0,6.857142857142857,0,1.955714285714286,0,1,0,0,0,0,0,1,0,0,,,0,1,1,0,0,0,0,0,0,1,0,0,0,,Indonesia,IDN,Asia,-6.175394,106.827183,323.03,8540121.0,273523621.0,11.3,96.0,160.3,31.2,36.1
Jakarta,gmDBzijaIAA,Jakarta_gmDBzijaIAA,12168,True,3,2,1,0,0,,,0,0.865,0.2,0.0,0,0,0,0,0,0,0,0,0,0,0,0,0,0,0,0,0,shine,Day,0,0,0,0,0,0,8.88888888888889,0,1.8233333333333333,0,1,0,0,0,0,1,1,0,0,,,0,0,1,0,0,1,0,1,0,1,0,0,0,,Indonesia,IDN,Asia,-6.175394,106.827183,323.03,8540121.0,273523621.0,11.3,96.0,160.3,31.2,36.1
Jakarta,gmDBzijaIAA,Jakarta_gmDBzijaIAA,12186,True,2,2,1,0,0,,,0,1.221,0.563,0.0,0,0,0,0,0,0,0,0,0,0,0,0,0,0,0,0,0,sunrise,Day,0,0,0,0,0,0,9.833333333333334,0,1.6866666666666663,0,1,0,0,0,0,1,1,0,0,,,0,0,1,0,0,1,0,1,0,1,0,0,0,,Indonesia,IDN,Asia,-6.175394,106.827183,323.03,8540121.0,273523621.0,11.3,96.0,160.3,31.2,36.1
Jakarta,gmDBzijaIAA,Jakarta_gmDBzijaIAA,12565,True,0,1,1,0,0,,,0,1.129,2.126,0.0,0,0,0,0,0,0,0,0,0,0,0,0,0,0,0,0,0,shine,Day,0,0,0,0,0,0,4.75,0,2.09,0,0,0,0,0,0,0,1,0,0,,,0,0,1,0,0,0,0,0,0,0,0,0,0,,Indonesia,IDN,Asia,-6.175394,106.827183,323.03,8540121.0,273523621.0,11.3,96.0,160.3,31.2,36.1
Jakarta,gmDBzijaIAA,Jakarta_gmDBzijaIAA,13205,True,1,1,1,0,0,,,0,0.272,0.104,0.07,0,0,0,0,0,0,0,1,0,0,0,0,0,0,0,0,0,shine,Day,0,0,0,0,0,0,6.133333333333334,0,1.9259999999999995,0,0,0,0,0,0,1,1,0,0,,,0,1,1,0,0,0,0,1,0,0,1,0,0,,Indonesia,IDN,Asia,-6.175394,106.827183,323.03,8540121.0,273523621.0,11.3,96.0,160.3,31.2,36.1
Jakarta,gmDBzijaIAA,Jakarta_gmDBzijaIAA,13349,True,0,1,1,0,0,,,0,1.946,1.606,0.0,0,0,0,0,0,0,0,0,0,0,0,0,0,0,0,0,0,shine,Day,0,0,0,0,0,0,10.5,0,1.3624999999999998,0,1,0,0,0,0,1,1,0,0,,,0,1,1,1,0,0,0,0,0,0,0,0,0,,Indonesia,IDN,Asia,-6.175394,106.827183,323.03,8540121.0,273523621.0,11.3,96.0,160.3,31.2,36.1
Jakarta,gmDBzijaIAA,Jakarta_gmDBzijaIAA,13363,True,0,2,1,0,0,,,0,1.578,1.507,0.0,0,0,0,0,0,0,0,0,0,0,0,0,0,0,0,0,0,shine,Day,0,0,0,0,0,0,12.8,0,1.608,0,0,0,0,0,0,1,1,0,0,,,0,1,1,1,0,0,0,0,0,1,0,0,0,,Indonesia,IDN,Asia,-6.175394,106.827183,323.03,8540121.0,273523621.0,11.3,96.0,160.3,31.2,36.1
Jakarta,gmDBzijaIAA,Jakarta_gmDBzijaIAA,13376,True,1,2,1,0,0,,,0,2.115,1.881,0.0,0,0,0,0,0,0,0,0,0,0,0,0,0,0,0,0,0,shine,Day,0,0,0,0,0,0,12.5,0,2.105,0,0,0,0,0,0,1,1,0,0,,,0,0,1,1,0,0,0,0,0,1,0,0,0,,Indonesia,IDN,Asia,-6.175394,106.827183,323.03,8540121.0,273523621.0,11.3,96.0,160.3,31.2,36.1
Jakarta,gmDBzijaIAA,Jakarta_gmDBzijaIAA,13378,True,1,2,1,0,0,,,0,0.906,1.34,0.0,0,0,0,0,1,1,0,0,0,0,0,0,0,0,0,0,0,shine,Day,0,0,0,0,0,0,13.5,0,2.2225,0,0,0,0,0,0,1,1,0,0,,,0,1,1,1,0,0,0,0,0,1,0,0,0,,Indonesia,IDN,Asia,-6.175394,106.827183,323.03,8540121.0,273523621.0,11.3,96.0,160.3,31.2,36.1
Jakarta,gmDBzijaIAA,Jakarta_gmDBzijaIAA,13394,True,1,1,1,0,0,,,0,1.386,1.223,0.0,1,0,0,0,0,0,0,0,0,0,0,0,0,0,0,0,0,shine,Day,0,0,0,0,0,0,14.333333333333334,0,2.185,0,0,0,0,0,0,1,1,0,0,,,0,1,1,0,0,1,0,1,0,1,0,0,0,,Indonesia,IDN,Asia,-6.175394,106.827183,323.03,8540121.0,273523621.0,11.3,96.0,160.3,31.2,36.1
Jakarta,gmDBzijaIAA,Jakarta_gmDBzijaIAA,13423,True,1,2,1,0,0,,,0,1.219,0.912,0.0,0,0,0,0,0,0,0,0,0,0,0,0,0,0,0,0,0,shine,Day,0,0,0,0,0,0,14.333333333333334,0,1.905,0,0,0,0,0,0,1,1,0,0,,,0,0,1,0,0,1,0,1,0,1,0,0,0,,Indonesia,IDN,Asia,-6.175394,106.827183,323.03,8540121.0,273523621.0,11.3,96.0,160.3,31.2,36.1
Jakarta,gmDBzijaIAA,Jakarta_gmDBzijaIAA,13453,True,2,2,1,0,0,,,0,1.933,1.885,0.0,0,0,0,0,0,0,0,0,0,0,0,0,0,0,0,0,0,shine,Day,0,0,0,0,0,0,14.666666666666666,0,1.67,0,1,0,0,0,0,0,1,0,0,,,0,0,1,0,0,0,0,1,0,1,0,0,0,,Indonesia,IDN,Asia,-6.175394,106.827183,323.03,8540121.0,273523621.0,11.3,96.0,160.3,31.2,36.1
Jakarta,gmDBzijaIAA,Jakarta_gmDBzijaIAA,13505,True,2,2,1,0,0,female,41.0,0,1.788,0.796,0.0,0,0,0,0,0,0,0,0,0,0,0,0,0,0,0,0,0,shine,Day,0,0,0,0,0,0,12.666666666666666,0,2.085,0,1,0,0,0,0,0,1,0,0,,,0,1,1,0,0,0,0,1,0,1,0,0,0,,Indonesia,IDN,Asia,-6.175394,106.827183,323.03,8540121.0,273523621.0,11.3,96.0,160.3,31.2,36.1
Jakarta,gmDBzijaIAA,Jakarta_gmDBzijaIAA,13535,True,3,2,1,0,0,,,0,2.391,2.116,0.0,0,0,0,0,0,0,0,0,0,0,0,0,0,0,0,0,0,shine,Day,0,0,0,0,0,0,11.833333333333334,0,2.053333333333333,0,1,0,0,0,0,0,1,0,0,,,0,1,1,0,0,0,0,1,0,1,0,0,0,,Indonesia,IDN,Asia,-6.175394,106.827183,323.03,8540121.0,273523621.0,11.3,96.0,160.3,31.2,36.1
Jakarta,gmDBzijaIAA,Jakarta_gmDBzijaIAA,13550,True,2,1,1,0,0,,,0,1.248,0.989,0.0,0,0,0,0,0,1,0,0,0,0,0,0,0,0,0,0,0,shine,Day,0,0,0,0,0,0,9.210526315789474,0,2.1121052631578947,0,1,0,0,0,0,1,1,0,0,,,0,1,1,0,0,0,0,1,0,1,0,0,0,,Indonesia,IDN,Asia,-6.175394,106.827183,323.03,8540121.0,273523621.0,11.3,96.0,160.3,31.2,36.1
Jakarta,gmDBzijaIAA,Jakarta_gmDBzijaIAA,13770,True,1,1,1,0,0,,,0,3.113,3.335,0.0,0,0,0,0,0,0,0,0,0,0,0,0,0,0,0,0,0,shine,Day,0,0,0,0,0,0,8.75,0,2.095,0,1,0,0,0,0,1,1,0,0,,,0,0,1,0,0,0,0,1,0,0,0,0,0,,Indonesia,IDN,Asia,-6.175394,106.827183,323.03,8540121.0,273523621.0,11.3,96.0,160.3,31.2,36.1
Jakarta,gmDBzijaIAA,Jakarta_gmDBzijaIAA,13802,True,1,1,1,0,0,,,0,2.962,2.819,0.0,0,0,0,0,0,1,0,0,0,0,0,0,0,0,0,0,0,shine,Day,0,0,0,0,0,0,8.333333333333334,0,2.066666666666667,0,1,0,0,0,0,1,1,0,0,,,0,0,1,0,0,0,0,1,0,0,0,0,0,,Indonesia,IDN,Asia,-6.175394,106.827183,323.03,8540121.0,273523621.0,11.3,96.0,160.3,31.2,36.1
Jakarta,gmDBzijaIAA,Jakarta_gmDBzijaIAA,13819,True,0,1,1,0,0,male,35.0,0,0.965,0.454,0.0,0,0,0,0,0,0,0,0,0,0,0,0,0,0,0,0,0,shine,Day,0,0,0,0,0,0,8.333333333333334,0,2.066666666666667,0,1,0,0,0,0,1,1,0,0,,,0,0,1,0,0,0,0,1,0,0,0,0,0,,Indonesia,IDN,Asia,-6.175394,106.827183,323.03,8540121.0,273523621.0,11.3,96.0,160.3,31.2,36.1
Jakarta,gmDBzijaIAA,Jakarta_gmDBzijaIAA,14146,True,2,2,1,0,0,,,0,1.439,1.469,0.0,0,0,0,0,0,0,0,0,0,0,0,0,0,0,0,0,0,shine,Day,0,0,0,0,0,0,5.625,0,1.7825,0,1,0,0,0,0,1,1,0,0,,,0,0,1,0,0,0,0,0,0,0,0,0,0,,Indonesia,IDN,Asia,-6.175394,106.827183,323.03,8540121.0,273523621.0,11.3,96.0,160.3,31.2,36.1
Jakarta,gmDBzijaIAA,Jakarta_gmDBzijaIAA,14596,True,2,2,1,0,0,male,32.0,0,0.534,0.483,0.0,0,0,0,0,1,1,0,0,0,0,0,1,0,0,0,0,0,shine,Day,0,0,0,0,0,0,10.444444444444445,0,1.9644444444444444,0,1,0,0,0,0,1,1,0,0,,,0,0,1,0,0,0,0,0,0,0,0,0,0,,Indonesia,IDN,Asia,-6.175394,106.827183,323.03,8540121.0,273523621.0,11.3,96.0,160.3,31.2,36.1
Jakarta,gmDBzijaIAA,Jakarta_gmDBzijaIAA,14651,True,2,2,1,0,0,,,0,0.714,0.732,0.0,0,0,0,0,0,0,0,0,0,0,0,0,0,0,0,0,0,shine,Day,0,0,0,0,0,0,12.0,0,1.9666666666666668,0,1,0,0,0,0,1,1,0,0,,,0,0,1,0,0,0,0,0,0,0,0,0,0,,Indonesia,IDN,Asia,-6.175394,106.827183,323.03,8540121.0,273523621.0,11.3,96.0,160.3,31.2,36.1
Jakarta,gmDBzijaIAA,Jakarta_gmDBzijaIAA,14686,True,2,3,1,0,0,,,0,0.76,0.686,,0,0,0,0,0,0,0,0,0,0,0,0,0,0,0,0,0,shine,Day,0,0,0,0,0,0,11.357142857142858,0,2.025,0,1,0,0,0,0,1,1,0,0,,,0,0,1,0,0,0,0,1,0,0,0,0,0,,Indonesia,IDN,Asia,-6.175394,106.827183,323.03,8540121.0,273523621.0,11.3,96.0,160.3,31.2,36.1
Jakarta,gmDBzijaIAA,Jakarta_gmDBzijaIAA,15004,True,2,2,1,0,0,,,0,1.62,1.322,0.0,0,0,0,0,0,0,0,0,0,0,0,0,0,0,0,0,0,sunrise,Day,0,0,0,0,0,0,9.22222222222222,0,2.074444444444444,0,1,0,0,0,0,1,1,0,0,,,0,0,1,0,0,0,0,0,0,0,0,0,0,,Indonesia,IDN,Asia,-6.175394,106.827183,323.03,8540121.0,273523621.0,11.3,96.0,160.3,31.2,36.1
Jakarta,gmDBzijaIAA,Jakarta_gmDBzijaIAA,15089,True,3,3,1,0,0,,,0,0.967,0.532,0.0,0,0,0,0,0,0,0,0,0,0,0,0,0,0,0,0,0,sunrise,Day,0,0,0,0,0,0,8.5,0,2.0825,0,1,0,0,0,0,0,1,0,0,,,0,0,1,0,0,0,0,0,0,0,0,0,0,,Indonesia,IDN,Asia,-6.175394,106.827183,323.03,8540121.0,273523621.0,11.3,96.0,160.3,31.2,36.1
Jakarta,gmDBzijaIAA,Jakarta_gmDBzijaIAA,15121,True,4,4,1,0,0,,,0,0.687,0.673,,0,0,0,0,0,0,0,0,0,0,0,0,0,0,0,0,0,sunrise,Day,0,0,0,0,0,0,8.266666666666667,0,2.096,0,1,0,0,0,0,0,1,0,0,,,0,0,1,0,0,0,0,0,0,0,0,0,0,,Indonesia,IDN,Asia,-6.175394,106.827183,323.03,8540121.0,273523621.0,11.3,96.0,160.3,31.2,36.1
Jakarta,gmDBzijaIAA,Jakarta_gmDBzijaIAA,15312,True,2,2,1,0,0,,,0,0.752,1.118,0.0,0,0,0,0,0,0,0,0,0,0,0,0,0,0,0,0,0,shine,Day,0,0,0,0,0,0,6.571428571428571,0,2.127142857142857,0,1,0,0,0,0,0,1,0,0,,,0,0,1,1,0,0,0,1,0,0,0,0,0,,Indonesia,IDN,Asia,-6.175394,106.827183,323.03,8540121.0,273523621.0,11.3,96.0,160.3,31.2,36.1
Jakarta,gmDBzijaIAA,Jakarta_gmDBzijaIAA,15524,True,1,1,1,0,0,,,0,1.071,0.894,0.0,0,0,0,0,0,0,0,0,0,0,0,0,0,0,0,0,0,sunrise,Day,0,0,0,0,0,0,11.5,0,2.24,0,1,0,0,0,0,1,1,0,0,,,0,1,1,1,0,0,0,0,0,0,1,0,0,,Indonesia,IDN,Asia,-6.175394,106.827183,323.03,8540121.0,273523621.0,11.3,96.0,160.3,31.2,36.1
Jakarta,gmDBzijaIAA,Jakarta_gmDBzijaIAA,15552,True,1,2,1,0,0,,,0,0.934,1.076,,0,0,0,0,0,0,0,0,0,0,0,0,0,0,0,0,0,sunrise,Day,0,0,0,0,0,0,11.333333333333334,0,2.2216666666666667,0,1,0,0,0,0,1,1,0,0,,,0,1,1,1,0,0,0,0,0,0,1,0,0,,Indonesia,IDN,Asia,-6.175394,106.827183,323.03,8540121.0,273523621.0,11.3,96.0,160.3,31.2,36.1
Jakarta,gmDBzijaIAA,Jakarta_gmDBzijaIAA,15583,True,2,2,1,0,0,,,0,0.763,0.744,0.0,0,0,0,0,0,0,0,0,0,0,0,0,0,0,0,0,0,sunrise,Day,0,0,0,0,0,0,12.5,0,2.1666666666666665,0,1,0,0,0,0,1,1,0,0,,,0,0,1,1,0,0,0,0,0,0,1,0,0,,Indonesia,IDN,Asia,-6.175394,106.827183,323.03,8540121.0,273523621.0,11.3,96.0,160.3,31.2,36.1
Jakarta,gmDBzijaIAA,Jakarta_gmDBzijaIAA,17029,True,0,0,1,0,0,,,0,1.394,8.924,0.0,0,0,0,0,1,0,0,0,0,0,0,1,0,0,0,0,0,shine,Day,0,0,0,0,0,0,5.5,0,2.13,0,1,0,0,0,0,0,1,0,0,,,0,1,1,0,0,0,0,1,0,0,0,0,0,,Indonesia,IDN,Asia,-6.175394,106.827183,323.03,8540121.0,273523621.0,11.3,96.0,160.3,31.2,36.1
Jakarta,gmDBzijaIAA,Jakarta_gmDBzijaIAA,17130,True,1,1,1,0,0,,,0,0.532,0.854,0.0,0,0,0,0,0,0,0,0,0,0,0,0,0,0,0,0,0,shine,Day,0,0,0,0,0,0,6.25,0,2.068125,0,1,0,0,0,0,1,1,0,0,,,0,0,1,0,0,0,0,1,0,0,0,0,0,,Indonesia,IDN,Asia,-6.175394,106.827183,323.03,8540121.0,273523621.0,11.3,96.0,160.3,31.2,36.1
Jakarta,gmDBzijaIAA,Jakarta_gmDBzijaIAA,17510,True,1,1,1,0,0,,,0,1.137,1.533,0.0,0,0,0,0,0,0,0,0,0,0,0,0,0,0,0,0,0,sunrise,Day,0,0,0,0,0,0,7.333333333333333,0,1.8611111111111112,0,1,0,0,0,0,0,1,0,0,,,0,0,1,0,0,0,0,1,0,0,0,0,0,,Indonesia,IDN,Asia,-6.175394,106.827183,323.03,8540121.0,273523621.0,11.3,96.0,160.3,31.2,36.1
Jakarta,gmDBzijaIAA,Jakarta_gmDBzijaIAA,18859,True,1,1,1,0,0,,,0,0.99,1.775,0.0,0,0,0,0,0,0,0,0,0,0,0,0,0,0,0,0,0,shine,Day,0,0,0,0,0,0,8.666666666666666,0,2.098333333333333,0,1,0,0,0,0,0,1,0,0,,,0,0,1,0,0,0,0,0,0,0,0,0,0,,Indonesia,IDN,Asia,-6.175394,106.827183,323.03,8540121.0,273523621.0,11.3,96.0,160.3,31.2,36.1
Jakarta,gmDBzijaIAA,Jakarta_gmDBzijaIAA,19042,True,0,0,1,0,0,,,0,1.692,1.151,0.0,0,0,0,0,0,0,0,0,0,0,0,0,0,0,0,0,0,shine,Day,0,0,0,0,0,0,6.5,0,1.84,0,1,0,0,0,0,0,1,0,0,,,0,0,0,0,0,0,0,0,0,0,0,0,0,,Indonesia,IDN,Asia,-6.175394,106.827183,323.03,8540121.0,273523621.0,11.3,96.0,160.3,31.2,36.1
Jakarta,gmDBzijaIAA,Jakarta_gmDBzijaIAA,19129,True,0,0,1,0,0,,,0,0.462,0.728,,0,0,0,0,0,0,0,0,0,0,0,0,0,0,0,0,0,sunrise,Day,0,0,0,0,0,0,6.727272727272728,0,1.989090909090909,0,0,0,0,0,0,1,1,0,0,,,0,0,1,0,0,0,0,1,0,0,0,0,0,,Indonesia,IDN,Asia,-6.175394,106.827183,323.03,8540121.0,273523621.0,11.3,96.0,160.3,31.2,36.1
Jakarta,gmDBzijaIAA,Jakarta_gmDBzijaIAA,19297,True,1,1,1,0,0,,,0,0.872,0.971,0.0,0,0,0,0,0,0,0,0,0,0,0,0,0,0,0,0,0,rain,Day,0,0,0,0,0,0,8.0,0,2.091666666666667,0,1,0,0,0,0,0,1,0,0,,,0,1,1,0,0,0,0,0,0,0,0,0,0,,Indonesia,IDN,Asia,-6.175394,106.827183,323.03,8540121.0,273523621.0,11.3,96.0,160.3,31.2,36.1
Jakarta,gmDBzijaIAA,Jakarta_gmDBzijaIAA,19809,True,2,1,1,0,0,,,0,0.612,0.698,0.0,0,0,0,0,0,0,0,0,0,0,0,0,0,0,0,0,0,shine,Day,0,0,0,0,1,0,5.75,0,1.9225,0,1,0,0,0,0,1,1,0,0,,,0,0,1,1,0,0,0,1,0,0,1,0,0,,Indonesia,IDN,Asia,-6.175394,106.827183,323.03,8540121.0,273523621.0,11.3,96.0,160.3,31.2,36.1
Jakarta,gmDBzijaIAA,Jakarta_gmDBzijaIAA,19852,True,1,1,1,0,0,,,0,1.767,0.865,0.0,0,0,0,1,0,1,0,0,0,0,0,0,0,0,0,0,0,shine,Day,0,0,0,0,0,0,6.0,0,1.46,0,1,0,0,0,0,1,1,0,0,,,0,0,1,0,0,0,0,0,0,0,0,0,0,,Indonesia,IDN,Asia,-6.175394,106.827183,323.03,8540121.0,273523621.0,11.3,96.0,160.3,31.2,36.1
Jakarta,gmDBzijaIAA,Jakarta_gmDBzijaIAA,19953,True,1,1,1,0,0,,,0,1.016,0.706,0.0,0,0,0,0,0,0,0,0,0,0,0,0,0,0,0,0,0,shine,Day,0,0,0,0,0,0,7.5,0,2.091,0,1,0,0,0,0,1,1,0,0,,,0,0,1,1,0,0,0,1,0,0,1,0,0,,Indonesia,IDN,Asia,-6.175394,106.827183,323.03,8540121.0,273523621.0,11.3,96.0,160.3,31.2,36.1
Jakarta,gmDBzijaIAA,Jakarta_gmDBzijaIAA,21394,True,0,1,1,0,0,,,0,1.237,1.363,0.0,0,0,0,0,0,0,0,0,0,0,0,0,0,0,0,0,0,shine,Day,0,0,0,0,0,0,7.571428571428571,0,1.9328571428571428,0,0,0,0,0,0,0,1,0,0,,,0,0,1,0,0,0,0,1,0,0,0,0,0,,Indonesia,IDN,Asia,-6.175394,106.827183,323.03,8540121.0,273523621.0,11.3,96.0,160.3,31.2,36.1
Jakarta,gmDBzijaIAA,Jakarta_gmDBzijaIAA,21558,True,0,1,1,0,0,,,0,1.05,4.958,0.0,0,0,0,0,0,0,0,0,0,0,0,0,0,0,0,0,0,shine,Day,0,0,0,0,0,0,6.5,0,1.625,0,1,0,0,0,0,0,1,0,0,,,0,0,1,0,0,0,0,0,0,0,0,0,0,,Indonesia,IDN,Asia,-6.175394,106.827183,323.03,8540121.0,273523621.0,11.3,96.0,160.3,31.2,36.1
Jakarta,gmDBzijaIAA,Jakarta_gmDBzijaIAA,21927,True,0,1,1,0,0,,,0,0.865,1.286,0.0,0,0,0,1,0,0,0,0,0,0,0,0,0,0,0,0,0,shine,Day,0,0,0,0,0,0,6.375,0,1.765,0,1,0,0,0,0,1,1,0,0,,,0,1,1,0,0,0,0,0,0,0,0,0,0,,Indonesia,IDN,Asia,-6.175394,106.827183,323.03,8540121.0,273523621.0,11.3,96.0,160.3,31.2,36.1
Jakarta,gmDBzijaIAA,Jakarta_gmDBzijaIAA,21943,True,1,1,1,0,0,,,0,0.554,0.184,0.0,0,0,0,0,0,0,0,0,0,0,0,0,0,0,0,0,0,shine,Day,0,0,0,0,0,0,6.777777777777778,0,1.8866666666666667,0,1,0,0,0,0,1,1,0,0,,,0,1,1,0,0,0,0,1,0,0,0,0,0,,Indonesia,IDN,Asia,-6.175394,106.827183,323.03,8540121.0,273523621.0,11.3,96.0,160.3,31.2,36.1
Jakarta,gmDBzijaIAA,Jakarta_gmDBzijaIAA,21978,True,2,2,1,0,0,,,0,1.289,2.176,0.0,0,0,0,0,0,0,0,0,0,0,0,0,0,0,0,0,0,sunrise,Day,0,0,0,0,0,0,8.166666666666666,0,2.018333333333333,0,1,0,0,0,0,0,1,0,0,,,0,1,1,1,0,0,0,1,0,0,0,0,0,,Indonesia,IDN,Asia,-6.175394,106.827183,323.03,8540121.0,273523621.0,11.3,96.0,160.3,31.2,36.1
Jakarta,gmDBzijaIAA,Jakarta_gmDBzijaIAA,22010,True,0,1,1,0,0,,,0,0.593,1.011,0.0,0,0,0,0,0,0,0,0,0,0,0,0,0,0,0,0,0,shine,Day,0,0,0,0,0,0,9.0,0,2.0483333333333333,0,0,0,0,0,0,0,1,0,0,,,0,1,1,1,0,0,0,1,0,1,0,0,0,,Indonesia,IDN,Asia,-6.175394,106.827183,323.03,8540121.0,273523621.0,11.3,96.0,160.3,31.2,36.1
Jakarta,gmDBzijaIAA,Jakarta_gmDBzijaIAA,22053,True,2,2,1,0,0,,,0,1.292,0.65,0.0,0,0,0,0,0,0,0,0,0,0,0,0,0,0,0,0,0,shine,Day,0,0,0,0,0,0,11.0,0,2.205,0,0,0,0,0,0,1,1,0,0,,,0,0,1,1,0,0,0,1,0,0,0,0,0,,Indonesia,IDN,Asia,-6.175394,106.827183,323.03,8540121.0,273523621.0,11.3,96.0,160.3,31.2,36.1
Jakarta,gmDBzijaIAA,Jakarta_gmDBzijaIAA,22080,True,1,1,1,1,0,,,0,0.996,1.407,0.0,0,0,0,0,0,1,0,0,0,0,0,1,0,0,0,0,0,shine,Day,0,0,0,0,0,0,9.2,0,2.064,0,0,0,0,0,0,1,1,0,0,,,0,0,1,0,0,0,0,1,0,0,0,0,0,,Indonesia,IDN,Asia,-6.175394,106.827183,323.03,8540121.0,273523621.0,11.3,96.0,160.3,31.2,36.1
Jakarta,gmDBzijaIAA,Jakarta_gmDBzijaIAA,22093,True,0,0,1,0,0,,,0,1.014,1.653,0.0,0,0,0,0,0,0,0,0,0,0,0,1,0,0,0,0,0,shine,Day,0,0,0,0,0,0,7.666666666666667,0,1.6733333333333331,0,0,0,0,0,0,0,1,0,0,,,0,0,1,0,0,0,0,1,0,0,0,0,0,,Indonesia,IDN,Asia,-6.175394,106.827183,323.03,8540121.0,273523621.0,11.3,96.0,160.3,31.2,36.1
Jakarta,gmDBzijaIAA,Jakarta_gmDBzijaIAA,22100,True,0,1,1,0,0,,,0,0.957,1.004,0.0,0,0,0,0,0,0,0,0,0,0,0,0,0,0,0,0,0,shine,Day,0,0,0,0,0,0,6.833333333333333,0,1.903333333333333,0,0,0,0,0,0,1,1,0,0,,,0,0,1,0,0,0,0,1,0,0,0,0,0,,Indonesia,IDN,Asia,-6.175394,106.827183,323.03,8540121.0,273523621.0,11.3,96.0,160.3,31.2,36.1
Jakarta,gmDBzijaIAA,Jakarta_gmDBzijaIAA,22116,True,1,1,1,0,0,,,0,1.498,1.199,0.0,0,0,0,0,0,0,0,0,0,0,0,0,0,0,0,0,0,shine,Day,0,0,0,0,0,0,8.083333333333334,0,2.0333333333333337,0,1,0,0,0,0,0,1,0,0,,,0,0,1,0,0,0,0,1,0,0,0,0,0,,Indonesia,IDN,Asia,-6.175394,106.827183,323.03,8540121.0,273523621.0,11.3,96.0,160.3,31.2,36.1
Jakarta,gmDBzijaIAA,Jakarta_gmDBzijaIAA,22142,True,0,1,1,0,0,,,0,1.862,1.699,0.0,0,0,0,0,0,0,0,0,1,0,0,0,0,0,0,0,0,shine,Day,0,0,0,0,0,0,8.0,0,2.04125,0,1,0,0,0,0,0,1,0,0,,,0,0,1,0,0,0,0,1,0,0,0,0,0,,Indonesia,IDN,Asia,-6.175394,106.827183,323.03,8540121.0,273523621.0,11.3,96.0,160.3,31.2,36.1
Jakarta,gmDBzijaIAA,Jakarta_gmDBzijaIAA,22185,True,1,1,1,0,0,,,0,2.579,2.323,0.0,0,0,0,0,0,0,0,0,0,0,0,0,0,0,0,0,0,shine,Day,0,0,0,0,0,0,5.166666666666667,0,2.1466666666666665,0,0,0,0,0,0,0,1,0,0,,,0,0,1,0,0,0,0,1,0,0,0,0,0,,Indonesia,IDN,Asia,-6.175394,106.827183,323.03,8540121.0,273523621.0,11.3,96.0,160.3,31.2,36.1
Jakarta,gmDBzijaIAA,Jakarta_gmDBzijaIAA,22273,True,1,1,1,1,0,,,0,1.958,0.834,0.0,0,0,0,0,0,0,0,0,0,0,0,0,0,0,0,0,0,sunrise,Day,0,0,0,0,0,0,3.25,0,1.9725,0,1,0,0,0,0,1,1,0,0,,,0,0,1,0,0,0,0,0,0,0,0,0,0,,Indonesia,IDN,Asia,-6.175394,106.827183,323.03,8540121.0,273523621.0,11.3,96.0,160.3,31.2,36.1
Jakarta,gmDBzijaIAA,Jakarta_gmDBzijaIAA,23107,True,1,1,1,0,0,,,0,1.354,2.7,0.0,0,0,0,0,0,0,0,0,0,0,0,0,0,0,0,0,0,shine,Day,0,0,0,0,0,0,10.0,0,2.11,0,1,0,0,0,0,1,1,0,0,,,0,1,1,0,0,0,0,1,0,0,0,0,0,,Indonesia,IDN,Asia,-6.175394,106.827183,323.03,8540121.0,273523621.0,11.3,96.0,160.3,31.2,36.1
Jakarta,gmDBzijaIAA,Jakarta_gmDBzijaIAA,23162,True,1,1,1,0,0,,,0,1.326,0.862,0.0,0,0,0,0,0,0,0,0,0,0,0,0,0,0,0,0,0,shine,Day,0,0,0,0,0,0,11.0,0,1.985,0,0,0,0,0,0,1,1,0,0,,,0,0,1,0,0,0,0,1,0,1,0,0,0,,Indonesia,IDN,Asia,-6.175394,106.827183,323.03,8540121.0,273523621.0,11.3,96.0,160.3,31.2,36.1
Jakarta,gmDBzijaIAA,Jakarta_gmDBzijaIAA,23219,True,1,1,1,0,0,,,0,1.572,2.249,0.0,0,0,0,0,1,0,0,0,0,0,0,0,0,0,0,0,0,shine,Day,0,0,0,0,0,0,9.333333333333334,0,1.9633333333333327,0,0,0,0,0,0,1,1,0,0,,,0,0,1,0,0,0,0,1,0,1,0,0,0,,Indonesia,IDN,Asia,-6.175394,106.827183,323.03,8540121.0,273523621.0,11.3,96.0,160.3,31.2,36.1
Jakarta,gmDBzijaIAA,Jakarta_gmDBzijaIAA,23226,True,0,1,1,0,0,,,0,1.107,1.318,0.0,0,0,0,0,1,1,0,0,0,0,0,0,0,0,0,0,0,shine,Day,0,0,0,0,0,0,9.0,0,1.9725,0,0,0,0,0,0,1,1,0,0,,,0,0,1,0,0,0,0,1,0,1,0,0,0,,Indonesia,IDN,Asia,-6.175394,106.827183,323.03,8540121.0,273523621.0,11.3,96.0,160.3,31.2,36.1
Jakarta,gmDBzijaIAA,Jakarta_gmDBzijaIAA,23232,True,0,1,1,0,0,,,0,0.882,1.381,0.0,0,0,0,0,0,0,0,0,0,0,0,0,0,0,0,0,0,shine,Day,0,0,0,0,0,0,9.75,0,2.04,0,0,0,0,0,0,1,1,0,0,,,0,0,1,0,0,0,0,1,0,1,0,0,0,,Indonesia,IDN,Asia,-6.175394,106.827183,323.03,8540121.0,273523621.0,11.3,96.0,160.3,31.2,36.1
Jakarta,gmDBzijaIAA,Jakarta_gmDBzijaIAA,24023,True,1,2,1,0,0,,,0,1.57,2.805,0.0,0,0,0,1,0,0,0,0,0,0,0,0,0,0,0,0,0,rain,Day,0,0,0,0,0,0,11.0,0,2.21,0,1,0,0,0,0,0,1,0,0,,,0,1,1,0,0,1,0,1,0,0,0,0,0,,Indonesia,IDN,Asia,-6.175394,106.827183,323.03,8540121.0,273523621.0,11.3,96.0,160.3,31.2,36.1
Jakarta,gmDBzijaIAA,Jakarta_gmDBzijaIAA,24435,True,1,2,1,0,0,male,26.0,0,0.689,0.811,0.0,0,0,0,0,0,0,0,0,0,0,0,1,0,0,0,0,0,rain,Day,0,0,0,0,0,0,8.666666666666666,0,1.808888888888889,0,1,0,0,1,0,0,1,0,0,,,0,0,1,1,0,0,0,1,0,0,1,0,0,,Indonesia,IDN,Asia,-6.175394,106.827183,323.03,8540121.0,273523621.0,11.3,96.0,160.3,31.2,36.1
Jakarta,gmDBzijaIAA,Jakarta_gmDBzijaIAA,24456,True,2,3,1,0,0,female,56.0,0,1.835,0.36,0.0,0,0,0,0,0,0,0,0,0,0,0,0,0,0,0,0,0,rain,Day,0,0,0,0,0,0,7.333333333333333,0,1.836666666666667,0,1,0,0,0,0,0,1,0,0,,,0,0,1,0,0,0,0,1,0,0,0,0,0,,Indonesia,IDN,Asia,-6.175394,106.827183,323.03,8540121.0,273523621.0,11.3,96.0,160.3,31.2,36.1
Jakarta,gmDBzijaIAA,Jakarta_gmDBzijaIAA,24492,True,3,3,1,0,0,male,28.0,0,2.412,1.937,0.0,0,0,0,0,0,0,0,0,0,0,0,0,0,0,0,0,0,rain,Day,0,0,0,0,0,0,9.666666666666666,0,1.7733333333333334,0,1,0,0,0,0,0,1,0,0,,,0,0,1,0,0,0,0,1,0,0,0,0,0,,Indonesia,IDN,Asia,-6.175394,106.827183,323.03,8540121.0,273523621.0,11.3,96.0,160.3,31.2,36.1
Jakarta,gmDBzijaIAA,Jakarta_gmDBzijaIAA,24513,True,2,2,1,0,0,male,42.0,0,1.238,4.006,0.0,0,0,0,0,0,0,0,0,0,0,0,0,0,0,0,0,0,shine,Day,0,0,0,0,0,0,6.333333333333333,0,1.9766666666666668,0,1,0,0,0,0,0,1,0,0,,,0,0,1,0,0,0,0,0,0,0,0,0,0,,Indonesia,IDN,Asia,-6.175394,106.827183,323.03,8540121.0,273523621.0,11.3,96.0,160.3,31.2,36.1
Jakarta,gmDBzijaIAA,Jakarta_gmDBzijaIAA,24517,True,2,2,1,0,0,female,63.0,0,2.725,3.817,0.0,0,0,0,0,1,0,0,0,0,0,0,1,0,0,0,0,0,shine,Day,0,0,0,0,0,0,8.0,0,2.1500000000000004,0,1,0,0,0,0,0,1,0,0,,,0,0,1,0,0,0,0,0,0,0,0,0,0,,Indonesia,IDN,Asia,-6.175394,106.827183,323.03,8540121.0,273523621.0,11.3,96.0,160.3,31.2,36.1
Jakarta,gmDBzijaIAA,Jakarta_gmDBzijaIAA,24542,True,3,2,1,0,0,,,0,3.045,3.358,0.0,0,0,0,1,0,0,0,0,0,0,0,1,0,0,0,0,0,rain,Day,0,0,0,0,0,0,8.0,0,2.1866666666666665,0,1,0,0,0,0,0,1,0,0,,,0,0,1,0,0,0,0,0,0,0,0,0,0,,Indonesia,IDN,Asia,-6.175394,106.827183,323.03,8540121.0,273523621.0,11.3,96.0,160.3,31.2,36.1
Jakarta,gmDBzijaIAA,Jakarta_gmDBzijaIAA,24548,True,3,2,1,0,0,female,28.0,0,2.575,4.233,0.0,0,0,0,0,0,1,0,0,0,0,0,0,0,0,0,0,0,rain,Day,0,0,0,0,0,0,5.0,0,1.915,0,1,0,0,0,0,0,1,0,0,,,0,0,1,0,0,0,0,0,0,0,0,0,0,,Indonesia,IDN,Asia,-6.175394,106.827183,323.03,8540121.0,273523621.0,11.3,96.0,160.3,31.2,36.1
Jakarta,gmDBzijaIAA,Jakarta_gmDBzijaIAA,24549,True,1,1,1,0,0,,,0,1.663,1.608,0.0,0,0,0,0,0,1,0,0,0,0,0,1,0,0,0,0,0,shine,Day,0,0,0,0,0,0,6.0,0,2.03,0,1,0,0,0,0,0,1,0,0,,,0,0,1,0,0,0,0,1,0,0,0,0,0,,Indonesia,IDN,Asia,-6.175394,106.827183,323.03,8540121.0,273523621.0,11.3,96.0,160.3,31.2,36.1
Jakarta,gmDBzijaIAA,Jakarta_gmDBzijaIAA,24595,True,1,1,1,0,0,male,25.0,0,0.911,1.371,0.0,0,0,0,0,1,1,0,0,0,0,0,1,0,0,0,0,0,rain,Day,0,0,0,0,0,0,9.75,0,2.195,0,1,0,0,0,0,0,1,0,0,,,0,0,1,0,0,1,0,1,0,1,0,0,0,,Indonesia,IDN,Asia,-6.175394,106.827183,323.03,8540121.0,273523621.0,11.3,96.0,160.3,31.2,36.1
Jakarta,gmDBzijaIAA,Jakarta_gmDBzijaIAA,24629,True,1,1,1,0,0,,,0,0.787,0.455,0.0,0,0,0,0,0,0,0,0,0,0,0,0,0,0,0,0,0,rain,Day,0,0,0,0,0,0,8.5,0,1.99,0,1,0,0,0,0,0,1,0,0,,,0,0,1,0,0,0,0,1,0,0,0,0,0,,Indonesia,IDN,Asia,-6.175394,106.827183,323.03,8540121.0,273523621.0,11.3,96.0,160.3,31.2,36.1
Jakarta,gmDBzijaIAA,Jakarta_gmDBzijaIAA,25053,True,0,0,1,0,0,,,0,1.12,3.549,0.0,0,0,0,0,1,0,0,0,0,0,0,0,0,0,0,0,0,sunrise,Day,0,1,1,0,0,0,5.0,0,2.085,0,1,0,0,0,0,0,1,0,0,,,0,0,1,0,0,0,0,1,0,0,0,0,0,,Indonesia,IDN,Asia,-6.175394,106.827183,323.03,8540121.0,273523621.0,11.3,96.0,160.3,31.2,36.1
Jakarta,gmDBzijaIAA,Jakarta_gmDBzijaIAA,25485,True,4,3,1,0,0,male,32.0,1,1.629,0.265,0.0,0,0,0,0,0,1,0,0,0,0,0,1,0,0,0,0,0,rain,Day,0,0,0,0,0,0,3.333333333333333,0,2.013333333333333,0,1,0,0,1,0,0,1,0,0,,,0,0,1,1,0,1,0,0,0,0,0,0,0,,Indonesia,IDN,Asia,-6.175394,106.827183,323.03,8540121.0,273523621.0,11.3,96.0,160.3,31.2,36.1
Jakarta,gmDBzijaIAA,Jakarta_gmDBzijaIAA,25527,True,3,2,1,0,0,male,34.0,0,1.274,1.545,0.0,0,0,0,0,1,0,0,0,0,0,0,1,0,0,0,0,0,rain,Day,0,0,0,0,0,0,6.75,0,2.0675,0,1,0,0,0,0,0,1,0,0,,,0,0,1,0,0,1,0,1,0,0,0,0,0,,Indonesia,IDN,Asia,-6.175394,106.827183,323.03,8540121.0,273523621.0,11.3,96.0,160.3,31.2,36.1
Jakarta,gmDBzijaIAA,Jakarta_gmDBzijaIAA,25535,True,3,2,1,0,0,male,29.0,0,1.044,1.026,0.0,0,0,0,0,1,0,0,0,0,0,0,1,0,0,0,0,0,rain,Day,0,0,0,0,0,0,6.5,0,2.068333333333333,0,1,0,0,0,0,0,1,0,0,,,0,0,1,0,0,1,0,1,0,1,0,0,0,,Indonesia,IDN,Asia,-6.175394,106.827183,323.03,8540121.0,273523621.0,11.3,96.0,160.3,31.2,36.1
Jakarta,gmDBzijaIAA,Jakarta_gmDBzijaIAA,25538,True,2,2,1,0,0,female,28.0,0,1.911,1.943,0.0,0,0,0,0,1,0,0,0,0,0,0,1,0,0,0,0,0,rain,Day,0,0,0,0,0,0,6.75,0,2.0675,0,1,0,0,0,0,0,1,0,0,,,0,0,1,0,0,1,0,1,0,0,0,0,0,,Indonesia,IDN,Asia,-6.175394,106.827183,323.03,8540121.0,273523621.0,11.3,96.0,160.3,31.2,36.1
Jakarta,gmDBzijaIAA,Jakarta_gmDBzijaIAA,25760,True,0,1,1,1,0,,,0,1.69,2.04,0.0,0,1,0,1,1,0,0,0,0,0,0,1,0,0,0,0,0,rain,Day,0,0,0,0,0,0,5.5,1,2.1266666666666665,0,1,0,0,0,0,0,1,0,0,,,0,1,1,1,0,0,0,1,0,1,0,0,0,,Indonesia,IDN,Asia,-6.175394,106.827183,323.03,8540121.0,273523621.0,11.3,96.0,160.3,31.2,36.1
Jakarta,gmDBzijaIAA,Jakarta_gmDBzijaIAA,26093,True,2,3,1,0,0,,,0,0.605,0.467,0.0,0,0,0,0,1,0,0,0,0,0,0,1,0,0,0,0,0,rain,Day,0,0,0,0,0,0,4.583333333333333,0,2.091666666666667,0,1,0,0,0,0,0,1,0,0,,,0,0,1,0,0,0,0,1,0,0,0,0,0,,Indonesia,IDN,Asia,-6.175394,106.827183,323.03,8540121.0,273523621.0,11.3,96.0,160.3,31.2,36.1
Jakarta,gmDBzijaIAA,Jakarta_gmDBzijaIAA,26111,True,2,2,1,0,0,,,0,0.589,0.65,0.0,0,0,0,0,0,0,0,0,0,0,0,0,0,0,0,0,0,rain,Day,0,0,0,0,0,0,5.111111111111111,0,2.061111111111112,0,1,0,0,0,0,0,1,0,0,,,0,1,1,0,0,0,0,1,0,0,0,1,0,,Indonesia,IDN,Asia,-6.175394,106.827183,323.03,8540121.0,273523621.0,11.3,96.0,160.3,31.2,36.1
Jakarta,gmDBzijaIAA,Jakarta_gmDBzijaIAA,26148,True,1,2,1,0,0,male,52.0,0,1.113,1.17,0.0,0,0,0,1,0,0,0,0,0,0,0,0,0,0,0,0,0,rain,Day,0,0,0,0,0,0,5.2,0,2.124,0,1,0,0,0,0,0,1,0,0,,,0,0,1,0,0,0,0,1,0,0,0,0,0,,Indonesia,IDN,Asia,-6.175394,106.827183,323.03,8540121.0,273523621.0,11.3,96.0,160.3,31.2,36.1
Jakarta,gmDBzijaIAA,Jakarta_gmDBzijaIAA,26156,True,1,2,1,0,0,,,0,1.485,0.994,0.0,0,0,0,0,0,0,0,0,0,0,0,0,0,0,0,0,0,rain,Day,0,0,0,0,0,0,4.5,0,2.115,0,0,0,0,0,0,0,1,0,0,,,0,0,1,0,0,0,0,1,0,0,0,0,0,,Indonesia,IDN,Asia,-6.175394,106.827183,323.03,8540121.0,273523621.0,11.3,96.0,160.3,31.2,36.1
Jakarta,gmDBzijaIAA,Jakarta_gmDBzijaIAA,26205,True,4,2,1,0,0,male,32.0,0,0.738,0.72,0.0,0,0,0,0,0,1,0,0,0,0,0,1,0,0,0,0,0,rain,Day,0,0,0,0,0,0,4.6,0,2.132,0,1,0,0,0,0,0,1,0,0,,,0,0,1,0,0,0,0,1,0,0,0,0,0,,Indonesia,IDN,Asia,-6.175394,106.827183,323.03,8540121.0,273523621.0,11.3,96.0,160.3,31.2,36.1
Jakarta,gmDBzijaIAA,Jakarta_gmDBzijaIAA,26253,True,0,1,1,0,0,male,30.0,0,0.454,0.237,0.2,1,0,0,0,0,0,0,0,0,0,0,0,0,0,0,0,0,rain,Day,0,0,0,0,0,0,4.5,0,2.1925,0,1,0,0,0,0,0,1,0,0,,,0,0,1,0,0,0,0,1,0,1,0,0,0,,Indonesia,IDN,Asia,-6.175394,106.827183,323.03,8540121.0,273523621.0,11.3,96.0,160.3,31.2,36.1
Jakarta,gmDBzijaIAA,Jakarta_gmDBzijaIAA,26299,True,2,1,1,0,0,male,29.0,0,2.811,3.403,0.0,0,0,0,0,0,0,0,0,0,0,0,0,0,0,0,0,0,sunrise,Day,0,0,0,0,0,0,4.0,0,2.037142857142857,0,1,0,0,0,0,0,1,0,0,,,0,0,1,0,0,0,0,1,0,1,0,0,0,,Indonesia,IDN,Asia,-6.175394,106.827183,323.03,8540121.0,273523621.0,11.3,96.0,160.3,31.2,36.1
Jakarta,gmDBzijaIAA,Jakarta_gmDBzijaIAA,26355,True,4,3,1,0,0,,,0,1.22,0.89,0.0,0,0,0,0,0,0,0,0,0,0,0,0,0,0,0,1,0,shine,Day,0,0,0,0,0,0,3.333333333333333,0,2.12,0,1,0,0,0,0,0,1,0,0,,,0,0,1,0,0,0,0,0,0,1,0,0,0,,Indonesia,IDN,Asia,-6.175394,106.827183,323.03,8540121.0,273523621.0,11.3,96.0,160.3,31.2,36.1
Jakarta,gmDBzijaIAA,Jakarta_gmDBzijaIAA,26369,True,1,1,1,0,0,,,0,1.819,1.791,0.0,0,0,0,0,0,0,0,0,0,0,0,0,0,0,0,0,0,sunrise,Day,0,0,0,0,0,0,4.083333333333333,0,1.9675,0,1,0,0,0,0,0,1,0,0,,,0,0,1,0,0,0,0,1,0,1,0,0,0,,Indonesia,IDN,Asia,-6.175394,106.827183,323.03,8540121.0,273523621.0,11.3,96.0,160.3,31.2,36.1
Jakarta,gmDBzijaIAA,Jakarta_gmDBzijaIAA,26375,True,2,2,1,0,0,,,0,1.827,1.333,0.0,0,0,0,0,0,0,0,0,0,0,0,0,0,0,0,0,0,shine,Day,0,0,0,0,0,0,4.5,0,1.835,0,1,0,0,0,0,0,1,0,0,,,0,0,1,0,0,0,0,0,0,1,0,0,0,,Indonesia,IDN,Asia,-6.175394,106.827183,323.03,8540121.0,273523621.0,11.3,96.0,160.3,31.2,36.1
Jakarta,gmDBzijaIAA,Jakarta_gmDBzijaIAA,26379,True,1,1,1,0,0,,,0,2.21,1.761,0.0,0,0,0,0,0,0,0,0,0,0,0,0,0,0,0,0,0,sunrise,Day,0,0,0,0,0,0,5.25,0,1.9,0,1,0,0,0,0,0,1,0,0,,,0,0,1,0,0,0,0,0,0,0,0,0,0,,Indonesia,IDN,Asia,-6.175394,106.827183,323.03,8540121.0,273523621.0,11.3,96.0,160.3,31.2,36.1
Jakarta,gmDBzijaIAA,Jakarta_gmDBzijaIAA,26477,True,0,1,1,0,0,,,0,2.866,4.265,,0,0,0,0,0,0,0,0,0,0,0,0,0,0,0,0,0,sunrise,Day,0,0,0,0,0,0,3.5625,0,2.15625,0,1,0,0,0,0,1,1,0,0,,,0,1,1,0,0,0,0,1,0,0,0,0,0,,Indonesia,IDN,Asia,-6.175394,106.827183,323.03,8540121.0,273523621.0,11.3,96.0,160.3,31.2,36.1
Jakarta,gmDBzijaIAA,Jakarta_gmDBzijaIAA,26535,True,1,1,1,0,0,,,0,2.362,0.698,0.0,0,0,0,0,0,0,0,0,0,0,0,0,0,0,0,0,0,shine,Day,0,0,0,0,0,0,5.0,0,1.59,0,1,0,0,0,0,0,1,0,0,,,0,0,1,0,0,0,0,1,0,1,0,0,0,,Indonesia,IDN,Asia,-6.175394,106.827183,323.03,8540121.0,273523621.0,11.3,96.0,160.3,31.2,36.1
Jakarta,gmDBzijaIAA,Jakarta_gmDBzijaIAA,27900,True,1,2,1,0,0,,,0,1.022,6.419,0.0,0,0,0,0,0,0,0,0,0,0,0,0,0,0,0,0,0,shine,Day,0,0,0,0,0,0,4.5,0,1.68,0,1,0,0,0,0,0,1,0,0,,,0,0,1,0,0,0,0,0,0,0,0,0,0,,Indonesia,IDN,Asia,-6.175394,106.827183,323.03,8540121.0,273523621.0,11.3,96.0,160.3,31.2,36.1
Jakarta,gmDBzijaIAA,Jakarta_gmDBzijaIAA,28181,True,3,3,1,0,0,female,31.0,0,0.567,2.475,0.0,0,0,0,0,0,1,0,0,0,0,0,1,0,0,0,0,0,rain,Day,0,0,0,0,0,0,7.5,0,2.285,0,1,0,0,0,0,0,1,0,0,,,0,1,1,0,0,0,0,1,0,1,0,0,0,,Indonesia,IDN,Asia,-6.175394,106.827183,323.03,8540121.0,273523621.0,11.3,96.0,160.3,31.2,36.1
Jakarta,gmDBzijaIAA,Jakarta_gmDBzijaIAA,28253,True,3,2,1,0,0,male,33.0,0,0.905,0.228,0.0,0,0,0,0,0,0,0,0,0,0,0,0,0,0,0,0,0,rain,Day,0,0,0,0,0,0,5.571428571428571,0,2.1985714285714284,0,1,0,0,0,0,1,1,0,0,,,0,1,1,0,0,0,0,1,0,1,0,0,0,,Indonesia,IDN,Asia,-6.175394,106.827183,323.03,8540121.0,273523621.0,11.3,96.0,160.3,31.2,36.1
Jakarta,gmDBzijaIAA,Jakarta_gmDBzijaIAA,28379,True,1,2,1,0,0,female,33.0,0,0.933,1.647,0.0,0,0,0,0,1,0,0,0,0,0,0,0,0,0,0,0,0,shine,Day,0,0,0,0,0,0,5.5,0,2.06,0,1,0,0,0,0,0,0,0,0,,,0,0,1,0,0,0,0,0,0,0,0,0,0,,Indonesia,IDN,Asia,-6.175394,106.827183,323.03,8540121.0,273523621.0,11.3,96.0,160.3,31.2,36.1
Jakarta,gmDBzijaIAA,Jakarta_gmDBzijaIAA,28416,True,0,2,1,0,0,female,32.0,0,2.781,2.219,0.0,0,0,0,0,0,1,0,0,0,0,0,1,0,0,0,0,0,shine,Day,0,0,0,0,0,0,4.666666666666667,0,2.0966666666666667,0,1,0,0,0,0,0,0,0,0,,,0,0,1,1,0,0,0,0,0,0,0,0,0,,Indonesia,IDN,Asia,-6.175394,106.827183,323.03,8540121.0,273523621.0,11.3,96.0,160.3,31.2,36.1
Jakarta,gmDBzijaIAA,Jakarta_gmDBzijaIAA,28722,True,0,1,1,0,0,male,36.0,0,1.612,0.727,0.0,0,0,0,0,0,1,0,0,0,0,0,0,0,0,0,0,0,shine,Day,0,0,0,0,0,0,3.0,0,2.29,0,1,0,0,0,0,0,0,0,0,,,0,0,1,1,0,0,0,0,0,1,0,0,0,,Indonesia,IDN,Asia,-6.175394,106.827183,323.03,8540121.0,273523621.0,11.3,96.0,160.3,31.2,36.1
Jakarta,gmDBzijaIAA,Jakarta_gmDBzijaIAA,28776,True,0,1,1,0,0,,,0,1.469,0.696,0.0,0,0,0,0,0,0,0,0,0,0,0,0,0,0,0,0,0,rain,Day,0,0,0,0,0,0,2.0,0,1.9879999999999995,0,1,0,0,0,0,1,1,0,0,,,0,0,1,0,0,0,0,0,0,1,0,0,0,,Indonesia,IDN,Asia,-6.175394,106.827183,323.03,8540121.0,273523621.0,11.3,96.0,160.3,31.2,36.1
Jakarta,gmDBzijaIAA,Jakarta_gmDBzijaIAA,28840,True,1,1,1,0,0,male,35.0,0,1.63,1.509,0.0,0,0,0,0,0,0,0,0,0,0,0,0,0,0,0,0,0,sunrise,Day,0,0,0,0,0,0,6.0,0,2.25,0,1,0,0,0,0,1,1,0,0,,,0,1,1,0,0,0,0,0,0,1,0,0,0,,Indonesia,IDN,Asia,-6.175394,106.827183,323.03,8540121.0,273523621.0,11.3,96.0,160.3,31.2,36.1
Jakarta,gmDBzijaIAA,Jakarta_gmDBzijaIAA,28854,True,1,2,1,0,0,,,0,1.365,0.298,0.0,0,0,0,0,0,0,0,0,0,0,0,0,0,0,0,0,0,sunrise,Day,0,0,0,0,0,0,4.6,0,1.84,0,1,0,0,0,0,1,1,0,0,,,0,1,1,0,0,0,0,0,0,1,0,0,0,,Indonesia,IDN,Asia,-6.175394,106.827183,323.03,8540121.0,273523621.0,11.3,96.0,160.3,31.2,36.1
Jakarta,gmDBzijaIAA,Jakarta_gmDBzijaIAA,28903,True,1,1,1,0,0,,,0,2.15,2.763,0.0,0,0,0,0,0,0,0,0,0,0,0,0,0,0,0,0,0,sunrise,Day,0,0,0,0,0,0,5.0,0,1.6619999999999997,0,1,0,0,0,0,0,1,0,0,,,0,1,1,0,0,1,0,1,0,1,0,0,0,,Indonesia,IDN,Asia,-6.175394,106.827183,323.03,8540121.0,273523621.0,11.3,96.0,160.3,31.2,36.1
Jakarta,gmDBzijaIAA,Jakarta_gmDBzijaIAA,28974,True,2,1,1,0,0,,,0,0.748,0.386,0.0,0,0,0,0,0,0,0,0,0,0,0,0,0,0,0,0,0,shine,Day,0,0,0,0,0,0,4.767441860465116,0,2.0832558139534885,0,1,0,0,0,0,0,1,0,0,,,0,0,1,0,0,0,0,1,0,1,0,0,0,,Indonesia,IDN,Asia,-6.175394,106.827183,323.03,8540121.0,273523621.0,11.3,96.0,160.3,31.2,36.1
Jakarta,gmDBzijaIAA,Jakarta_gmDBzijaIAA,28997,True,2,2,1,0,0,,,0,1.954,1.906,0.0,0,0,0,1,0,1,0,0,0,0,0,1,0,0,0,0,0,rain,Day,0,0,0,0,0,0,5.0,0,2.135,0,1,0,0,0,0,0,0,0,0,,,0,1,1,0,0,0,0,1,0,1,0,0,0,,Indonesia,IDN,Asia,-6.175394,106.827183,323.03,8540121.0,273523621.0,11.3,96.0,160.3,31.2,36.1
Jakarta,gmDBzijaIAA,Jakarta_gmDBzijaIAA,29332,True,1,1,1,0,0,female,28.0,0,2.548,3.062,0.0,0,0,0,0,0,1,0,0,0,0,0,0,0,0,0,0,0,shine,Day,0,0,0,0,0,0,2.333333333333333,0,1.5366666666666664,0,1,0,0,0,0,0,0,0,0,,,0,0,1,0,0,0,0,1,0,0,0,0,0,,Indonesia,IDN,Asia,-6.175394,106.827183,323.03,8540121.0,273523621.0,11.3,96.0,160.3,31.2,36.1
Jakarta,gmDBzijaIAA,Jakarta_gmDBzijaIAA,29542,True,3,2,1,0,0,,,0,2.138,1.127,0.0,0,0,0,1,0,0,0,0,0,0,0,0,0,0,0,0,0,rain,Day,0,0,0,0,0,0,6.875,0,2.195,0,0,0,0,0,0,0,1,0,0,,,0,0,1,0,0,0,0,0,0,1,0,0,0,,Indonesia,IDN,Asia,-6.175394,106.827183,323.03,8540121.0,273523621.0,11.3,96.0,160.3,31.2,36.1
Jakarta,gmDBzijaIAA,Jakarta_gmDBzijaIAA,29676,True,1,1,1,0,0,male,50.0,0,2.101,2.739,0.0,0,0,0,0,1,0,0,0,0,0,0,0,0,0,0,0,0,shine,Day,0,0,0,0,0,0,10.0,0,2.2133333333333334,0,0,0,0,0,0,1,1,0,0,,,0,0,1,0,0,0,0,1,0,0,0,0,0,,Indonesia,IDN,Asia,-6.175394,106.827183,323.03,8540121.0,273523621.0,11.3,96.0,160.3,31.2,36.1
Jakarta,gmDBzijaIAA,Jakarta_gmDBzijaIAA,29737,True,1,1,1,0,0,,,0,1.078,0.359,0.0,0,0,0,0,0,0,0,0,0,0,0,0,0,0,0,0,0,shine,Day,0,0,0,0,0,0,3.0,0,1.825555555555556,0,1,0,0,0,0,1,1,0,0,,,0,1,1,1,0,0,0,1,0,0,1,0,0,,Indonesia,IDN,Asia,-6.175394,106.827183,323.03,8540121.0,273523621.0,11.3,96.0,160.3,31.2,36.1
Jakarta,gmDBzijaIAA,Jakarta_gmDBzijaIAA,29804,True,1,2,0,1,0,female,30.0,0,0.772,0.793,0.0,0,0,0,0,0,0,0,0,0,0,0,0,0,0,0,0,0,shine,Day,0,0,0,0,0,0,4.571428571428571,0,2.027142857142857,0,1,0,0,0,0,0,1,0,0,,,0,0,1,1,0,1,0,1,0,1,1,0,0,,Indonesia,IDN,Asia,-6.175394,106.827183,323.03,8540121.0,273523621.0,11.3,96.0,160.3,31.2,36.1
Kuala Lumpur,AxQcSoA9vGQ,Kuala Lumpur_AxQcSoA9vGQ,87,True,1,1,1,0,0,,,0,0.192,0.277,0.27,0,0,0,0,0,0,0,0,0,0,0,0,0,0,0,0,0,shine,Day,0,0,0,0,0,0,0.1666666666666666,0,1.855,0,1,0,0,0,0,0,0,0,0,,,0,0,0,0,0,1,0,0,0,0,0,0,0,,Malaysia,MYS,Asia,3.151696,101.694237,59.831,1453975.0,32365998.0,22.5,83.0,163.1,31.4,40.7
Kuala Lumpur,AxQcSoA9vGQ,Kuala Lumpur_AxQcSoA9vGQ,254,True,0,0,1,0,0,,,0,1.199,1.162,0.0,0,0,0,0,0,0,0,0,0,0,0,0,0,0,0,0,0,shine,Day,0,0,0,0,0,0,5.3,0,1.948,0,1,0,0,0,0,0,1,0,0,,,0,0,1,0,0,0,0,1,0,0,0,0,0,,Malaysia,MYS,Asia,3.151696,101.694237,59.831,1453975.0,32365998.0,22.5,83.0,163.1,31.4,40.7
Kuala Lumpur,AxQcSoA9vGQ,Kuala Lumpur_AxQcSoA9vGQ,460,True,0,0,1,0,0,,,0,1.334,1.775,,0,0,0,0,0,0,0,0,0,0,0,0,0,0,0,0,0,shine,Day,0,0,0,0,0,0,6.05,0,1.908,0,1,0,0,0,0,0,1,0,0,,,0,0,1,0,0,0,0,0,0,0,1,0,0,,Malaysia,MYS,Asia,3.151696,101.694237,59.831,1453975.0,32365998.0,22.5,83.0,163.1,31.4,40.7
Kuala Lumpur,AxQcSoA9vGQ,Kuala Lumpur_AxQcSoA9vGQ,756,True,2,2,1,1,0,,,0,0.581,0.614,0.07,0,0,0,0,0,0,0,0,0,0,0,0,0,0,0,0,0,shine,Day,0,0,0,0,0,0,4.0,0,1.733,0,1,0,0,0,0,0,1,0,0,,,0,0,1,0,0,0,0,1,0,0,0,0,0,,Malaysia,MYS,Asia,3.151696,101.694237,59.831,1453975.0,32365998.0,22.5,83.0,163.1,31.4,40.7
Kuala Lumpur,AxQcSoA9vGQ,Kuala Lumpur_AxQcSoA9vGQ,759,True,2,3,1,1,0,,,1,0.593,0.552,,0,0,0,0,0,0,0,0,0,0,0,0,0,0,0,0,0,shine,Day,0,0,0,0,0,0,3.888888888888889,0,1.6944444444444444,0,1,0,0,0,0,0,1,0,0,,,0,0,1,0,0,0,0,1,0,0,0,0,0,,Malaysia,MYS,Asia,3.151696,101.694237,59.831,1453975.0,32365998.0,22.5,83.0,163.1,31.4,40.7
Kuala Lumpur,AxQcSoA9vGQ,Kuala Lumpur_AxQcSoA9vGQ,796,True,0,0,1,0,0,,,0,2.033,1.822,0.0,1,0,0,0,0,0,0,0,0,0,0,0,0,0,0,0,0,sunrise,Day,0,0,0,0,0,0,5.333333333333333,0,1.3333333333333333,0,1,0,0,0,0,0,1,0,0,,,0,0,1,0,0,0,0,0,0,0,0,0,0,,Malaysia,MYS,Asia,3.151696,101.694237,59.831,1453975.0,32365998.0,22.5,83.0,163.1,31.4,40.7
Kuala Lumpur,AxQcSoA9vGQ,Kuala Lumpur_AxQcSoA9vGQ,1046,True,0,0,1,0,0,,,0,2.567,1.975,0.0,0,0,0,0,0,0,0,0,0,0,0,0,0,0,0,0,0,rain,Day,0,0,0,0,0,0,5.714285714285714,0,1.6828571428571428,0,1,0,0,0,0,1,1,0,0,,,0,1,1,0,0,0,0,1,0,1,0,0,0,,Malaysia,MYS,Asia,3.151696,101.694237,59.831,1453975.0,32365998.0,22.5,83.0,163.1,31.4,40.7
Kuala Lumpur,AxQcSoA9vGQ,Kuala Lumpur_AxQcSoA9vGQ,1160,True,0,0,1,0,0,,,0,3.075,2.878,0.0,0,0,0,0,0,0,0,0,0,0,0,0,0,0,0,0,0,sunrise,Day,0,0,0,0,0,0,2.0,0,1.976,0,1,0,0,0,0,0,1,0,0,,,0,0,0,0,0,0,0,1,0,1,0,0,0,,Malaysia,MYS,Asia,3.151696,101.694237,59.831,1453975.0,32365998.0,22.5,83.0,163.1,31.4,40.7
Kuala Lumpur,AxQcSoA9vGQ,Kuala Lumpur_AxQcSoA9vGQ,1201,True,0,1,1,0,0,,,0,1.604,1.313,0.0,0,0,0,0,0,0,0,0,0,0,0,1,0,0,0,0,0,shine,Day,0,0,0,0,0,0,7.571428571428571,0,1.9685714285714284,0,1,0,0,0,0,0,1,0,0,,,0,1,1,0,0,0,0,1,0,1,0,0,0,,Malaysia,MYS,Asia,3.151696,101.694237,59.831,1453975.0,32365998.0,22.5,83.0,163.1,31.4,40.7
Kuala Lumpur,AxQcSoA9vGQ,Kuala Lumpur_AxQcSoA9vGQ,1246,True,0,0,1,0,0,,,0,2.131,2.801,0.0,0,0,0,0,0,0,0,0,0,0,0,0,0,0,0,0,0,shine,Day,0,0,0,0,1,1,8.5,0,2.12,0,0,0,0,0,0,0,1,0,0,,,0,0,0,0,0,0,0,0,0,0,0,0,0,,Malaysia,MYS,Asia,3.151696,101.694237,59.831,1453975.0,32365998.0,22.5,83.0,163.1,31.4,40.7
Kuala Lumpur,AxQcSoA9vGQ,Kuala Lumpur_AxQcSoA9vGQ,1280,True,0,1,1,0,0,,,0,2.952,3.606,0.0,0,0,0,0,1,1,0,0,0,0,0,0,0,0,0,0,0,sunrise,Day,0,0,0,0,0,0,6.666666666666667,0,1.7899999999999998,0,1,0,0,0,0,0,1,0,0,,,0,1,0,0,0,0,0,1,0,0,0,0,0,,Malaysia,MYS,Asia,3.151696,101.694237,59.831,1453975.0,32365998.0,22.5,83.0,163.1,31.4,40.7
Kuala Lumpur,AxQcSoA9vGQ,Kuala Lumpur_AxQcSoA9vGQ,1332,True,1,1,0,1,0,,,0,0.363,0.644,0.0,0,0,0,0,0,0,0,0,0,0,0,0,0,0,0,0,0,shine,Day,0,0,0,0,1,0,8.166666666666666,0,1.91,0,1,0,0,0,0,0,1,0,0,,,0,0,1,1,0,0,0,0,0,0,1,0,0,,Malaysia,MYS,Asia,3.151696,101.694237,59.831,1453975.0,32365998.0,22.5,83.0,163.1,31.4,40.7
Kuala Lumpur,AxQcSoA9vGQ,Kuala Lumpur_AxQcSoA9vGQ,1631,True,0,0,1,1,0,,,0,1.96,3.058,0.0,0,0,0,0,0,0,0,0,0,0,0,0,0,0,0,0,0,sunrise,Day,0,0,0,0,0,0,2.333333333333333,0,1.5833333333333333,0,1,0,0,0,0,1,1,0,0,,,0,0,1,0,0,0,0,0,0,0,0,0,0,,Malaysia,MYS,Asia,3.151696,101.694237,59.831,1453975.0,32365998.0,22.5,83.0,163.1,31.4,40.7
Kuala Lumpur,AxQcSoA9vGQ,Kuala Lumpur_AxQcSoA9vGQ,1870,True,0,0,1,1,0,,,0,1.637,1.445,0.0,0,0,0,0,0,0,0,0,0,0,0,0,0,0,0,0,0,shine,Day,0,0,0,0,0,0,3.0,0,2.025,0,1,0,0,0,0,0,1,0,0,,,0,0,0,0,0,0,0,0,0,0,0,0,0,,Malaysia,MYS,Asia,3.151696,101.694237,59.831,1453975.0,32365998.0,22.5,83.0,163.1,31.4,40.7
Kuala Lumpur,AxQcSoA9vGQ,Kuala Lumpur_AxQcSoA9vGQ,2262,True,0,0,1,0,0,female,46.0,0,0.816,1.167,0.0,0,0,0,0,0,0,0,0,0,0,0,0,0,0,0,0,0,sunrise,Day,0,0,0,0,0,0,4.454545454545454,0,1.9381818181818176,0,0,0,0,0,0,0,1,0,0,,,0,0,0,0,0,0,0,0,0,0,0,0,0,,Malaysia,MYS,Asia,3.151696,101.694237,59.831,1453975.0,32365998.0,22.5,83.0,163.1,31.4,40.7
Kuala Lumpur,AxQcSoA9vGQ,Kuala Lumpur_AxQcSoA9vGQ,2408,True,0,1,1,1,0,,,0,2.489,2.192,0.07,0,0,0,0,0,0,0,0,0,0,0,0,0,0,0,0,0,shine,Day,0,0,0,0,0,0,4.384615384615385,0,2.0784615384615384,0,1,0,0,0,0,0,1,0,0,,,0,0,1,0,0,0,0,0,0,0,0,0,0,,Malaysia,MYS,Asia,3.151696,101.694237,59.831,1453975.0,32365998.0,22.5,83.0,163.1,31.4,40.7
Kuala Lumpur,AxQcSoA9vGQ,Kuala Lumpur_AxQcSoA9vGQ,2450,True,1,2,0,1,0,male,31.0,0,4.271,2.83,0.0,0,0,0,0,0,0,0,0,0,0,0,0,0,0,0,0,0,cloudy,Day,0,0,0,0,0,0,2.5,0,2.1,0,1,0,0,0,0,0,1,0,0,,,0,1,1,0,0,0,0,1,0,0,0,0,0,,Malaysia,MYS,Asia,3.151696,101.694237,59.831,1453975.0,32365998.0,22.5,83.0,163.1,31.4,40.7
Kuala Lumpur,AxQcSoA9vGQ,Kuala Lumpur_AxQcSoA9vGQ,2458,True,0,1,1,1,0,,,0,1.165,0.31,0.0,0,0,1,1,0,0,0,0,0,0,0,1,0,0,0,0,0,shine,Day,0,0,0,0,0,0,3.5,0,2.025,0,1,0,0,0,0,0,1,0,0,,,0,1,0,0,0,0,0,1,0,0,0,0,0,,Malaysia,MYS,Asia,3.151696,101.694237,59.831,1453975.0,32365998.0,22.5,83.0,163.1,31.4,40.7
Kuala Lumpur,AxQcSoA9vGQ,Kuala Lumpur_AxQcSoA9vGQ,2465,True,1,2,0,0,0,,,0,1.02,1.059,0.0,0,0,0,0,1,0,0,0,0,0,0,1,0,0,0,0,0,sunrise,Day,0,0,0,0,0,0,0.5,0,2.185,0,1,0,0,0,0,0,1,0,0,,,0,0,0,0,0,0,0,0,0,0,0,0,0,,Malaysia,MYS,Asia,3.151696,101.694237,59.831,1453975.0,32365998.0,22.5,83.0,163.1,31.4,40.7
Kuala Lumpur,AxQcSoA9vGQ,Kuala Lumpur_AxQcSoA9vGQ,2526,True,0,0,1,0,0,,,0,1.168,1.387,0.0,0,0,0,0,0,0,0,0,0,0,0,0,0,0,0,0,0,rain,Day,0,0,0,0,0,0,2.875,0,2.01875,0,1,0,0,0,0,1,1,0,0,,,0,0,1,0,0,0,0,1,0,0,0,0,0,,Malaysia,MYS,Asia,3.151696,101.694237,59.831,1453975.0,32365998.0,22.5,83.0,163.1,31.4,40.7
Kuala Lumpur,AxQcSoA9vGQ,Kuala Lumpur_AxQcSoA9vGQ,2787,True,0,2,1,1,0,male,31.0,0,1.398,0.776,0.0,0,0,0,1,1,0,0,0,0,0,0,1,0,0,0,0,0,rain,Day,0,0,0,0,0,0,1.5,0,2.075,0,1,0,0,0,0,0,1,0,0,,,0,0,0,0,0,0,0,0,0,0,0,0,0,,Malaysia,MYS,Asia,3.151696,101.694237,59.831,1453975.0,32365998.0,22.5,83.0,163.1,31.4,40.7
Kuala Lumpur,AxQcSoA9vGQ,Kuala Lumpur_AxQcSoA9vGQ,2836,True,0,1,1,0,0,,,0,2.066,1.518,0.0,0,0,0,0,0,0,0,0,0,0,0,0,0,0,0,0,0,shine,Day,0,0,0,0,0,0,1.25,0,2.0025,0,1,0,0,0,0,0,1,0,0,,,0,0,1,0,0,0,0,0,0,0,0,0,0,,Malaysia,MYS,Asia,3.151696,101.694237,59.831,1453975.0,32365998.0,22.5,83.0,163.1,31.4,40.7
Kuala Lumpur,AxQcSoA9vGQ,Kuala Lumpur_AxQcSoA9vGQ,2857,True,0,1,1,0,0,male,37.0,0,1.478,2.084,0.0,0,0,0,0,0,0,0,0,0,0,0,0,0,0,0,0,0,sunrise,Day,0,0,0,0,0,0,0.75,0,1.855,0,1,0,0,0,0,1,0,0,0,,,0,0,1,0,0,0,0,1,0,0,0,0,0,,Malaysia,MYS,Asia,3.151696,101.694237,59.831,1453975.0,32365998.0,22.5,83.0,163.1,31.4,40.7
Kuala Lumpur,AxQcSoA9vGQ,Kuala Lumpur_AxQcSoA9vGQ,3052,True,1,2,1,1,0,male,39.0,0,2.274,0.789,0.0,0,0,0,0,0,1,0,0,0,0,0,1,0,0,0,0,0,shine,Day,0,0,0,0,0,0,1.5,0,2.155,0,1,0,0,0,0,0,1,0,0,,,0,0,0,0,0,0,0,0,0,0,0,0,0,,Malaysia,MYS,Asia,3.151696,101.694237,59.831,1453975.0,32365998.0,22.5,83.0,163.1,31.4,40.7
Kuala Lumpur,AxQcSoA9vGQ,Kuala Lumpur_AxQcSoA9vGQ,3076,True,0,0,1,1,0,,,0,0.878,0.432,,0,0,0,0,0,0,0,0,0,0,0,0,0,0,0,0,0,shine,Day,0,0,0,0,0,0,4.5,0,1.735,0,1,0,0,0,0,0,1,0,0,,,0,1,1,0,0,0,0,1,0,0,0,0,0,,Malaysia,MYS,Asia,3.151696,101.694237,59.831,1453975.0,32365998.0,22.5,83.0,163.1,31.4,40.7
Kuala Lumpur,AxQcSoA9vGQ,Kuala Lumpur_AxQcSoA9vGQ,3384,True,1,1,1,1,0,,,0,2.345,2.209,0.0,0,0,0,0,0,0,0,0,0,0,0,0,0,0,0,0,0,rain,Day,0,0,0,0,1,0,3.6,0,1.997,0,1,0,0,0,0,0,1,0,0,,,0,0,1,1,0,0,0,0,0,0,1,0,0,,Malaysia,MYS,Asia,3.151696,101.694237,59.831,1453975.0,32365998.0,22.5,83.0,163.1,31.4,40.7
Kuala Lumpur,AxQcSoA9vGQ,Kuala Lumpur_AxQcSoA9vGQ,3430,True,1,1,0,1,0,,,0,1.828,1.927,0.0,0,0,0,0,0,0,0,0,0,0,0,0,0,0,0,0,0,rain,Day,0,0,0,0,1,0,4.5,0,2.01,0,1,0,0,0,0,0,1,0,0,,,0,0,1,1,0,1,0,0,0,0,1,0,0,,Malaysia,MYS,Asia,3.151696,101.694237,59.831,1453975.0,32365998.0,22.5,83.0,163.1,31.4,40.7
Kuala Lumpur,AxQcSoA9vGQ,Kuala Lumpur_AxQcSoA9vGQ,3437,True,0,0,0,1,0,,,0,3.209,5.235,0.0,0,0,0,0,0,0,0,0,0,0,0,0,0,0,0,0,0,rain,Day,0,0,0,0,0,0,4.666666666666667,0,2.0,0,1,0,0,0,0,0,1,0,0,,,0,0,1,1,0,1,0,0,0,0,0,0,0,,Malaysia,MYS,Asia,3.151696,101.694237,59.831,1453975.0,32365998.0,22.5,83.0,163.1,31.4,40.7
Kuala Lumpur,AxQcSoA9vGQ,Kuala Lumpur_AxQcSoA9vGQ,3523,True,0,0,0,0,0,female,39.0,0,5.029,6.418,0.0,0,0,0,0,0,0,0,0,0,0,0,0,0,0,0,0,0,shine,Day,0,0,0,0,0,0,7.5,0,1.835,0,1,0,0,0,0,0,1,0,0,,,0,0,1,0,0,1,0,0,0,0,0,0,0,,Malaysia,MYS,Asia,3.151696,101.694237,59.831,1453975.0,32365998.0,22.5,83.0,163.1,31.4,40.7
Kuala Lumpur,AxQcSoA9vGQ,Kuala Lumpur_AxQcSoA9vGQ,3611,True,1,1,0,0,0,,,0,0.524,0.773,0.0,0,0,0,0,0,1,0,0,0,0,0,1,0,0,0,0,0,shine,Day,0,0,0,0,0,0,4.3,0,1.914,0,1,0,0,0,0,0,1,0,0,,,0,0,1,0,0,0,0,0,0,0,0,0,0,,Malaysia,MYS,Asia,3.151696,101.694237,59.831,1453975.0,32365998.0,22.5,83.0,163.1,31.4,40.7
Kuala Lumpur,AxQcSoA9vGQ,Kuala Lumpur_AxQcSoA9vGQ,3988,True,2,2,1,0,0,,,0,2.451,3.258,0.0,0,0,0,0,0,0,0,0,0,0,0,0,0,0,0,0,0,sunrise,Day,0,0,0,0,0,0,2.25,0,1.8675,0,1,0,0,0,0,0,1,0,0,,,0,0,1,0,0,0,0,0,0,0,1,0,0,,Malaysia,MYS,Asia,3.151696,101.694237,59.831,1453975.0,32365998.0,22.5,83.0,163.1,31.4,40.7
Kuala Lumpur,AxQcSoA9vGQ,Kuala Lumpur_AxQcSoA9vGQ,3989,True,2,2,1,0,0,,,0,2.872,3.113,0.0,0,0,0,0,0,0,0,0,0,0,0,0,0,0,0,0,0,sunrise,Day,0,0,0,0,0,0,2.3,0,1.855,0,1,0,0,0,0,0,1,0,0,,,0,0,1,0,0,0,0,0,0,0,1,0,0,,Malaysia,MYS,Asia,3.151696,101.694237,59.831,1453975.0,32365998.0,22.5,83.0,163.1,31.4,40.7
Kuala Lumpur,AxQcSoA9vGQ,Kuala Lumpur_AxQcSoA9vGQ,4096,True,0,0,1,0,0,female,36.0,0,3.208,2.946,0.0,0,0,0,0,1,0,0,0,0,0,0,0,0,0,0,0,0,shine,Day,0,0,0,0,0,0,3.5,0,1.965,0,1,0,0,0,0,0,1,0,0,,,0,0,1,0,0,0,0,1,0,0,0,0,0,,Malaysia,MYS,Asia,3.151696,101.694237,59.831,1453975.0,32365998.0,22.5,83.0,163.1,31.4,40.7
Kuala Lumpur,AxQcSoA9vGQ,Kuala Lumpur_AxQcSoA9vGQ,4258,True,1,1,1,0,0,,,0,1.751,,0.0,0,0,0,0,0,0,0,0,0,0,0,0,0,0,0,0,0,shine,Day,0,0,0,0,0,0,5.0,0,2.2,0,1,0,0,0,0,0,1,0,0,,,0,0,0,0,0,0,0,1,0,0,0,0,0,,Malaysia,MYS,Asia,3.151696,101.694237,59.831,1453975.0,32365998.0,22.5,83.0,163.1,31.4,40.7
Kuala Lumpur,AxQcSoA9vGQ,Kuala Lumpur_AxQcSoA9vGQ,4289,True,0,1,1,0,0,,,0,3.15,3.145,0.0,0,0,0,0,0,0,0,0,0,0,0,0,0,0,0,0,0,shine,Day,0,0,0,0,0,0,3.0,0,1.87,0,1,0,0,0,0,1,1,0,0,,,0,1,1,0,0,0,0,1,0,0,0,0,0,,Malaysia,MYS,Asia,3.151696,101.694237,59.831,1453975.0,32365998.0,22.5,83.0,163.1,31.4,40.7
Kuala Lumpur,AxQcSoA9vGQ,Kuala Lumpur_AxQcSoA9vGQ,4447,True,0,1,1,0,0,,,0,0.718,0.356,0.0,0,0,0,0,0,0,0,0,0,0,0,0,0,0,0,0,0,shine,Day,0,0,0,0,0,0,1.8421052631578947,0,2.0094736842105267,0,1,0,0,0,0,0,1,0,0,,,0,0,1,0,0,0,0,0,0,0,0,0,0,,Malaysia,MYS,Asia,3.151696,101.694237,59.831,1453975.0,32365998.0,22.5,83.0,163.1,31.4,40.7
Kuala Lumpur,AxQcSoA9vGQ,Kuala Lumpur_AxQcSoA9vGQ,4577,True,0,0,1,0,0,,,0,2.921,2.516,0.0,0,0,0,0,0,1,0,0,0,0,0,0,0,0,0,0,0,rain,Day,0,0,0,0,0,0,4.666666666666667,0,2.1700000000000004,0,1,0,0,0,0,0,1,0,0,,,0,0,1,1,0,0,0,0,0,0,0,0,0,,Malaysia,MYS,Asia,3.151696,101.694237,59.831,1453975.0,32365998.0,22.5,83.0,163.1,31.4,40.7
Kuala Lumpur,AxQcSoA9vGQ,Kuala Lumpur_AxQcSoA9vGQ,4676,True,0,1,1,0,0,,,0,1.564,1.583,0.0,0,0,1,0,1,0,0,0,0,0,0,0,0,0,0,0,0,shine,Day,0,0,0,0,0,0,6.25,0,1.6875,0,0,0,0,0,0,1,1,0,0,,,0,1,1,0,0,0,0,1,0,0,0,0,0,,Malaysia,MYS,Asia,3.151696,101.694237,59.831,1453975.0,32365998.0,22.5,83.0,163.1,31.4,40.7
Kuala Lumpur,AxQcSoA9vGQ,Kuala Lumpur_AxQcSoA9vGQ,4691,True,0,1,1,0,0,,,0,2.412,2.678,0.0,0,0,0,0,0,0,0,0,0,0,0,0,0,0,0,0,0,rain,Day,0,0,0,0,0,0,10.333333333333334,0,1.836666666666667,0,1,0,0,0,0,0,1,0,0,,,0,0,1,1,0,0,0,1,0,0,1,0,0,,Malaysia,MYS,Asia,3.151696,101.694237,59.831,1453975.0,32365998.0,22.5,83.0,163.1,31.4,40.7
Kuala Lumpur,AxQcSoA9vGQ,Kuala Lumpur_AxQcSoA9vGQ,4693,True,1,1,1,0,0,,,0,2.173,1.833,0.0,0,0,0,0,1,0,0,0,0,0,0,0,0,0,0,0,0,rain,Day,0,0,0,0,0,0,8.25,0,1.875,0,1,0,0,0,0,0,1,0,0,,,0,0,1,1,0,0,0,1,0,0,1,0,0,,Malaysia,MYS,Asia,3.151696,101.694237,59.831,1453975.0,32365998.0,22.5,83.0,163.1,31.4,40.7
Kuala Lumpur,AxQcSoA9vGQ,Kuala Lumpur_AxQcSoA9vGQ,4791,True,0,0,1,0,0,,,0,0.749,2.029,0.0,0,0,0,1,0,0,0,0,0,0,0,0,0,0,0,0,0,rain,Day,0,0,0,0,0,0,4.0,0,2.0275,0,1,0,0,0,0,0,1,0,0,,,0,0,1,0,0,0,0,0,0,0,0,0,0,,Malaysia,MYS,Asia,3.151696,101.694237,59.831,1453975.0,32365998.0,22.5,83.0,163.1,31.4,40.7
Kuala Lumpur,AxQcSoA9vGQ,Kuala Lumpur_AxQcSoA9vGQ,4818,True,0,0,1,1,0,,,0,1.717,3.844,0.0,0,0,0,0,1,1,0,0,0,0,0,0,0,0,0,0,0,rain,Day,0,0,0,0,0,0,7.333333333333333,0,2.06,0,1,0,0,0,0,1,1,0,0,,,0,0,1,0,0,0,0,1,0,1,0,0,0,,Malaysia,MYS,Asia,3.151696,101.694237,59.831,1453975.0,32365998.0,22.5,83.0,163.1,31.4,40.7
Kuala Lumpur,AxQcSoA9vGQ,Kuala Lumpur_AxQcSoA9vGQ,4954,True,0,0,1,0,0,,,0,0.888,0.718,0.0,0,0,0,0,0,0,0,0,0,0,0,0,0,0,0,0,0,shine,Day,0,0,0,0,1,0,4.4,0,2.04,0,1,0,0,0,0,0,1,0,0,,,0,0,1,0,0,0,0,1,0,0,0,0,0,,Malaysia,MYS,Asia,3.151696,101.694237,59.831,1453975.0,32365998.0,22.5,83.0,163.1,31.4,40.7
Kuala Lumpur,AxQcSoA9vGQ,Kuala Lumpur_AxQcSoA9vGQ,5014,True,1,1,1,0,0,,,0,1.304,0.705,0.0,0,0,0,0,1,0,0,0,0,0,0,0,0,0,0,0,0,sunrise,Day,0,0,0,0,0,0,5.0,0,1.8266666666666669,0,1,0,0,0,0,0,1,0,0,,,0,0,1,0,0,0,0,1,0,0,0,0,0,,Malaysia,MYS,Asia,3.151696,101.694237,59.831,1453975.0,32365998.0,22.5,83.0,163.1,31.4,40.7
Kuala Lumpur,AxQcSoA9vGQ,Kuala Lumpur_AxQcSoA9vGQ,5019,True,0,0,1,0,0,,,0,1.161,0.677,0.0,0,0,0,0,0,0,0,0,0,0,0,0,0,0,0,0,0,sunrise,Day,0,0,0,0,0,0,4.5,0,2.0700000000000003,0,1,0,0,0,0,0,1,0,0,,,0,0,0,0,0,0,0,0,0,0,0,0,0,,Malaysia,MYS,Asia,3.151696,101.694237,59.831,1453975.0,32365998.0,22.5,83.0,163.1,31.4,40.7
Kuala Lumpur,AxQcSoA9vGQ,Kuala Lumpur_AxQcSoA9vGQ,5036,True,0,1,1,0,0,,,0,0.928,0.235,,1,0,0,0,0,0,0,1,0,0,0,0,0,0,0,0,0,rain,Day,0,0,0,0,0,0,4.75,0,1.95875,0,1,0,0,0,0,0,1,0,0,,,0,0,1,0,0,0,0,1,0,0,0,0,0,,Malaysia,MYS,Asia,3.151696,101.694237,59.831,1453975.0,32365998.0,22.5,83.0,163.1,31.4,40.7
Kuala Lumpur,AxQcSoA9vGQ,Kuala Lumpur_AxQcSoA9vGQ,5342,True,0,0,1,0,0,,,0,2.123,2.539,0.0,0,0,0,0,1,0,0,0,0,0,0,0,0,0,0,0,0,shine,Day,0,0,0,0,0,0,4.166666666666667,0,1.935,0,1,0,0,1,0,0,1,0,0,,,0,0,1,1,0,0,0,0,0,0,1,0,0,,Malaysia,MYS,Asia,3.151696,101.694237,59.831,1453975.0,32365998.0,22.5,83.0,163.1,31.4,40.7
Kuala Lumpur,AxQcSoA9vGQ,Kuala Lumpur_AxQcSoA9vGQ,5378,True,0,0,1,0,0,,,0,2.389,1.472,0.0,0,0,0,0,1,1,0,0,0,0,0,1,0,0,0,0,0,sunrise,Day,0,0,0,0,0,0,3.0,0,1.04,0,1,0,0,0,0,1,1,0,0,,,0,0,1,0,0,0,0,0,0,0,0,0,0,,Malaysia,MYS,Asia,3.151696,101.694237,59.831,1453975.0,32365998.0,22.5,83.0,163.1,31.4,40.7
Kuala Lumpur,AxQcSoA9vGQ,Kuala Lumpur_AxQcSoA9vGQ,5409,True,0,0,1,0,0,,,0,1.978,1.47,0.0,0,0,0,0,0,0,0,0,0,0,0,0,0,0,0,0,0,shine,Day,0,0,0,0,1,0,3.6666666666666665,0,1.5733333333333337,0,1,0,0,0,0,1,1,0,0,,,0,0,1,0,0,0,0,0,0,0,0,0,0,,Malaysia,MYS,Asia,3.151696,101.694237,59.831,1453975.0,32365998.0,22.5,83.0,163.1,31.4,40.7
Kuala Lumpur,AxQcSoA9vGQ,Kuala Lumpur_AxQcSoA9vGQ,5812,True,2,2,1,0,0,,,0,1.116,1.59,0.0,0,0,0,0,0,0,0,0,0,0,0,0,0,0,0,0,0,shine,Day,0,0,0,0,1,0,2.0,0,1.9975,0,1,0,0,0,0,1,1,0,0,,,0,0,0,0,0,0,0,0,0,0,0,0,0,,Malaysia,MYS,Asia,3.151696,101.694237,59.831,1453975.0,32365998.0,22.5,83.0,163.1,31.4,40.7
Kuala Lumpur,AxQcSoA9vGQ,Kuala Lumpur_AxQcSoA9vGQ,6198,True,0,0,0,0,0,,,0,0.642,2.048,0.0,0,0,0,0,0,1,0,0,0,0,0,1,0,0,0,0,0,rain,Day,0,0,0,0,0,0,8.4,0,2.12,0,0,0,0,0,0,0,1,0,0,,,0,1,1,0,0,0,0,1,0,0,0,0,0,,Malaysia,MYS,Asia,3.151696,101.694237,59.831,1453975.0,32365998.0,22.5,83.0,163.1,31.4,40.7
Kuala Lumpur,AxQcSoA9vGQ,Kuala Lumpur_AxQcSoA9vGQ,6776,True,0,0,1,0,0,,,0,1.877,3.439,0.0,0,0,0,0,0,1,0,0,0,0,0,1,0,0,0,0,0,shine,Day,0,0,0,0,0,0,7.666666666666667,0,2.14,0,0,0,0,0,0,0,1,0,0,,,0,1,1,0,0,0,0,0,0,0,0,0,0,,Malaysia,MYS,Asia,3.151696,101.694237,59.831,1453975.0,32365998.0,22.5,83.0,163.1,31.4,40.7
Kuala Lumpur,AxQcSoA9vGQ,Kuala Lumpur_AxQcSoA9vGQ,6832,True,0,0,1,1,0,,,0,0.981,1.417,0.0,0,0,0,0,1,0,0,0,0,0,0,0,0,0,0,0,0,shine,Day,0,0,0,0,0,0,7.4,1,1.794,0,0,0,0,0,0,1,1,0,0,,,0,1,1,1,0,0,0,1,0,0,1,0,0,,Malaysia,MYS,Asia,3.151696,101.694237,59.831,1453975.0,32365998.0,22.5,83.0,163.1,31.4,40.7
Kuala Lumpur,AxQcSoA9vGQ,Kuala Lumpur_AxQcSoA9vGQ,6853,True,3,2,1,1,0,,,0,0.736,0.677,0.0,0,0,0,1,0,0,0,0,0,0,0,0,0,0,0,0,0,rain,Day,0,0,0,0,0,0,8.0,0,1.883333333333333,0,1,0,0,0,0,0,1,0,0,,,0,0,1,0,0,1,0,0,0,0,0,0,0,,Malaysia,MYS,Asia,3.151696,101.694237,59.831,1453975.0,32365998.0,22.5,83.0,163.1,31.4,40.7
Kuala Lumpur,AxQcSoA9vGQ,Kuala Lumpur_AxQcSoA9vGQ,6854,True,0,1,1,1,0,,,0,0.704,0.386,0.0,0,0,0,1,0,0,0,1,0,0,0,1,0,0,0,0,0,rain,Day,0,0,0,0,0,0,6.5,0,2.0025,0,1,0,0,0,0,0,1,0,0,,,0,0,1,0,0,1,0,0,0,0,0,0,0,,Malaysia,MYS,Asia,3.151696,101.694237,59.831,1453975.0,32365998.0,22.5,83.0,163.1,31.4,40.7
Kuala Lumpur,AxQcSoA9vGQ,Kuala Lumpur_AxQcSoA9vGQ,6881,True,1,1,1,1,0,,,0,0.374,1.287,0.07,0,0,0,0,0,0,0,0,0,0,0,0,0,0,0,0,0,rain,Day,0,0,0,0,0,0,6.666666666666667,0,1.9433333333333327,0,1,0,0,0,0,0,1,0,0,,,0,0,1,0,0,0,0,0,0,0,0,0,0,,Malaysia,MYS,Asia,3.151696,101.694237,59.831,1453975.0,32365998.0,22.5,83.0,163.1,31.4,40.7
Kuala Lumpur,AxQcSoA9vGQ,Kuala Lumpur_AxQcSoA9vGQ,6923,True,1,2,1,0,0,,,0,0.38,0.164,0.0,0,0,0,0,0,1,0,0,0,0,0,0,0,0,0,0,0,rain,Day,0,0,0,0,0,0,10.666666666666666,0,1.918333333333333,0,1,0,0,0,0,0,1,0,0,,,0,1,1,0,0,0,0,1,0,0,0,1,0,,Malaysia,MYS,Asia,3.151696,101.694237,59.831,1453975.0,32365998.0,22.5,83.0,163.1,31.4,40.7
Kuala Lumpur,AxQcSoA9vGQ,Kuala Lumpur_AxQcSoA9vGQ,6979,True,0,1,1,0,0,,,0,0.516,2.216,0.0,0,0,0,0,0,0,0,0,0,0,0,0,0,0,0,0,0,rain,Day,0,0,0,0,0,0,12.0,0,1.8,0,0,0,0,0,0,0,1,0,0,,,0,1,1,0,0,0,0,1,0,0,0,0,0,,Malaysia,MYS,Asia,3.151696,101.694237,59.831,1453975.0,32365998.0,22.5,83.0,163.1,31.4,40.7
Kuala Lumpur,AxQcSoA9vGQ,Kuala Lumpur_AxQcSoA9vGQ,7002,True,1,1,1,0,0,,,0,0.442,0.873,0.0,0,0,0,0,0,0,0,0,0,0,0,0,0,0,0,0,0,shine,Day,0,0,0,0,0,0,7.413793103448276,0,2.0131034482758623,0,1,0,0,0,0,0,1,0,0,,,0,1,1,0,0,0,0,1,0,0,0,0,0,,Malaysia,MYS,Asia,3.151696,101.694237,59.831,1453975.0,32365998.0,22.5,83.0,163.1,31.4,40.7
Kuala Lumpur,AxQcSoA9vGQ,Kuala Lumpur_AxQcSoA9vGQ,7043,True,1,1,1,0,0,,,0,0.53,0.373,0.0,0,0,0,0,0,0,0,0,0,0,0,0,0,0,0,0,0,shine,Day,0,0,0,0,0,0,7.4,0,2.021,0,1,0,0,0,0,0,1,0,0,,,0,1,1,0,0,0,0,1,0,0,0,0,0,,Malaysia,MYS,Asia,3.151696,101.694237,59.831,1453975.0,32365998.0,22.5,83.0,163.1,31.4,40.7
Kuala Lumpur,AxQcSoA9vGQ,Kuala Lumpur_AxQcSoA9vGQ,7194,True,0,1,1,0,0,,,0,1.003,1.76,,0,0,0,0,0,1,0,0,0,0,0,0,1,0,0,0,0,shine,Day,0,0,0,0,0,0,9.0,0,1.86,0,1,0,0,0,0,0,1,0,0,,,0,1,1,0,0,0,0,1,0,1,0,0,0,,Malaysia,MYS,Asia,3.151696,101.694237,59.831,1453975.0,32365998.0,22.5,83.0,163.1,31.4,40.7
Kuala Lumpur,AxQcSoA9vGQ,Kuala Lumpur_AxQcSoA9vGQ,7306,True,0,1,1,0,0,,,0,1.13,1.586,,0,0,1,0,0,0,0,0,0,0,0,1,0,0,0,0,0,rain,Day,0,0,0,0,0,0,7.0,0,2.1225,0,0,0,0,0,0,0,1,0,0,,,0,0,1,0,0,0,0,0,0,1,0,0,0,,Malaysia,MYS,Asia,3.151696,101.694237,59.831,1453975.0,32365998.0,22.5,83.0,163.1,31.4,40.7
Kuala Lumpur,AxQcSoA9vGQ,Kuala Lumpur_AxQcSoA9vGQ,7329,True,0,0,1,0,0,,,0,1.356,1.198,0.0,0,0,0,0,0,1,0,0,0,0,0,1,0,0,0,0,0,rain,Day,0,0,0,0,0,0,8.0,0,2.0725,0,0,0,0,0,0,0,1,0,0,,,0,0,1,0,0,0,0,1,0,1,0,0,0,,Malaysia,MYS,Asia,3.151696,101.694237,59.831,1453975.0,32365998.0,22.5,83.0,163.1,31.4,40.7
Kuala Lumpur,AxQcSoA9vGQ,Kuala Lumpur_AxQcSoA9vGQ,7335,True,1,1,1,0,0,male,30.0,0,2.169,2.31,0.0,0,0,0,0,0,0,0,0,0,0,0,0,0,0,0,0,0,rain,Day,0,0,0,0,0,0,7.2,0,2.188,0,0,0,0,0,0,0,1,0,0,,,0,1,1,0,0,0,0,1,0,0,0,0,0,,Malaysia,MYS,Asia,3.151696,101.694237,59.831,1453975.0,32365998.0,22.5,83.0,163.1,31.4,40.7
Kuala Lumpur,AxQcSoA9vGQ,Kuala Lumpur_AxQcSoA9vGQ,7440,True,0,0,1,0,0,,,0,0.75,1.974,0.0,0,0,0,0,0,0,0,0,0,0,0,0,0,0,0,0,0,shine,Day,0,0,0,0,0,0,7.428571428571429,1,2.157142857142857,0,1,0,0,0,0,0,1,0,0,,,0,1,1,0,0,0,0,1,0,0,0,0,0,,Malaysia,MYS,Asia,3.151696,101.694237,59.831,1453975.0,32365998.0,22.5,83.0,163.1,31.4,40.7
Kuala Lumpur,AxQcSoA9vGQ,Kuala Lumpur_AxQcSoA9vGQ,7593,True,0,0,1,0,0,,,0,2.595,2.237,0.0,0,0,0,0,0,0,0,0,0,0,0,0,0,0,0,0,0,shine,Day,0,0,0,0,0,0,5.0,0,2.0250000000000004,0,1,0,0,0,0,0,1,0,0,,,0,0,1,1,0,0,0,0,0,0,1,0,0,,Malaysia,MYS,Asia,3.151696,101.694237,59.831,1453975.0,32365998.0,22.5,83.0,163.1,31.4,40.7
Kuala Lumpur,AxQcSoA9vGQ,Kuala Lumpur_AxQcSoA9vGQ,7612,True,0,0,1,0,0,,,0,2.162,0.972,0.0,0,0,0,0,0,0,0,0,0,0,0,0,0,0,0,0,0,sunrise,Day,0,0,0,0,0,0,3.0,0,2.1266666666666665,0,1,0,0,0,0,0,1,0,0,,,0,0,0,0,0,0,0,0,0,0,0,0,0,,Malaysia,MYS,Asia,3.151696,101.694237,59.831,1453975.0,32365998.0,22.5,83.0,163.1,31.4,40.7
Kuala Lumpur,AxQcSoA9vGQ,Kuala Lumpur_AxQcSoA9vGQ,7731,True,1,2,1,0,0,,,0,4.912,5.648,0.0,0,0,0,0,0,0,0,0,0,0,0,0,0,0,0,0,0,sunrise,Day,0,0,0,0,0,0,3.6666666666666665,0,2.0733333333333333,0,1,0,0,0,0,0,1,0,0,,,0,0,1,0,0,0,0,1,0,0,0,0,0,,Malaysia,MYS,Asia,3.151696,101.694237,59.831,1453975.0,32365998.0,22.5,83.0,163.1,31.4,40.7
Kuala Lumpur,AxQcSoA9vGQ,Kuala Lumpur_AxQcSoA9vGQ,8348,True,1,1,1,0,0,,,0,0.214,1.151,0.0,0,0,0,0,0,0,0,0,0,0,0,0,0,0,0,0,0,sunrise,Day,0,0,0,0,1,0,6.333333333333333,0,2.0916666666666663,0,1,0,0,0,0,0,1,0,0,,,0,0,1,0,0,0,0,1,0,0,0,0,0,,Malaysia,MYS,Asia,3.151696,101.694237,59.831,1453975.0,32365998.0,22.5,83.0,163.1,31.4,40.7
Kuala Lumpur,AxQcSoA9vGQ,Kuala Lumpur_AxQcSoA9vGQ,8350,True,1,1,1,0,0,,,0,1.088,1.159,0.0,0,0,0,0,0,0,0,0,0,0,0,0,0,0,0,0,0,sunrise,Day,0,0,0,0,1,0,6.2,0,2.16,0,1,0,0,0,0,0,1,0,0,,,0,0,1,0,0,0,0,1,0,0,0,0,0,,Malaysia,MYS,Asia,3.151696,101.694237,59.831,1453975.0,32365998.0,22.5,83.0,163.1,31.4,40.7
Kuala Lumpur,AxQcSoA9vGQ,Kuala Lumpur_AxQcSoA9vGQ,8378,True,0,0,1,0,0,,,0,0.664,1.168,0.0,0,0,0,0,0,0,0,0,0,0,0,0,0,0,0,0,0,sunrise,Day,0,0,0,0,1,0,5.333333333333333,0,2.1566666666666667,0,1,0,0,0,0,0,1,0,0,,,0,0,1,0,0,0,0,0,0,0,0,0,0,,Malaysia,MYS,Asia,3.151696,101.694237,59.831,1453975.0,32365998.0,22.5,83.0,163.1,31.4,40.7
Kuala Lumpur,AxQcSoA9vGQ,Kuala Lumpur_AxQcSoA9vGQ,8403,True,0,0,1,0,0,,,0,0.976,1.254,0.0,0,0,0,0,0,0,0,0,0,0,0,0,0,0,0,0,0,sunrise,Day,0,0,0,0,1,0,5.5,0,2.105,0,1,0,0,0,0,0,1,0,0,,,0,0,1,0,0,0,0,1,0,0,0,0,0,,Malaysia,MYS,Asia,3.151696,101.694237,59.831,1453975.0,32365998.0,22.5,83.0,163.1,31.4,40.7
Kuala Lumpur,AxQcSoA9vGQ,Kuala Lumpur_AxQcSoA9vGQ,9046,True,0,0,1,0,0,,,0,3.329,2.309,0.0,0,0,0,0,0,0,0,0,0,0,0,0,0,0,0,0,0,cloudy,Day,0,0,0,0,0,0,0.0,0,1.62,0,1,0,0,0,0,0,0,0,0,,,0,0,0,0,0,0,0,0,0,0,0,0,0,,Malaysia,MYS,Asia,3.151696,101.694237,59.831,1453975.0,32365998.0,22.5,83.0,163.1,31.4,40.7
Kuala Lumpur,AxQcSoA9vGQ,Kuala Lumpur_AxQcSoA9vGQ,9121,True,1,2,1,0,0,,,0,0.882,0.414,0.0,0,0,0,0,0,0,0,0,0,0,0,0,0,0,0,0,0,cloudy,Day,0,0,0,0,0,0,2.5,0,1.725,0,1,0,0,0,0,0,1,0,0,,,0,0,1,0,0,0,0,0,0,0,0,0,0,,Malaysia,MYS,Asia,3.151696,101.694237,59.831,1453975.0,32365998.0,22.5,83.0,163.1,31.4,40.7
Kuala Lumpur,AxQcSoA9vGQ,Kuala Lumpur_AxQcSoA9vGQ,9133,True,1,1,1,0,0,,,0,0.772,0.454,0.0,0,0,0,0,0,0,0,0,0,0,0,0,0,0,0,0,0,cloudy,Day,0,0,0,0,0,0,3.2,0,1.75,0,1,0,0,0,0,0,1,0,0,,,0,0,1,0,0,0,0,0,0,0,0,0,0,,Malaysia,MYS,Asia,3.151696,101.694237,59.831,1453975.0,32365998.0,22.5,83.0,163.1,31.4,40.7
Kuala Lumpur,AxQcSoA9vGQ,Kuala Lumpur_AxQcSoA9vGQ,9141,True,1,1,1,0,0,male,32.0,1,1.608,0.955,0.0,0,0,0,0,1,0,0,0,0,0,0,1,0,0,0,0,0,sunrise,Day,0,0,0,0,0,1,2.0,0,1.62,0,1,0,0,0,0,0,1,0,0,,,0,0,1,0,0,0,0,0,0,0,0,0,0,,Malaysia,MYS,Asia,3.151696,101.694237,59.831,1453975.0,32365998.0,22.5,83.0,163.1,31.4,40.7
Kuala Lumpur,AxQcSoA9vGQ,Kuala Lumpur_AxQcSoA9vGQ,9205,True,1,2,1,0,0,male,40.0,0,1.57,2.251,0.0,0,0,0,0,1,0,0,0,0,0,0,1,0,0,0,0,0,rain,Day,0,0,0,0,0,0,5.0,0,1.99,0,1,0,0,0,0,0,1,0,0,,,0,0,1,0,0,1,0,0,0,0,0,0,0,,Malaysia,MYS,Asia,3.151696,101.694237,59.831,1453975.0,32365998.0,22.5,83.0,163.1,31.4,40.7
Kuala Lumpur,AxQcSoA9vGQ,Kuala Lumpur_AxQcSoA9vGQ,9455,True,2,1,1,0,0,,,0,1.669,3.52,0.0,0,0,0,0,0,0,0,0,0,0,0,0,0,0,0,0,0,shine,Day,0,0,0,0,0,0,6.666666666666667,0,1.5333333333333332,0,1,0,0,0,0,0,1,0,0,,,0,1,0,0,0,0,0,1,0,0,0,0,0,,Malaysia,MYS,Asia,3.151696,101.694237,59.831,1453975.0,32365998.0,22.5,83.0,163.1,31.4,40.7
Kuala Lumpur,AxQcSoA9vGQ,Kuala Lumpur_AxQcSoA9vGQ,9776,True,0,1,1,0,0,male,56.0,0,1.508,2.202,0.0,0,0,0,0,0,0,0,0,0,0,0,1,0,0,0,0,0,shine,Day,0,0,0,0,1,0,3.8,0,1.9,0,1,0,0,1,0,0,1,0,0,,,0,1,1,1,0,0,0,1,0,0,1,0,0,,Malaysia,MYS,Asia,3.151696,101.694237,59.831,1453975.0,32365998.0,22.5,83.0,163.1,31.4,40.7
Kuala Lumpur,AxQcSoA9vGQ,Kuala Lumpur_AxQcSoA9vGQ,9868,True,0,1,1,0,0,,,0,2.037,0.453,0.0,0,0,0,0,0,0,0,0,0,0,0,0,0,0,0,0,0,shine,Day,0,0,0,0,0,0,3.0,0,2.063333333333333,0,1,0,0,0,0,0,1,0,0,,,0,0,0,1,0,0,0,1,0,1,0,0,0,,Malaysia,MYS,Asia,3.151696,101.694237,59.831,1453975.0,32365998.0,22.5,83.0,163.1,31.4,40.7
Kuala Lumpur,AxQcSoA9vGQ,Kuala Lumpur_AxQcSoA9vGQ,9871,True,1,2,1,0,0,,,0,2.497,1.219,0.0,0,0,0,0,0,0,0,0,0,0,0,0,0,0,0,0,0,shine,Day,0,0,0,0,0,0,2.5,0,2.105,0,1,0,0,0,0,0,1,0,0,,,0,0,0,1,0,0,0,0,0,1,0,0,0,,Malaysia,MYS,Asia,3.151696,101.694237,59.831,1453975.0,32365998.0,22.5,83.0,163.1,31.4,40.7
Kuala Lumpur,AxQcSoA9vGQ,Kuala Lumpur_AxQcSoA9vGQ,9901,True,0,0,1,0,0,,,0,0.611,0.065,0.0,0,0,0,0,0,0,0,0,0,0,0,0,0,0,0,0,0,shine,Day,0,0,0,0,0,0,2.0,0,1.945,0,0,0,0,0,0,0,1,0,0,,,0,0,1,0,0,0,0,0,0,0,0,0,0,,Malaysia,MYS,Asia,3.151696,101.694237,59.831,1453975.0,32365998.0,22.5,83.0,163.1,31.4,40.7
Las Vegas,KWciBlhQjRA,Las Vegas_KWciBlhQjRA,7864,True,0,1,1,0,0,female,36.0,0,2.564,2.435,0.0,0,0,0,0,0,0,0,0,0,0,0,0,0,0,0,0,0,sunrise,Day,0,0,0,0,0,0,0.25,0,1.5675000000000003,0,1,0,0,0,0,1,0,0,0,,,0,0,0,0,0,0,0,0,0,0,0,0,0,NV,United States,USA,North America,36.1672559,-115.148516,160.728,623747.0,329484123.0,12.7,86.0,170.1,38.5,41.3
Las Vegas,KWciBlhQjRA,Las Vegas_KWciBlhQjRA,8190,True,1,1,0,0,0,female,32.0,0,1.798,1.533,0.0,0,0,0,0,0,0,0,0,0,0,0,0,0,0,0,0,0,sunrise,Day,0,0,0,0,0,0,0.8,1,2.0420000000000003,0,1,0,0,0,0,0,0,0,0,,,0,0,0,0,0,0,0,0,0,0,1,0,0,NV,United States,USA,North America,36.1672559,-115.148516,160.728,623747.0,329484123.0,12.7,86.0,170.1,38.5,41.3
Las Vegas,KWciBlhQjRA,Las Vegas_KWciBlhQjRA,8198,True,1,2,0,0,0,male,31.0,0,1.413,1.565,0.0,0,0,0,0,0,0,0,0,0,0,0,0,0,0,0,0,0,sunrise,Day,0,0,0,0,0,0,0.8333333333333334,1,1.9883333333333333,0,1,0,0,0,0,0,0,0,0,,,0,0,0,0,0,0,0,0,0,0,1,0,0,NV,United States,USA,North America,36.1672559,-115.148516,160.728,623747.0,329484123.0,12.7,86.0,170.1,38.5,41.3
Las Vegas,KWciBlhQjRA,Las Vegas_KWciBlhQjRA,8385,True,0,1,1,0,0,male,34.0,0,2.918,1.778,0.0,0,0,0,0,0,0,0,0,0,0,0,0,0,0,0,0,0,sunrise,Day,0,0,0,0,0,0,0.0,0,1.98,0,1,0,0,0,0,0,0,0,0,,,0,0,0,0,0,0,0,0,0,0,0,0,0,NV,United States,USA,North America,36.1672559,-115.148516,160.728,623747.0,329484123.0,12.7,86.0,170.1,38.5,41.3
Las Vegas,KWciBlhQjRA,Las Vegas_KWciBlhQjRA,8395,True,0,0,1,0,0,,,0,2.378,1.329,0.0,0,0,0,0,0,0,0,0,0,0,0,0,0,0,0,0,0,sunrise,Day,0,0,0,0,0,0,0.0,0,2.025,0,1,0,0,0,0,0,0,0,0,,,0,0,0,0,0,0,0,0,0,0,0,0,0,NV,United States,USA,North America,36.1672559,-115.148516,160.728,623747.0,329484123.0,12.7,86.0,170.1,38.5,41.3
Las Vegas,KWciBlhQjRA,Las Vegas_KWciBlhQjRA,8468,True,0,0,1,0,0,,,0,1.261,1.342,0.0,0,0,0,0,0,0,0,0,0,0,0,0,0,0,0,0,0,shine,Day,0,0,0,0,0,0,3.333333333333333,0,1.9466666666666663,0,1,0,0,0,0,0,1,0,0,,,0,0,0,0,0,0,0,1,0,0,0,0,0,NV,United States,USA,North America,36.1672559,-115.148516,160.728,623747.0,329484123.0,12.7,86.0,170.1,38.5,41.3
London,slTbgnXsBik,London1_slTbgnXsBik,2,True,0,1,1,0,0,female,29.0,0,0.069,0.152,1.0,0,0,0,0,1,0,0,0,0,0,1,1,0,0,0,0,0,rain,Day,0,0,0,0,0,0,0.4,0,,0,-1,0,0,0,0,0,0,0,0,,,0,0,1,0,0,1,0,0,0,0,0,0,0,,United Kingdom,GBR,Europe,51.5074456,-0.1277653,692.765,8961989.0,67215293.0,3.2,99.0,171.0,40.6,32.4
Los Angeles,4uhMg5na888,Los Angeles_4uhMg5na888,325,True,1,1,1,0,0,,,0,1.144,0.624,0.0,0,0,0,0,0,1,0,0,0,0,0,1,0,0,0,0,0,rain,Day,0,0,0,0,0,0,2.789473684210526,0,1.59,0,1,0,0,1,0,1,1,0,0,,,0,0,1,0,0,1,0,0,0,0,1,0,0,CA,United States,USA,North America,34.0536909,-118.242766,1566.296,3898747.0,329484123.0,12.7,86.0,170.1,38.5,41.3
Los Angeles,4uhMg5na888,Los Angeles_4uhMg5na888,423,True,1,1,1,0,0,male,38.0,0,0.951,1.123,0.13,0,0,1,0,0,0,0,0,0,0,0,0,0,0,0,0,0,rain,Day,0,0,0,0,0,0,3.3,0,1.583,0,0,0,0,1,0,0,1,0,0,,,0,0,1,0,0,1,0,0,0,0,0,0,0,CA,United States,USA,North America,34.0536909,-118.242766,1566.296,3898747.0,329484123.0,12.7,86.0,170.1,38.5,41.3
Los Angeles,4uhMg5na888,Los Angeles_4uhMg5na888,793,True,1,1,1,0,0,male,32.0,0,2.107,1.206,,0,0,0,0,0,0,0,0,0,0,0,0,0,0,0,0,0,rain,Day,0,0,0,0,0,0,2.6666666666666665,0,1.9966666666666664,0,1,0,0,0,0,1,1,0,0,,,0,0,0,1,0,0,0,0,0,0,1,0,0,CA,United States,USA,North America,34.0536909,-118.242766,1566.296,3898747.0,329484123.0,12.7,86.0,170.1,38.5,41.3
Los Angeles,4uhMg5na888,Los Angeles_4uhMg5na888,796,True,0,0,1,0,0,,,0,2.206,1.222,0.0,0,0,0,0,0,0,0,0,0,0,0,0,0,0,0,0,0,rain,Day,0,0,0,0,0,0,3.0,0,2.3433333333333333,0,1,0,0,0,0,1,1,0,0,,,0,0,0,1,0,0,0,0,0,0,1,0,0,CA,United States,USA,North America,34.0536909,-118.242766,1566.296,3898747.0,329484123.0,12.7,86.0,170.1,38.5,41.3
Los Angeles,4uhMg5na888,Los Angeles_4uhMg5na888,1352,True,0,0,1,0,0,male,36.0,0,1.152,0.705,0.0,0,0,0,0,0,0,0,0,0,0,0,0,0,0,0,0,0,rain,Day,0,0,0,0,0,0,4.0,0,2.535,0,1,0,0,0,0,0,1,0,0,,,0,0,0,0,0,0,0,0,0,0,0,0,0,CA,United States,USA,North America,34.0536909,-118.242766,1566.296,3898747.0,329484123.0,12.7,86.0,170.1,38.5,41.3
Los Angeles,4uhMg5na888,Los Angeles_4uhMg5na888,1426,True,0,1,1,0,0,female,45.0,0,1.139,0.052,0.0,0,0,0,0,0,0,0,0,0,0,0,0,0,0,0,0,0,rain,Day,0,0,0,0,0,0,3.4285714285714284,0,2.065714285714286,0,1,0,0,0,0,0,1,0,0,,,0,0,1,0,0,0,0,1,0,0,0,0,0,CA,United States,USA,North America,34.0536909,-118.242766,1566.296,3898747.0,329484123.0,12.7,86.0,170.1,38.5,41.3
Los Angeles,4uhMg5na888,Los Angeles_4uhMg5na888,1435,True,1,1,1,0,0,male,38.0,0,1.606,1.633,0.0,0,0,1,0,0,1,0,1,0,0,0,1,0,0,0,0,0,rain,Day,0,0,0,0,0,0,3.4,0,2.074,0,1,0,0,0,0,0,1,0,0,,,0,0,1,0,0,0,0,1,0,0,0,0,0,CA,United States,USA,North America,34.0536909,-118.242766,1566.296,3898747.0,329484123.0,12.7,86.0,170.1,38.5,41.3
Los Angeles,4uhMg5na888,Los Angeles_4uhMg5na888,1443,True,1,1,1,0,0,male,36.0,0,1.8,1.882,0.0,0,0,0,0,0,1,0,1,0,0,0,1,1,0,0,0,0,rain,Day,0,0,0,0,0,0,3.4,0,2.074,0,1,0,0,0,0,0,1,0,0,,,0,0,1,0,0,0,0,1,0,0,0,0,0,CA,United States,USA,North America,34.0536909,-118.242766,1566.296,3898747.0,329484123.0,12.7,86.0,170.1,38.5,41.3
Los Angeles,4uhMg5na888,Los Angeles_4uhMg5na888,1445,True,1,2,1,0,0,female,49.0,0,0.268,0.032,0.2,0,0,0,0,0,0,0,0,0,0,0,0,0,0,0,0,0,rain,Day,0,0,0,0,0,0,2.0,0,2.225,0,1,0,0,0,0,0,1,0,0,,,0,0,0,0,0,0,0,0,0,0,0,0,0,CA,United States,USA,North America,34.0536909,-118.242766,1566.296,3898747.0,329484123.0,12.7,86.0,170.1,38.5,41.3
Los Angeles,4uhMg5na888,Los Angeles_4uhMg5na888,1468,True,1,1,1,0,0,,,0,0.893,0.44,0.0,0,0,0,0,0,0,0,0,0,0,0,0,0,0,0,0,0,rain,Day,0,0,0,0,0,0,0.0,0,2.1275,0,1,0,0,0,0,0,0,0,0,,,0,0,0,0,0,0,0,0,0,0,0,0,0,CA,United States,USA,North America,34.0536909,-118.242766,1566.296,3898747.0,329484123.0,12.7,86.0,170.1,38.5,41.3
Los Angeles,4uhMg5na888,Los Angeles_4uhMg5na888,1478,True,2,1,1,0,0,,,0,1.554,1.508,0.0,0,0,0,0,0,0,0,0,0,0,0,0,0,0,0,0,0,rain,Day,0,0,0,0,0,0,0.8333333333333334,0,2.3183333333333334,0,1,0,0,0,0,0,1,0,0,,,0,0,0,0,0,0,0,0,0,0,0,0,0,CA,United States,USA,North America,34.0536909,-118.242766,1566.296,3898747.0,329484123.0,12.7,86.0,170.1,38.5,41.3
Los Angeles,4uhMg5na888,Los Angeles_4uhMg5na888,1526,True,0,0,1,0,0,,,0,2.631,1.832,0.0,0,0,0,0,0,0,0,0,0,0,0,0,0,0,0,0,0,shine,Day,0,0,0,0,0,0,1.5,0,1.6949999999999998,0,1,0,0,1,0,0,1,0,0,,,0,0,0,0,0,0,0,0,0,0,1,0,0,CA,United States,USA,North America,34.0536909,-118.242766,1566.296,3898747.0,329484123.0,12.7,86.0,170.1,38.5,41.3
Los Angeles,4uhMg5na888,Los Angeles_4uhMg5na888,1534,True,0,0,1,0,0,,,0,1.949,,0.0,0,0,0,0,0,0,0,0,0,0,0,0,0,0,0,0,0,rain,Day,0,0,0,0,0,0,2.0,0,2.28,0,1,0,0,1,0,0,0,0,0,,,0,0,0,0,0,0,0,0,0,0,1,0,0,CA,United States,USA,North America,34.0536909,-118.242766,1566.296,3898747.0,329484123.0,12.7,86.0,170.1,38.5,41.3
Los Angeles,4uhMg5na888,Los Angeles_4uhMg5na888,2610,True,1,1,1,1,0,,,0,0.7,0.177,0.0,0,0,0,0,0,0,0,0,0,0,0,0,0,0,0,0,0,rain,Evening,0,0,0,0,0,0,2.0,0,2.4657142857142857,0,1,0,0,0,0,0,1,0,0,,,0,0,0,0,0,0,0,0,0,0,0,0,0,CA,United States,USA,North America,34.0536909,-118.242766,1566.296,3898747.0,329484123.0,12.7,86.0,170.1,38.5,41.3
Los Angeles,4uhMg5na888,Los Angeles_4uhMg5na888,2894,True,0,1,0,0,0,,,0,0.348,0.264,0.0,0,0,0,0,0,0,0,0,0,0,0,0,0,0,0,0,0,rain,Day,0,0,0,0,0,0,5.0,0,1.7305,0,0,0,0,0,0,1,1,0,0,,,0,1,0,0,0,0,0,1,0,0,0,0,0,CA,United States,USA,North America,34.0536909,-118.242766,1566.296,3898747.0,329484123.0,12.7,86.0,170.1,38.5,41.3
Los Angeles,4uhMg5na888,Los Angeles_4uhMg5na888,3079,True,2,3,1,1,0,female,57.0,0,2.776,2.097,0.0,0,0,0,0,0,0,0,0,0,0,0,0,0,0,0,0,0,rain,Day,0,0,0,0,0,0,2.333333333333333,0,1.406666666666667,0,1,0,0,0,0,0,1,0,0,,,0,1,0,1,0,0,0,1,0,0,0,0,0,CA,United States,USA,North America,34.0536909,-118.242766,1566.296,3898747.0,329484123.0,12.7,86.0,170.1,38.5,41.3
Los Angeles,4uhMg5na888,Los Angeles_4uhMg5na888,3124,True,0,1,1,1,0,female,68.0,0,1.819,1.134,0.0,0,0,0,0,0,0,0,0,0,0,0,1,0,0,0,0,0,shine,Day,0,0,0,0,0,0,0.2,0,1.736,0,1,0,0,0,0,0,0,0,0,,,0,0,0,0,0,0,0,0,0,0,1,0,0,CA,United States,USA,North America,34.0536909,-118.242766,1566.296,3898747.0,329484123.0,12.7,86.0,170.1,38.5,41.3
Los Angeles,4uhMg5na888,Los Angeles_4uhMg5na888,3145,True,0,0,1,1,0,,,0,0.971,0.867,0.0,0,0,0,0,0,0,0,0,0,0,0,0,0,0,0,0,0,shine,Day,0,0,0,0,0,0,0.5,0,2.05,0,1,0,0,0,0,0,0,0,0,,,0,0,0,0,0,0,0,0,0,0,1,0,0,CA,United States,USA,North America,34.0536909,-118.242766,1566.296,3898747.0,329484123.0,12.7,86.0,170.1,38.5,41.3
Los Angeles,4uhMg5na888,Los Angeles_4uhMg5na888,3175,True,0,0,1,1,0,male,29.0,0,0.909,1.549,0.07,0,0,0,0,1,1,0,0,0,0,0,1,0,0,0,0,0,shine,Day,0,0,0,0,0,0,0.0,0,1.9333333333333336,0,1,0,0,0,0,0,0,0,0,,,0,0,0,0,0,0,0,0,0,0,0,0,0,CA,United States,USA,North America,34.0536909,-118.242766,1566.296,3898747.0,329484123.0,12.7,86.0,170.1,38.5,41.3
Los Angeles,4uhMg5na888,Los Angeles_4uhMg5na888,3724,True,1,1,1,1,0,,,0,0.55,0.695,0.0,0,0,0,0,0,0,0,0,0,0,0,1,0,0,0,0,0,shine,Day,0,0,0,0,0,0,4.666666666666667,0,2.0766666666666667,0,1,0,0,0,0,0,1,0,0,,,0,0,0,0,0,0,0,1,0,0,0,0,0,CA,United States,USA,North America,34.0536909,-118.242766,1566.296,3898747.0,329484123.0,12.7,86.0,170.1,38.5,41.3
Los Angeles,4uhMg5na888,Los Angeles_4uhMg5na888,4081,True,0,1,1,0,0,female,38.0,0,1.425,1.423,0.0,0,0,0,0,0,0,0,0,0,0,0,0,0,0,0,0,0,rain,Evening,0,0,0,0,0,0,7.0,0,1.39,0,1,0,0,0,0,0,1,0,0,,,0,1,0,0,0,0,0,0,0,0,0,0,0,CA,United States,USA,North America,34.0536909,-118.242766,1566.296,3898747.0,329484123.0,12.7,86.0,170.1,38.5,41.3
Los Angeles,4uhMg5na888,Los Angeles_4uhMg5na888,4349,True,1,1,1,0,0,,,0,1.638,2.241,0.0,0,0,0,0,0,0,0,0,0,0,0,0,0,0,0,0,0,shine,Evening,0,0,0,0,0,0,0.0,0,1.6149999999999998,0,1,0,0,0,0,0,0,0,0,,,0,0,0,0,0,0,0,0,0,0,0,0,0,CA,United States,USA,North America,34.0536909,-118.242766,1566.296,3898747.0,329484123.0,12.7,86.0,170.1,38.5,41.3
Los Angeles,4uhMg5na888,Los Angeles_4uhMg5na888,4354,True,0,1,1,0,0,,,0,4.691,4.465,0.0,0,0,0,0,0,0,0,0,0,0,0,0,0,0,0,0,0,rain,Evening,0,0,0,0,0,0,0.6666666666666666,0,1.47,0,1,0,0,0,0,0,1,0,0,,,0,0,0,0,0,0,0,0,0,0,0,0,0,CA,United States,USA,North America,34.0536909,-118.242766,1566.296,3898747.0,329484123.0,12.7,86.0,170.1,38.5,41.3
Los Angeles,4uhMg5na888,Los Angeles_4uhMg5na888,4357,True,1,2,0,0,0,male,42.0,0,1.08,1.178,0.0,0,0,0,0,0,1,0,0,0,0,0,1,0,0,0,0,0,rain,Evening,0,0,0,0,0,0,1.5,0,2.08375,0,1,0,0,0,0,0,1,0,0,,,0,0,0,0,0,0,0,1,0,0,0,0,0,CA,United States,USA,North America,34.0536909,-118.242766,1566.296,3898747.0,329484123.0,12.7,86.0,170.1,38.5,41.3
Los Angeles,4uhMg5na888,Los Angeles_4uhMg5na888,4358,True,1,1,1,0,0,male,36.0,0,1.009,1.407,0.0,0,0,0,0,0,1,0,0,0,0,0,1,0,0,0,0,0,rain,Evening,0,0,0,0,0,0,1.5,0,1.845,0,1,0,0,0,0,0,1,0,0,,,0,0,0,0,0,0,0,0,0,0,0,0,0,CA,United States,USA,North America,34.0536909,-118.242766,1566.296,3898747.0,329484123.0,12.7,86.0,170.1,38.5,41.3
Los Angeles,4uhMg5na888,Los Angeles_4uhMg5na888,4381,True,2,3,1,0,0,male,32.0,0,1.232,0.876,0.0,0,0,0,0,0,1,0,1,0,0,0,1,0,0,0,0,0,shine,Evening,0,0,0,0,0,0,0.5,0,2.25,0,1,0,0,0,0,0,1,0,0,,,0,0,0,0,0,0,0,0,0,0,0,0,0,CA,United States,USA,North America,34.0536909,-118.242766,1566.296,3898747.0,329484123.0,12.7,86.0,170.1,38.5,41.3
Los Angeles,4uhMg5na888,Los Angeles_4uhMg5na888,4393,True,1,1,0,0,0,male,38.0,0,1.254,1.342,0.0,0,0,0,0,1,1,0,0,0,0,1,0,1,0,0,0,0,shine,Evening,0,0,0,0,0,0,1.5,0,1.5950000000000004,0,1,0,0,0,0,0,1,0,0,,,0,0,1,0,0,0,0,0,0,0,0,0,0,CA,United States,USA,North America,34.0536909,-118.242766,1566.296,3898747.0,329484123.0,12.7,86.0,170.1,38.5,41.3
Los Angeles,4uhMg5na888,Los Angeles_4uhMg5na888,4402,True,2,3,0,0,0,male,31.0,1,1.071,0.703,0.0,0,0,0,0,0,1,0,0,0,0,0,1,0,0,0,0,0,shine,Evening,0,0,0,0,0,0,1.5,0,2.155,0,1,0,0,0,0,0,1,0,0,,,0,0,0,0,0,0,0,0,0,0,0,0,0,CA,United States,USA,North America,34.0536909,-118.242766,1566.296,3898747.0,329484123.0,12.7,86.0,170.1,38.5,41.3
Los Angeles,4uhMg5na888,Los Angeles_4uhMg5na888,4471,True,1,1,0,0,0,,,0,1.449,1.389,0.0,0,0,0,0,0,0,0,0,0,0,0,0,0,0,0,0,0,shine,Evening,0,0,0,0,0,0,0.7272727272727273,0,2.017272727272727,0,1,0,0,0,0,1,1,0,0,,,0,0,0,0,0,0,0,0,0,0,0,0,0,CA,United States,USA,North America,34.0536909,-118.242766,1566.296,3898747.0,329484123.0,12.7,86.0,170.1,38.5,41.3
Los Angeles,4uhMg5na888,Los Angeles_4uhMg5na888,4499,True,1,1,0,0,0,female,58.0,0,0.629,1.317,0.0,0,0,0,0,0,0,0,0,0,0,0,0,0,0,0,0,0,shine,Evening,0,0,0,0,0,0,0.6666666666666666,0,1.9844444444444445,0,1,0,0,0,0,1,1,0,0,,,0,0,0,0,0,0,0,0,0,0,1,0,0,CA,United States,USA,North America,34.0536909,-118.242766,1566.296,3898747.0,329484123.0,12.7,86.0,170.1,38.5,41.3
Los Angeles,4uhMg5na888,Los Angeles_4uhMg5na888,4513,True,0,1,0,0,0,,,0,0.524,1.224,0.0,0,0,0,0,0,0,0,0,0,0,0,0,0,0,0,0,0,shine,Evening,0,0,0,0,0,0,0.5,0,2.25,0,0,0,0,0,0,0,0,0,0,,,0,0,0,0,0,0,0,0,0,0,1,0,0,CA,United States,USA,North America,34.0536909,-118.242766,1566.296,3898747.0,329484123.0,12.7,86.0,170.1,38.5,41.3
Los Angeles,4uhMg5na888,Los Angeles_4uhMg5na888,4514,True,1,2,0,0,0,,,1,1.754,1.774,0.0,1,0,1,0,0,1,0,1,0,0,0,1,0,0,0,0,0,shine,Evening,0,0,0,0,0,0,0.5,0,1.8175,0,1,0,0,0,0,0,1,0,0,,,0,0,0,0,0,0,0,0,0,0,1,0,0,CA,United States,USA,North America,34.0536909,-118.242766,1566.296,3898747.0,329484123.0,12.7,86.0,170.1,38.5,41.3
Los Angeles,4uhMg5na888,Los Angeles_4uhMg5na888,4518,True,2,2,0,0,0,female,37.0,0,1.884,2.084,0.0,0,0,0,0,0,1,0,0,0,0,0,1,0,0,0,0,0,shine,Evening,0,0,0,0,0,0,0.25,0,1.94,0,1,0,0,0,0,0,1,0,0,,,0,0,0,0,0,0,0,0,0,0,0,0,0,CA,United States,USA,North America,34.0536909,-118.242766,1566.296,3898747.0,329484123.0,12.7,86.0,170.1,38.5,41.3
Los Angeles,4uhMg5na888,Los Angeles_4uhMg5na888,4519,True,2,2,0,0,0,female,33.0,0,1.313,1.225,0.0,0,0,1,0,1,0,0,0,1,0,0,1,0,0,0,0,0,rain,Evening,0,0,0,0,0,0,0.375,0,1.92125,0,1,0,0,0,0,0,1,0,0,,,0,0,0,0,0,0,0,0,0,0,0,0,0,CA,United States,USA,North America,34.0536909,-118.242766,1566.296,3898747.0,329484123.0,12.7,86.0,170.1,38.5,41.3
Los Angeles,4uhMg5na888,Los Angeles_4uhMg5na888,4526,True,1,2,0,0,0,female,34.0,0,1.556,1.459,0.0,0,0,1,0,1,0,0,0,1,0,0,1,0,0,0,0,0,rain,Evening,0,0,0,0,0,0,0.5,0,1.77,0,1,0,0,0,0,0,1,0,0,,,0,0,0,0,0,0,0,0,0,0,0,0,0,CA,United States,USA,North America,34.0536909,-118.242766,1566.296,3898747.0,329484123.0,12.7,86.0,170.1,38.5,41.3
Los Angeles,4uhMg5na888,Los Angeles_4uhMg5na888,4613,True,0,0,1,0,0,,,0,2.913,2.411,0.0,0,0,0,0,0,0,0,0,0,0,0,0,0,0,0,0,0,rain,Evening,0,0,0,0,0,0,0.0,0,1.0433333333333332,0,1,0,0,0,0,0,0,0,0,,,0,0,0,0,0,0,0,0,0,0,0,0,0,CA,United States,USA,North America,34.0536909,-118.242766,1566.296,3898747.0,329484123.0,12.7,86.0,170.1,38.5,41.3
Los Angeles,4uhMg5na888,Los Angeles_4uhMg5na888,4677,True,0,0,1,0,0,male,39.0,0,2.082,,0.0,0,0,0,0,0,0,0,0,0,0,0,0,0,0,0,0,0,rain,Day,0,0,0,0,0,0,2.0,0,2.51,0,1,0,0,0,0,1,1,0,0,,,0,0,0,0,0,0,0,0,0,0,0,0,0,CA,United States,USA,North America,34.0536909,-118.242766,1566.296,3898747.0,329484123.0,12.7,86.0,170.1,38.5,41.3
Los Angeles,4uhMg5na888,Los Angeles_4uhMg5na888,4977,True,0,0,1,0,0,,,0,0.703,1.858,0.0,0,0,0,0,0,0,0,0,0,0,0,0,0,0,0,0,0,sunrise,Day,0,0,0,0,0,0,4.0,0,2.415,0,1,0,0,0,0,1,1,0,0,,,0,0,0,0,0,0,0,0,0,0,1,0,0,CA,United States,USA,North America,34.0536909,-118.242766,1566.296,3898747.0,329484123.0,12.7,86.0,170.1,38.5,41.3
Los Angeles,4uhMg5na888,Los Angeles_4uhMg5na888,6496,True,0,0,0,0,0,,,0,0.983,1.647,0.0,0,0,0,0,0,0,0,0,0,0,0,0,0,0,0,0,0,shine,Day,0,0,0,0,0,0,2.142857142857143,0,2.334285714285714,0,1,0,0,0,1,1,1,0,0,,,0,1,1,0,0,1,0,0,0,0,0,0,0,CA,United States,USA,North America,34.0536909,-118.242766,1566.296,3898747.0,329484123.0,12.7,86.0,170.1,38.5,41.3
Los Angeles,4uhMg5na888,Los Angeles_4uhMg5na888,6506,True,0,1,0,0,0,male,34.0,0,1.792,1.573,0.0,0,0,0,0,0,1,0,1,0,0,0,1,1,0,0,0,0,shine,Day,0,0,0,0,0,0,2.0,0,2.352,0,1,0,0,0,1,0,1,0,0,,,0,0,1,0,0,1,0,0,0,0,0,0,0,CA,United States,USA,North America,34.0536909,-118.242766,1566.296,3898747.0,329484123.0,12.7,86.0,170.1,38.5,41.3
Manila,JY-Xyiept88,Manila_JY-Xyiept88,157,True,0,0,1,0,0,,,0,1.536,0.942,0.0,0,0,0,0,0,0,0,0,0,0,0,0,0,0,0,0,0,sunrise,Day,0,0,0,0,0,0,4.5,0,1.5499999999999998,0,1,0,0,0,0,0,1,0,0,,,0,0,0,0,0,0,0,0,0,0,0,0,0,,Philippines,PHL,Asia,14.590622,120.97997,162.3,1600000.0,109581085.0,12.0,96.0,159.6,25.4,40.7
Manila,JY-Xyiept88,Manila_JY-Xyiept88,671,True,1,1,1,0,0,,,0,1.469,1.04,0.0,0,0,0,0,0,0,0,0,0,0,0,0,0,0,0,0,0,shine,Day,0,0,0,0,0,0,6.4,0,1.969,0,0,0,0,0,0,1,1,0,0,,,0,1,1,0,0,0,0,1,0,0,0,0,0,,Philippines,PHL,Asia,14.590622,120.97997,162.3,1600000.0,109581085.0,12.0,96.0,159.6,25.4,40.7
Manila,JY-Xyiept88,Manila_JY-Xyiept88,764,True,1,1,1,1,0,,,0,1.102,1.112,0.07,0,0,0,0,0,0,0,0,0,0,0,0,0,0,0,0,0,shine,Day,0,0,0,0,0,0,6.741935483870968,0,1.8945161290322583,0,1,0,0,0,0,1,1,0,0,,,0,0,1,1,0,0,0,0,0,1,0,0,0,,Philippines,PHL,Asia,14.590622,120.97997,162.3,1600000.0,109581085.0,12.0,96.0,159.6,25.4,40.7
Manila,JY-Xyiept88,Manila_JY-Xyiept88,905,True,0,1,1,0,0,,,0,1.215,1.354,0.0,0,0,0,0,0,0,0,0,0,0,0,0,0,0,0,0,0,rain,Day,0,0,0,0,0,0,5.666666666666667,0,1.7733333333333334,0,1,0,0,0,0,1,1,0,0,,,0,0,1,0,0,1,0,0,0,1,0,0,0,,Philippines,PHL,Asia,14.590622,120.97997,162.3,1600000.0,109581085.0,12.0,96.0,159.6,25.4,40.7
Manila,JY-Xyiept88,Manila_JY-Xyiept88,906,True,0,0,1,0,0,,,0,1.344,0.542,0.0,0,0,0,0,0,0,0,0,0,0,0,0,0,0,0,0,0,rain,Day,0,0,0,0,0,0,7.0,0,1.69,0,0,0,0,0,0,1,1,0,0,,,0,0,1,0,0,1,0,0,0,1,0,0,0,,Philippines,PHL,Asia,14.590622,120.97997,162.3,1600000.0,109581085.0,12.0,96.0,159.6,25.4,40.7
Manila,JY-Xyiept88,Manila_JY-Xyiept88,922,True,0,0,1,0,0,,,0,1.115,0.919,0.0,0,0,0,0,0,0,0,0,0,0,0,0,0,0,0,0,0,rain,Day,0,0,0,0,0,0,3.0,0,1.93,0,1,0,0,0,0,1,1,0,0,,,0,0,1,1,0,0,0,0,0,0,0,0,0,,Philippines,PHL,Asia,14.590622,120.97997,162.3,1600000.0,109581085.0,12.0,96.0,159.6,25.4,40.7
Manila,JY-Xyiept88,Manila_JY-Xyiept88,1079,True,0,0,1,0,0,,,0,1.753,1.033,0.0,0,0,0,0,0,0,0,0,0,0,0,0,0,0,0,0,0,sunrise,Day,0,0,0,0,0,0,3.2,0,1.8,0,1,0,0,0,0,1,1,0,0,,,0,0,0,1,0,0,0,0,0,0,0,0,0,,Philippines,PHL,Asia,14.590622,120.97997,162.3,1600000.0,109581085.0,12.0,96.0,159.6,25.4,40.7
Manila,JY-Xyiept88,Manila_JY-Xyiept88,1120,True,0,0,0,0,0,male,50.0,0,0.777,0.381,0.0,0,0,0,0,1,0,0,0,0,0,0,1,0,0,0,0,0,shine,Day,0,0,0,0,0,0,2.0,0,2.03,0,1,0,0,0,0,0,1,0,0,,,0,0,0,1,0,0,0,0,0,0,1,0,0,,Philippines,PHL,Asia,14.590622,120.97997,162.3,1600000.0,109581085.0,12.0,96.0,159.6,25.4,40.7
Manila,JY-Xyiept88,Manila_JY-Xyiept88,1221,True,0,1,0,0,0,,,0,1.048,1.742,0.0,0,0,0,0,0,0,0,0,0,0,0,0,0,0,0,0,0,shine,Day,0,0,0,0,0,0,3.111111111111111,0,1.884444444444444,0,1,0,0,0,0,0,1,0,0,,,0,0,1,0,0,0,0,1,0,0,0,0,0,,Philippines,PHL,Asia,14.590622,120.97997,162.3,1600000.0,109581085.0,12.0,96.0,159.6,25.4,40.7
Manila,JY-Xyiept88,Manila_JY-Xyiept88,1237,True,1,1,0,0,0,,,0,1.379,1.398,0.0,0,0,0,0,0,0,0,0,0,0,0,0,0,0,0,0,0,shine,Day,0,0,0,0,0,0,4.0,0,2.035,0,1,0,0,0,0,0,1,0,0,,,0,0,1,0,0,0,0,1,0,0,0,0,0,,Philippines,PHL,Asia,14.590622,120.97997,162.3,1600000.0,109581085.0,12.0,96.0,159.6,25.4,40.7
Manila,JY-Xyiept88,Manila_JY-Xyiept88,1353,True,1,1,1,1,0,,,0,1.131,0.974,0.0,0,0,0,0,0,0,0,0,0,0,0,0,0,0,0,0,0,shine,Day,0,0,0,0,0,0,5.0,0,1.15,0,1,0,0,0,0,0,1,0,0,,,0,1,1,0,0,0,0,1,0,0,0,0,0,,Philippines,PHL,Asia,14.590622,120.97997,162.3,1600000.0,109581085.0,12.0,96.0,159.6,25.4,40.7
Manila,JY-Xyiept88,Manila_JY-Xyiept88,1359,True,1,1,1,1,0,,,0,1.863,1.333,0.0,0,0,0,0,0,0,0,0,0,0,0,0,0,0,0,0,0,shine,Day,0,0,0,0,0,0,5.0,0,1.15,0,1,0,0,0,0,0,1,0,0,,,0,1,1,0,0,0,0,1,0,0,0,0,0,,Philippines,PHL,Asia,14.590622,120.97997,162.3,1600000.0,109581085.0,12.0,96.0,159.6,25.4,40.7
Manila,JY-Xyiept88,Manila_JY-Xyiept88,1367,True,0,0,1,0,0,female,33.0,0,1.603,,0.0,0,0,0,0,0,0,0,0,0,0,0,0,0,0,0,0,0,shine,Day,0,0,0,0,0,0,4.0,0,2.04,0,1,0,0,0,0,0,1,0,0,,,0,0,1,0,0,0,0,1,0,0,0,0,0,,Philippines,PHL,Asia,14.590622,120.97997,162.3,1600000.0,109581085.0,12.0,96.0,159.6,25.4,40.7
Manila,JY-Xyiept88,Manila_JY-Xyiept88,1377,True,1,1,1,0,0,male,38.0,0,1.146,,0.0,0,0,0,0,0,0,0,0,0,0,0,0,0,0,0,0,0,shine,Day,0,0,0,0,0,0,1.0,0,2.1,0,1,0,0,0,0,0,0,0,0,,,0,0,1,0,0,0,0,0,0,0,0,0,0,,Philippines,PHL,Asia,14.590622,120.97997,162.3,1600000.0,109581085.0,12.0,96.0,159.6,25.4,40.7
Manila,JY-Xyiept88,Manila_JY-Xyiept88,1400,True,0,1,1,0,0,,,0,1.755,1.204,0.0,0,0,0,0,0,0,0,0,0,0,0,0,0,0,0,0,0,shine,Day,0,0,0,0,0,0,1.5714285714285714,0,1.5457142857142858,0,1,0,0,0,0,0,1,0,0,,,0,0,1,0,0,0,0,0,0,0,0,0,0,,Philippines,PHL,Asia,14.590622,120.97997,162.3,1600000.0,109581085.0,12.0,96.0,159.6,25.4,40.7
Manila,JY-Xyiept88,Manila_JY-Xyiept88,1577,True,0,1,1,0,0,,,0,0.455,0.223,0.0,0,0,0,0,0,0,0,0,0,0,0,1,0,0,0,0,0,shine,Day,0,0,0,0,0,0,4.555555555555555,0,1.892777777777778,0,1,0,0,0,0,0,1,0,0,,,0,0,1,0,0,0,0,0,0,0,0,0,0,,Philippines,PHL,Asia,14.590622,120.97997,162.3,1600000.0,109581085.0,12.0,96.0,159.6,25.4,40.7
Manila,JY-Xyiept88,Manila_JY-Xyiept88,1779,True,1,1,1,0,0,,,0,4.885,5.333,0.0,0,0,0,0,0,0,0,0,0,0,0,0,0,0,0,0,0,shine,Day,0,0,0,0,0,0,3.0,0,1.21,0,1,0,0,0,1,0,1,0,0,,,0,0,1,0,0,1,0,0,0,0,0,0,0,,Philippines,PHL,Asia,14.590622,120.97997,162.3,1600000.0,109581085.0,12.0,96.0,159.6,25.4,40.7
Manila,JY-Xyiept88,Manila_JY-Xyiept88,1854,True,1,1,1,0,0,,,0,0.336,0.718,0.53,0,0,0,0,0,0,0,0,0,0,0,0,0,0,0,0,0,shine,Day,0,0,0,0,0,0,1.4444444444444444,0,1.7666666666666666,0,1,0,0,0,0,0,1,0,0,,,0,0,1,0,0,0,0,0,0,0,0,0,0,,Philippines,PHL,Asia,14.590622,120.97997,162.3,1600000.0,109581085.0,12.0,96.0,159.6,25.4,40.7
Manila,JY-Xyiept88,Manila_JY-Xyiept88,1925,True,0,0,1,0,0,,,0,1.044,1.001,0.0,0,0,0,0,0,0,0,0,0,0,0,0,0,0,0,0,0,shine,Day,0,0,0,0,0,0,1.3333333333333333,0,1.9166666666666667,0,1,0,0,0,0,0,1,0,0,,,0,0,1,0,0,0,0,0,0,0,0,0,0,,Philippines,PHL,Asia,14.590622,120.97997,162.3,1600000.0,109581085.0,12.0,96.0,159.6,25.4,40.7
Manila,JY-Xyiept88,Manila_JY-Xyiept88,1927,True,1,2,1,0,0,male,58.0,0,0.9,0.793,0.0,0,0,0,0,0,0,0,0,0,0,0,0,0,0,0,0,0,shine,Day,0,0,0,0,0,0,1.3846153846153846,0,1.7107692307692306,0,1,0,0,0,0,0,0,0,0,,,0,0,1,0,0,0,0,0,0,0,0,0,0,,Philippines,PHL,Asia,14.590622,120.97997,162.3,1600000.0,109581085.0,12.0,96.0,159.6,25.4,40.7
Manila,JY-Xyiept88,Manila_JY-Xyiept88,1930,True,1,2,1,0,0,female,49.0,0,0.742,0.628,0.0,0,0,0,0,0,0,0,0,0,0,0,0,0,0,0,0,0,shine,Day,0,0,0,0,0,0,1.3846153846153846,0,1.7107692307692306,0,1,0,0,0,0,0,0,0,0,,,0,0,1,0,0,0,0,0,0,0,0,0,0,,Philippines,PHL,Asia,14.590622,120.97997,162.3,1600000.0,109581085.0,12.0,96.0,159.6,25.4,40.7
Manila,JY-Xyiept88,Manila_JY-Xyiept88,1995,True,0,1,1,0,0,,,0,2.023,1.802,0.0,0,0,0,0,0,0,0,0,0,0,0,0,0,0,0,0,0,shine,Day,0,0,0,0,0,0,3.2,0,1.94,0,1,0,0,0,0,0,1,0,0,,,0,0,1,0,0,0,0,0,0,1,0,0,0,,Philippines,PHL,Asia,14.590622,120.97997,162.3,1600000.0,109581085.0,12.0,96.0,159.6,25.4,40.7
Manila,JY-Xyiept88,Manila_JY-Xyiept88,2043,True,0,0,1,0,0,,,0,2.327,2.587,0.0,0,0,0,0,0,0,0,0,0,0,0,0,0,0,0,0,0,shine,Day,0,0,0,0,0,0,5.5,0,1.835,0,0,0,0,0,0,0,1,0,0,,,0,0,1,0,0,0,0,0,0,0,0,0,0,,Philippines,PHL,Asia,14.590622,120.97997,162.3,1600000.0,109581085.0,12.0,96.0,159.6,25.4,40.7
Manila,JY-Xyiept88,Manila_JY-Xyiept88,2045,True,2,1,1,0,0,,,0,2.218,0.521,0.0,0,0,0,0,0,0,0,0,0,0,0,0,0,0,0,0,0,shine,Day,0,0,0,0,0,0,5.333333333333333,0,1.88,0,1,0,0,0,0,0,1,0,0,,,0,0,1,0,0,0,0,0,0,0,0,0,0,,Philippines,PHL,Asia,14.590622,120.97997,162.3,1600000.0,109581085.0,12.0,96.0,159.6,25.4,40.7
Manila,JY-Xyiept88,Manila_JY-Xyiept88,2068,True,1,1,1,0,0,,,0,1.814,3.544,0.0,0,0,0,0,0,0,0,0,0,0,0,0,0,0,0,0,0,shine,Day,0,0,0,0,0,0,6.0,0,1.69,0,1,0,0,0,0,0,1,0,0,,,0,0,1,1,0,0,0,1,0,0,0,0,0,,Philippines,PHL,Asia,14.590622,120.97997,162.3,1600000.0,109581085.0,12.0,96.0,159.6,25.4,40.7
Manila,JY-Xyiept88,Manila_JY-Xyiept88,2087,True,0,1,1,0,0,,,0,1.817,1.286,0.0,0,0,0,0,0,0,0,0,0,0,0,0,0,0,0,0,0,sunrise,Day,0,0,0,0,0,0,3.4,0,1.9,0,1,0,0,0,0,0,1,0,0,,,0,0,1,1,0,0,0,1,0,0,0,0,0,,Philippines,PHL,Asia,14.590622,120.97997,162.3,1600000.0,109581085.0,12.0,96.0,159.6,25.4,40.7
Manila,JY-Xyiept88,Manila_JY-Xyiept88,2152,True,0,0,1,0,0,,,0,3.477,5.076,0.0,0,0,0,0,0,0,0,0,0,0,0,0,0,0,0,0,0,shine,Day,0,0,0,0,0,0,3.333333333333333,0,1.8633333333333333,0,1,0,0,0,0,0,1,0,0,,,0,0,1,1,0,0,0,1,0,0,0,0,0,,Philippines,PHL,Asia,14.590622,120.97997,162.3,1600000.0,109581085.0,12.0,96.0,159.6,25.4,40.7
Manila,JY-Xyiept88,Manila_JY-Xyiept88,2322,True,2,2,1,0,0,,,0,1.963,1.564,0.0,0,0,0,0,0,1,0,0,0,0,0,1,0,0,0,0,0,shine,Day,0,0,0,0,0,0,2.2,0,1.922,0,1,0,0,0,0,1,1,0,0,,,0,0,1,0,0,0,0,0,0,0,0,0,0,,Philippines,PHL,Asia,14.590622,120.97997,162.3,1600000.0,109581085.0,12.0,96.0,159.6,25.4,40.7
Manila,JY-Xyiept88,Manila_JY-Xyiept88,2336,True,2,2,1,0,0,,,0,1.556,1.8,0.0,0,0,0,0,0,1,0,0,0,0,0,1,0,0,0,0,0,shine,Day,0,0,1,0,0,0,2.6,0,1.9,0,1,0,0,0,0,1,1,0,0,,,0,0,1,0,0,0,0,0,0,0,0,0,0,,Philippines,PHL,Asia,14.590622,120.97997,162.3,1600000.0,109581085.0,12.0,96.0,159.6,25.4,40.7
Manila,JY-Xyiept88,Manila_JY-Xyiept88,2399,True,0,0,1,0,0,,,0,3.693,4.152,0.0,0,0,0,0,0,0,0,0,0,0,0,0,0,0,0,0,0,rain,Day,0,0,1,0,0,0,4.666666666666667,0,1.93,0,1,0,0,0,0,1,1,0,0,,,0,0,1,0,0,0,0,1,0,0,0,0,0,,Philippines,PHL,Asia,14.590622,120.97997,162.3,1600000.0,109581085.0,12.0,96.0,159.6,25.4,40.7
Manila,JY-Xyiept88,Manila_JY-Xyiept88,2435,True,0,0,0,0,0,female,35.0,0,1.24,1.409,0.0,0,0,0,0,1,1,0,0,0,0,1,0,0,0,0,0,0,rain,Day,0,0,0,0,0,0,5.5,0,2.015,0,0,0,0,0,0,1,1,0,0,,,0,0,1,0,0,0,0,1,0,0,0,0,0,,Philippines,PHL,Asia,14.590622,120.97997,162.3,1600000.0,109581085.0,12.0,96.0,159.6,25.4,40.7
Manila,JY-Xyiept88,Manila_JY-Xyiept88,2450,True,1,1,0,0,0,male,34.0,0,1.331,1.371,0.0,1,0,0,0,1,1,0,0,1,0,0,1,0,0,0,0,0,rain,Day,0,0,0,0,0,0,4.6,0,1.964,1,1,0,0,0,0,1,1,0,0,,,0,0,1,0,0,1,0,0,0,0,0,0,0,,Philippines,PHL,Asia,14.590622,120.97997,162.3,1600000.0,109581085.0,12.0,96.0,159.6,25.4,40.7
Manila,JY-Xyiept88,Manila_JY-Xyiept88,2467,True,2,2,0,0,0,male,48.0,1,1.859,1.909,0.0,0,0,1,0,1,0,0,0,0,0,1,0,1,0,0,0,0,rain,Day,0,0,0,0,0,0,4.5,0,1.9375,1,1,0,0,0,0,1,1,0,0,,,0,0,1,0,0,0,0,0,0,0,0,0,0,,Philippines,PHL,Asia,14.590622,120.97997,162.3,1600000.0,109581085.0,12.0,96.0,159.6,25.4,40.7
Manila,JY-Xyiept88,Manila_JY-Xyiept88,2596,True,1,1,0,0,0,,,0,0.331,0.744,0.0,0,0,0,0,0,1,0,0,0,0,0,1,0,0,0,0,0,rain,Day,0,0,0,0,0,0,2.75,0,1.95,1,1,0,0,0,0,0,1,0,0,,,0,0,1,0,0,1,0,0,0,0,0,0,0,,Philippines,PHL,Asia,14.590622,120.97997,162.3,1600000.0,109581085.0,12.0,96.0,159.6,25.4,40.7
Manila,JY-Xyiept88,Manila_JY-Xyiept88,2780,True,3,3,0,1,0,,,0,1.197,1.373,0.0,0,0,0,0,0,0,0,0,0,0,0,0,0,0,0,0,0,rain,Day,0,0,0,0,0,0,1.4444444444444444,0,1.9122222222222225,0,1,0,0,0,1,0,1,0,0,,,0,0,1,0,0,1,0,0,0,0,0,0,0,,Philippines,PHL,Asia,14.590622,120.97997,162.3,1600000.0,109581085.0,12.0,96.0,159.6,25.4,40.7
Manila,JY-Xyiept88,Manila_JY-Xyiept88,2788,True,1,1,1,1,0,,,0,1.136,1.102,0.0,0,0,0,0,0,0,0,0,0,0,0,0,0,0,0,0,0,rain,Day,0,0,0,0,0,0,1.4166666666666667,0,1.8258333333333336,0,1,0,0,0,1,0,1,0,0,,,0,0,1,0,0,0,0,0,0,0,0,0,0,,Philippines,PHL,Asia,14.590622,120.97997,162.3,1600000.0,109581085.0,12.0,96.0,159.6,25.4,40.7
Manila,JY-Xyiept88,Manila_JY-Xyiept88,2809,True,1,2,0,1,0,,,0,1.459,1.594,0.0,0,0,0,0,0,0,0,0,0,0,0,0,0,0,0,0,0,rain,Day,0,0,0,0,0,0,0.8,0,1.868,0,1,0,0,0,1,0,0,0,0,,,0,0,1,0,0,1,0,0,0,0,0,0,0,,Philippines,PHL,Asia,14.590622,120.97997,162.3,1600000.0,109581085.0,12.0,96.0,159.6,25.4,40.7
Manila,JY-Xyiept88,Manila_JY-Xyiept88,2811,True,3,2,0,1,0,,,0,1.221,1.047,0.0,0,0,0,0,0,0,0,0,0,0,0,0,0,0,0,0,0,rain,Day,0,0,0,0,0,0,0.8571428571428571,0,1.8778571428571431,0,1,0,0,0,1,0,0,0,0,,,0,0,1,0,0,1,0,0,0,0,0,0,0,,Philippines,PHL,Asia,14.590622,120.97997,162.3,1600000.0,109581085.0,12.0,96.0,159.6,25.4,40.7
Manila,JY-Xyiept88,Manila_JY-Xyiept88,2817,True,1,2,1,1,0,female,41.0,0,1.137,1.248,0.0,0,0,0,0,1,1,0,0,0,0,1,0,0,0,0,0,0,rain,Day,0,0,0,0,0,0,1.0,0,1.82,0,1,0,0,0,1,0,0,0,0,,,0,0,1,0,0,1,0,0,0,0,0,0,0,,Philippines,PHL,Asia,14.590622,120.97997,162.3,1600000.0,109581085.0,12.0,96.0,159.6,25.4,40.7
Manila,JY-Xyiept88,Manila_JY-Xyiept88,2844,True,2,3,1,0,0,male,50.0,0,1.219,1.253,0.0,0,0,0,0,1,0,0,0,0,0,0,1,0,0,0,0,0,rain,Day,0,0,0,0,0,0,1.0,0,1.835,0,1,0,0,0,1,0,0,0,0,,,0,0,1,0,0,0,0,0,0,0,0,0,0,,Philippines,PHL,Asia,14.590622,120.97997,162.3,1600000.0,109581085.0,12.0,96.0,159.6,25.4,40.7
Manila,JY-Xyiept88,Manila_JY-Xyiept88,2860,True,2,1,1,0,0,male,48.0,0,1.593,1.741,0.0,0,0,0,0,0,0,0,1,0,0,0,1,0,0,0,0,0,rain,Day,0,0,0,0,0,0,1.0,0,1.8175,0,1,0,0,0,1,0,0,0,0,,,0,0,1,0,0,1,0,0,0,0,0,0,0,,Philippines,PHL,Asia,14.590622,120.97997,162.3,1600000.0,109581085.0,12.0,96.0,159.6,25.4,40.7
Manila,JY-Xyiept88,Manila_JY-Xyiept88,2866,True,2,3,1,0,0,male,46.0,0,1.214,0.755,0.0,0,0,0,0,1,1,0,0,0,0,1,0,0,0,0,0,0,rain,Day,0,0,0,0,0,0,1.0,0,1.835,0,1,0,0,0,1,0,0,0,0,,,0,0,1,0,0,0,0,0,0,0,0,0,0,,Philippines,PHL,Asia,14.590622,120.97997,162.3,1600000.0,109581085.0,12.0,96.0,159.6,25.4,40.7
Manila,JY-Xyiept88,Manila_JY-Xyiept88,2873,True,0,2,0,0,0,,,0,1.355,1.547,0.0,0,0,0,0,0,0,0,0,0,0,0,0,0,0,0,0,0,rain,Day,0,0,0,0,0,0,1.8461538461538465,0,1.8938461538461533,0,1,0,0,0,0,0,1,0,0,,,0,0,1,0,0,0,0,0,0,0,0,0,0,,Philippines,PHL,Asia,14.590622,120.97997,162.3,1600000.0,109581085.0,12.0,96.0,159.6,25.4,40.7
Manila,JY-Xyiept88,Manila_JY-Xyiept88,2876,True,4,4,0,1,0,male,55.0,1,1.106,1.138,0.0,1,0,0,0,0,0,0,0,0,0,0,1,0,0,0,0,0,rain,Day,0,0,0,0,0,0,0.5555555555555556,0,1.88,0,1,0,0,0,0,0,0,0,0,,,0,0,1,0,0,1,0,0,0,0,0,0,0,,Philippines,PHL,Asia,14.590622,120.97997,162.3,1600000.0,109581085.0,12.0,96.0,159.6,25.4,40.7
Manila,JY-Xyiept88,Manila_JY-Xyiept88,2883,True,3,4,1,0,0,male,38.0,0,1.013,0.851,0.4,0,0,0,0,0,0,0,0,0,0,0,1,0,0,0,0,0,rain,Day,0,0,0,0,0,0,1.0,0,1.8,0,1,0,0,0,0,0,0,0,0,,,0,0,1,0,0,1,0,0,0,0,0,0,0,,Philippines,PHL,Asia,14.590622,120.97997,162.3,1600000.0,109581085.0,12.0,96.0,159.6,25.4,40.7
Manila,JY-Xyiept88,Manila_JY-Xyiept88,2899,True,1,2,0,1,0,male,39.0,0,1.464,1.168,0.0,0,0,0,0,0,0,0,0,0,0,0,0,0,0,0,0,0,rain,Day,0,0,0,0,0,0,0.75,0,1.915,0,1,0,0,0,1,0,0,0,0,,,0,0,1,0,0,1,0,0,0,0,0,0,0,,Philippines,PHL,Asia,14.590622,120.97997,162.3,1600000.0,109581085.0,12.0,96.0,159.6,25.4,40.7
Manila,JY-Xyiept88,Manila_JY-Xyiept88,2906,True,3,4,0,1,0,male,36.0,0,1.232,1.137,0.0,0,0,0,0,0,0,0,0,0,0,0,1,0,0,0,0,0,rain,Day,0,0,0,0,0,0,0.6,0,1.902,1,1,0,0,0,0,0,0,0,0,,,0,0,1,0,0,1,0,0,0,0,0,0,0,,Philippines,PHL,Asia,14.590622,120.97997,162.3,1600000.0,109581085.0,12.0,96.0,159.6,25.4,40.7
Manila,JY-Xyiept88,Manila_JY-Xyiept88,2908,True,5,4,0,1,0,male,40.0,0,1.218,1.262,0.0,1,0,0,1,1,0,0,1,0,0,1,1,0,0,0,0,0,rain,Day,0,0,0,0,0,0,0.6666666666666666,0,1.88,0,1,0,0,0,0,0,0,0,0,,,0,0,1,0,0,1,0,0,0,0,0,0,0,,Philippines,PHL,Asia,14.590622,120.97997,162.3,1600000.0,109581085.0,12.0,96.0,159.6,25.4,40.7
Manila,JY-Xyiept88,Manila_JY-Xyiept88,2930,True,3,4,1,0,0,male,41.0,0,1.181,1.207,0.0,0,0,1,0,1,1,0,0,0,0,0,1,0,0,0,0,0,rain,Day,0,0,0,0,0,0,0.75,0,1.9,0,1,0,0,0,0,0,0,0,0,,,0,0,1,0,0,1,0,0,0,0,0,0,0,,Philippines,PHL,Asia,14.590622,120.97997,162.3,1600000.0,109581085.0,12.0,96.0,159.6,25.4,40.7
Manila,JY-Xyiept88,Manila_JY-Xyiept88,2940,True,0,1,0,0,0,female,40.0,0,1.543,1.79,0.0,1,0,1,0,0,1,0,0,0,0,0,1,0,0,0,0,0,rain,Day,0,0,0,0,0,0,0.8,0,2.038,0,1,0,0,0,1,0,0,0,0,,,0,0,1,0,0,0,0,0,0,0,0,0,0,,Philippines,PHL,Asia,14.590622,120.97997,162.3,1600000.0,109581085.0,12.0,96.0,159.6,25.4,40.7
Manila,JY-Xyiept88,Manila_JY-Xyiept88,2963,True,0,3,0,0,0,,,0,1.417,1.509,0.0,0,0,0,0,0,0,0,0,0,0,0,0,0,0,0,0,0,rain,Day,0,0,0,0,0,0,1.8888888888888888,0,2.0066666666666664,0,1,0,0,0,1,0,1,0,0,,,0,0,1,0,0,1,0,0,0,0,0,0,0,,Philippines,PHL,Asia,14.590622,120.97997,162.3,1600000.0,109581085.0,12.0,96.0,159.6,25.4,40.7
Manila,JY-Xyiept88,Manila_JY-Xyiept88,3500,True,1,2,1,0,0,,,0,2.484,2.963,0.0,0,0,0,0,0,0,0,0,0,0,0,0,0,0,0,0,0,rain,Day,0,0,0,0,0,0,7.25,0,1.8825,0,0,0,0,1,0,0,1,0,0,,,0,1,1,0,0,0,0,1,0,1,0,0,0,,Philippines,PHL,Asia,14.590622,120.97997,162.3,1600000.0,109581085.0,12.0,96.0,159.6,25.4,40.7
Manila,JY-Xyiept88,Manila_JY-Xyiept88,3501,True,2,2,1,0,0,,,0,2.848,4.022,0.0,0,0,0,0,0,0,0,0,0,0,0,0,0,0,0,0,0,rain,Day,0,0,0,0,0,0,7.25,0,1.8825,0,0,0,0,1,0,0,1,0,0,,,0,1,1,0,0,0,0,1,0,1,0,0,0,,Philippines,PHL,Asia,14.590622,120.97997,162.3,1600000.0,109581085.0,12.0,96.0,159.6,25.4,40.7
Manila,JY-Xyiept88,Manila_JY-Xyiept88,4408,True,0,1,1,0,0,,,0,0.006,0.057,0.0,0,0,0,0,0,0,0,0,0,0,0,0,0,0,0,0,0,shine,Day,0,0,0,0,0,0,4.658536585365853,0,1.9704878048780483,0,0,0,0,0,0,1,1,0,0,,,0,0,1,0,0,0,0,0,0,0,0,0,0,,Philippines,PHL,Asia,14.590622,120.97997,162.3,1600000.0,109581085.0,12.0,96.0,159.6,25.4,40.7
Manila,JY-Xyiept88,Manila_JY-Xyiept88,4686,True,0,3,1,0,0,male,29.0,0,1.569,0.795,0.0,0,0,0,0,0,0,0,0,0,0,0,0,0,0,0,0,0,shine,Day,0,0,0,0,0,0,4.222222222222222,0,2.0377777777777784,0,0,0,0,0,0,1,1,0,0,,,0,0,1,0,0,0,0,0,0,0,0,0,0,,Philippines,PHL,Asia,14.590622,120.97997,162.3,1600000.0,109581085.0,12.0,96.0,159.6,25.4,40.7
Manila,JY-Xyiept88,Manila_JY-Xyiept88,5037,True,2,2,1,0,0,,,0,2.355,2.348,0.0,0,0,0,0,0,0,0,0,0,0,0,0,0,0,0,0,0,shine,Day,0,0,0,0,0,0,5.5,0,1.975,0,0,0,0,0,0,1,1,0,0,,,0,0,1,0,0,0,0,0,0,0,0,0,0,,Philippines,PHL,Asia,14.590622,120.97997,162.3,1600000.0,109581085.0,12.0,96.0,159.6,25.4,40.7
Manila,JY-Xyiept88,Manila_JY-Xyiept88,5053,True,1,1,1,0,0,,,0,2.018,2.192,,0,0,0,0,0,0,0,0,0,0,0,0,0,0,0,0,0,shine,Day,0,0,0,0,0,0,5.444444444444445,0,1.995555555555556,0,0,0,0,0,0,1,1,0,0,,,0,0,1,0,0,0,0,0,0,0,0,0,0,,Philippines,PHL,Asia,14.590622,120.97997,162.3,1600000.0,109581085.0,12.0,96.0,159.6,25.4,40.7
Manila,JY-Xyiept88,Manila_JY-Xyiept88,5629,True,1,2,1,0,0,female,60.0,0,2.536,2.514,0.0,0,0,0,0,0,0,0,0,0,0,0,0,0,0,0,0,0,shine,Day,0,0,0,0,0,0,3.5,0,2.09,0,1,0,0,0,0,0,1,0,0,,,0,0,1,0,0,0,0,0,0,0,0,0,0,,Philippines,PHL,Asia,14.590622,120.97997,162.3,1600000.0,109581085.0,12.0,96.0,159.6,25.4,40.7
Manila,JY-Xyiept88,Manila_JY-Xyiept88,6348,True,2,1,0,0,0,,,0,1.343,1.218,0.0,0,0,0,0,0,1,0,0,0,0,0,0,0,0,0,0,0,rain,Day,0,0,0,0,0,0,7.857142857142857,0,1.91,0,1,0,0,0,0,0,1,0,0,,,0,0,1,0,0,0,0,1,0,0,0,0,0,,Philippines,PHL,Asia,14.590622,120.97997,162.3,1600000.0,109581085.0,12.0,96.0,159.6,25.4,40.7
Manila,JY-Xyiept88,Manila_JY-Xyiept88,6469,True,0,1,1,0,0,,,0,2.314,2.429,0.0,0,0,0,1,0,0,0,0,0,0,0,0,0,0,0,0,0,rain,Day,0,0,0,0,0,0,7.0,0,1.88,0,1,0,0,0,0,0,1,0,0,,,0,0,1,0,0,0,0,0,0,0,0,0,0,,Philippines,PHL,Asia,14.590622,120.97997,162.3,1600000.0,109581085.0,12.0,96.0,159.6,25.4,40.7
Manila,JY-Xyiept88,Manila_JY-Xyiept88,6824,True,1,1,1,0,0,,,0,3.962,3.405,0.0,0,0,0,0,0,0,0,0,0,0,0,0,0,0,0,0,0,shine,Day,0,0,0,0,0,0,3.5,0,1.6850000000000005,0,1,0,0,0,0,0,1,0,0,,,0,0,1,0,0,0,0,0,0,0,0,0,0,,Philippines,PHL,Asia,14.590622,120.97997,162.3,1600000.0,109581085.0,12.0,96.0,159.6,25.4,40.7
Manila,JY-Xyiept88,Manila_JY-Xyiept88,6825,True,0,1,1,0,0,,,0,2.683,2.228,0.0,0,0,0,0,0,0,0,0,0,0,0,0,0,0,0,0,0,shine,Day,0,0,0,0,0,0,3.25,0,1.7325,0,1,0,0,0,0,0,1,0,0,,,0,0,1,0,0,0,0,0,0,0,0,0,0,,Philippines,PHL,Asia,14.590622,120.97997,162.3,1600000.0,109581085.0,12.0,96.0,159.6,25.4,40.7
Manila,JY-Xyiept88,Manila_JY-Xyiept88,6962,True,1,3,1,0,0,,,0,2.057,2.399,0.0,0,0,0,0,0,0,0,0,0,0,0,0,0,0,0,0,0,rain,Day,0,0,0,0,0,0,4.888888888888889,0,1.9877777777777768,0,1,0,0,0,0,0,1,0,0,,,0,1,1,1,0,0,0,1,0,1,1,0,0,,Philippines,PHL,Asia,14.590622,120.97997,162.3,1600000.0,109581085.0,12.0,96.0,159.6,25.4,40.7
Manila,JY-Xyiept88,Manila_JY-Xyiept88,6989,True,2,3,1,0,0,,,0,2.3,2.487,0.0,0,0,0,0,0,0,0,0,0,0,0,0,0,0,0,0,0,rain,Day,0,0,0,0,0,0,5.0,0,1.98625,0,1,0,0,0,0,0,1,0,0,,,0,1,1,1,0,0,0,1,0,1,1,0,0,,Philippines,PHL,Asia,14.590622,120.97997,162.3,1600000.0,109581085.0,12.0,96.0,159.6,25.4,40.7
Manila,JY-Xyiept88,Manila_JY-Xyiept88,7064,True,1,1,1,0,0,,,0,1.202,0.67,0.0,0,0,0,0,0,0,0,0,0,0,0,0,0,0,0,0,0,cloudy,Day,0,0,0,0,0,0,6.5,0,1.95,0,1,0,0,0,0,0,1,0,0,,,0,1,1,0,0,0,0,1,0,0,0,0,0,,Philippines,PHL,Asia,14.590622,120.97997,162.3,1600000.0,109581085.0,12.0,96.0,159.6,25.4,40.7
Manila,JY-Xyiept88,Manila_JY-Xyiept88,7136,True,0,1,1,0,0,,,0,1.171,0.644,0.0,0,0,0,0,0,1,0,0,0,0,0,0,0,0,0,0,0,sunrise,Day,0,0,0,0,0,0,4.1,0,1.855,0,1,0,0,0,0,0,1,0,0,,,0,0,1,1,0,0,0,0,0,0,0,0,0,,Philippines,PHL,Asia,14.590622,120.97997,162.3,1600000.0,109581085.0,12.0,96.0,159.6,25.4,40.7
Manila,JY-Xyiept88,Manila_JY-Xyiept88,7143,True,2,2,1,0,0,,,0,2.248,1.649,0.0,0,0,0,0,0,0,0,0,0,0,0,0,0,0,0,0,0,cloudy,Day,0,0,0,0,0,0,3.2,0,1.928,0,1,0,0,0,0,0,1,0,0,,,0,0,1,0,0,1,0,0,0,0,0,0,0,,Philippines,PHL,Asia,14.590622,120.97997,162.3,1600000.0,109581085.0,12.0,96.0,159.6,25.4,40.7
Manila,JY-Xyiept88,Manila_JY-Xyiept88,7394,True,1,1,1,0,0,male,29.0,1,0.967,5.119,0.0,0,0,0,0,0,0,0,0,0,0,0,0,0,0,0,0,0,rain,Day,0,0,0,0,0,0,8.5,0,1.88,0,1,0,0,0,0,0,1,0,0,,,0,0,1,0,0,0,0,1,0,0,0,0,0,,Philippines,PHL,Asia,14.590622,120.97997,162.3,1600000.0,109581085.0,12.0,96.0,159.6,25.4,40.7
Manila,JY-Xyiept88,Manila_JY-Xyiept88,7408,True,1,2,1,0,0,,,0,1.154,0.612,0.0,0,0,0,0,0,0,0,0,0,0,0,0,0,0,0,0,0,rain,Day,0,0,0,0,0,0,8.25,0,1.97,0,1,0,0,0,0,0,1,0,0,,,0,0,1,0,0,0,0,1,0,0,0,0,0,,Philippines,PHL,Asia,14.590622,120.97997,162.3,1600000.0,109581085.0,12.0,96.0,159.6,25.4,40.7
Manila,JY-Xyiept88,Manila_JY-Xyiept88,7917,True,3,3,1,0,0,,,0,0.786,0.421,0.0,0,0,0,0,0,0,0,0,0,0,0,0,0,0,0,0,0,shine,Day,0,0,0,0,0,0,8.0,1,1.768571428571429,0,1,0,0,0,0,0,1,0,0,,,0,0,1,1,0,0,0,1,0,0,0,0,0,,Philippines,PHL,Asia,14.590622,120.97997,162.3,1600000.0,109581085.0,12.0,96.0,159.6,25.4,40.7
Manila,JY-Xyiept88,Manila_JY-Xyiept88,7967,True,1,1,1,0,0,,,0,1.066,0.576,0.0,0,0,0,0,0,0,0,0,0,0,0,0,0,0,0,0,0,shine,Day,0,0,0,0,0,0,8.0,0,1.74,0,1,0,0,0,0,0,1,0,0,,,0,0,1,1,0,0,0,1,0,0,0,0,0,,Philippines,PHL,Asia,14.590622,120.97997,162.3,1600000.0,109581085.0,12.0,96.0,159.6,25.4,40.7
Manila,JY-Xyiept88,Manila_JY-Xyiept88,7999,True,1,1,1,0,0,,,0,1.277,0.605,0.0,0,0,0,0,0,0,0,0,0,0,0,0,0,0,0,0,0,shine,Day,0,0,0,0,0,0,7.5,0,1.855,0,1,0,0,0,0,0,1,0,0,,,0,1,1,1,0,0,0,1,0,0,0,1,0,,Philippines,PHL,Asia,14.590622,120.97997,162.3,1600000.0,109581085.0,12.0,96.0,159.6,25.4,40.7
Manila,JY-Xyiept88,Manila_JY-Xyiept88,8004,True,2,2,1,0,0,,,0,1.148,0.584,0.0,0,0,0,0,0,0,0,0,0,0,0,0,0,0,0,0,0,shine,Day,0,0,0,0,0,0,7.5,0,1.855,0,1,0,0,0,0,0,1,0,0,,,0,1,1,1,0,0,0,1,0,0,0,1,0,,Philippines,PHL,Asia,14.590622,120.97997,162.3,1600000.0,109581085.0,12.0,96.0,159.6,25.4,40.7
Manila,JY-Xyiept88,Manila_JY-Xyiept88,8007,True,1,2,1,0,0,,,0,1.64,0.647,0.07,0,0,0,1,0,0,0,0,0,0,0,0,0,0,0,0,0,rain,Day,0,0,0,0,0,0,7.0,0,1.875,0,1,0,0,0,0,0,1,0,0,,,0,1,1,1,0,0,0,1,0,0,0,1,0,,Philippines,PHL,Asia,14.590622,120.97997,162.3,1600000.0,109581085.0,12.0,96.0,159.6,25.4,40.7
Manila,JY-Xyiept88,Manila_JY-Xyiept88,8019,True,1,2,1,0,0,,,0,0.379,0.323,0.07,0,0,0,0,0,0,0,0,0,0,0,0,0,0,0,0,0,shine,Day,0,0,0,0,0,0,7.333333333333333,0,2.006666666666667,0,1,0,0,0,0,0,1,0,0,,,0,0,1,1,0,0,0,1,0,0,0,1,0,,Philippines,PHL,Asia,14.590622,120.97997,162.3,1600000.0,109581085.0,12.0,96.0,159.6,25.4,40.7
Manila,JY-Xyiept88,Manila_JY-Xyiept88,8024,True,1,1,1,0,0,,,0,1.237,0.529,0.0,0,0,0,0,0,0,0,0,0,0,0,0,0,0,0,0,0,shine,Day,0,0,0,0,0,0,7.333333333333333,0,2.006666666666667,0,1,0,0,0,0,0,1,0,0,,,0,0,1,1,0,0,0,1,0,0,0,1,0,,Philippines,PHL,Asia,14.590622,120.97997,162.3,1600000.0,109581085.0,12.0,96.0,159.6,25.4,40.7
Manila,JY-Xyiept88,Manila_JY-Xyiept88,8078,True,2,2,1,0,0,female,43.0,0,1.477,,0.0,0,0,0,0,0,0,0,0,0,0,0,0,0,0,0,0,0,shine,Day,0,0,0,0,0,0,3.0,0,1.82,0,1,0,0,0,0,0,0,0,0,,,0,0,1,0,0,0,0,1,0,0,0,0,0,,Philippines,PHL,Asia,14.590622,120.97997,162.3,1600000.0,109581085.0,12.0,96.0,159.6,25.4,40.7
Manila,JY-Xyiept88,Manila_JY-Xyiept88,8311,True,0,0,1,0,0,female,40.0,0,3.303,2.603,0.0,0,0,1,0,0,0,0,0,0,0,0,0,0,0,0,0,0,sunrise,Day,0,0,0,0,0,0,0.75,0,1.94,0,1,0,0,0,0,0,0,0,0,,,0,0,1,0,0,0,0,0,0,0,0,0,0,,Philippines,PHL,Asia,14.590622,120.97997,162.3,1600000.0,109581085.0,12.0,96.0,159.6,25.4,40.7
Manila,JY-Xyiept88,Manila_JY-Xyiept88,8355,True,0,0,1,0,0,,,0,2.983,1.567,,0,0,0,0,0,0,0,0,0,0,0,0,0,0,0,0,0,sunrise,Day,0,0,0,0,0,0,0.75,0,1.8375,0,1,0,0,0,0,0,0,0,0,,,0,0,1,0,0,0,0,0,0,0,1,0,0,,Philippines,PHL,Asia,14.590622,120.97997,162.3,1600000.0,109581085.0,12.0,96.0,159.6,25.4,40.7
Manila,JY-Xyiept88,Manila_JY-Xyiept88,8374,True,2,3,1,0,0,,,0,1.827,2.258,0.0,0,0,0,0,0,0,0,0,0,0,0,0,0,0,0,0,0,sunrise,Day,0,0,0,0,0,0,2.5,0,1.74,0,1,0,0,0,0,0,1,0,0,,,0,0,1,0,0,0,0,0,0,0,0,0,0,,Philippines,PHL,Asia,14.590622,120.97997,162.3,1600000.0,109581085.0,12.0,96.0,159.6,25.4,40.7
Manila,JY-Xyiept88,Manila_JY-Xyiept88,8570,True,0,0,1,0,0,female,44.0,0,4.241,7.777,0.0,0,0,0,0,1,0,0,0,0,0,0,0,0,0,0,0,0,shine,Day,0,0,0,0,0,0,3.5,0,1.705,0,1,0,0,0,0,0,0,0,0,,,0,0,1,0,0,0,0,0,0,1,0,0,0,,Philippines,PHL,Asia,14.590622,120.97997,162.3,1600000.0,109581085.0,12.0,96.0,159.6,25.4,40.7
Manila,JY-Xyiept88,Manila_JY-Xyiept88,8803,True,0,1,1,0,0,male,50.0,0,4.44,4.1,,0,0,0,0,0,0,0,0,0,0,0,0,0,0,0,0,0,rain,Day,0,0,0,0,0,0,4.25,0,1.805,0,1,0,0,0,0,0,1,0,0,,,0,0,1,0,0,1,0,0,0,1,0,0,0,,Philippines,PHL,Asia,14.590622,120.97997,162.3,1600000.0,109581085.0,12.0,96.0,159.6,25.4,40.7
Manila,JY-Xyiept88,Manila_JY-Xyiept88,8950,True,0,0,1,0,0,,,0,1.171,1.01,0.0,0,0,0,0,0,0,0,0,0,0,0,0,0,0,0,0,0,shine,Day,0,0,0,0,0,0,2.25,1,1.93125,0,1,0,0,1,0,1,1,0,0,,,0,0,1,1,0,0,0,0,0,0,0,0,0,,Philippines,PHL,Asia,14.590622,120.97997,162.3,1600000.0,109581085.0,12.0,96.0,159.6,25.4,40.7
Manila,JY-Xyiept88,Manila_JY-Xyiept88,8959,True,0,0,1,0,0,,,0,1.748,0.676,0.0,0,0,0,0,0,0,0,0,0,0,0,0,0,0,0,0,0,sunrise,Day,0,0,0,0,0,0,2.5,0,2.01,0,1,0,0,1,0,0,1,0,0,,,0,0,0,1,0,0,0,0,0,0,0,0,0,,Philippines,PHL,Asia,14.590622,120.97997,162.3,1600000.0,109581085.0,12.0,96.0,159.6,25.4,40.7
Manila,JY-Xyiept88,Manila_JY-Xyiept88,9003,True,0,0,1,1,0,,,0,1.399,0.663,0.0,0,0,0,0,1,0,0,0,0,0,0,1,1,0,0,0,0,shine,Day,0,0,0,0,0,0,1.6666666666666667,0,1.83,0,1,0,0,0,0,0,1,0,0,,,0,0,0,0,0,0,0,0,0,0,0,0,0,,Philippines,PHL,Asia,14.590622,120.97997,162.3,1600000.0,109581085.0,12.0,96.0,159.6,25.4,40.7
Manila,JY-Xyiept88,Manila_JY-Xyiept88,9098,True,1,2,1,0,0,,,0,0.904,0.708,0.0,0,0,0,0,0,0,0,0,0,0,0,0,0,0,0,0,0,rain,Day,0,0,0,0,0,0,4.333333333333333,0,1.9066666666666665,0,1,0,0,0,0,0,1,0,0,,,0,0,1,0,0,0,0,1,0,0,0,0,0,,Philippines,PHL,Asia,14.590622,120.97997,162.3,1600000.0,109581085.0,12.0,96.0,159.6,25.4,40.7
Manila,JY-Xyiept88,Manila_JY-Xyiept88,9133,True,1,1,1,1,0,female,30.0,0,1.63,1.326,0.0,0,0,0,0,0,0,0,0,0,0,0,0,0,0,0,0,0,sunrise,Day,0,0,0,0,0,0,2.8,0,2.01,0,1,0,0,0,0,0,1,0,0,,,0,0,1,0,0,0,0,0,0,1,0,0,0,,Philippines,PHL,Asia,14.590622,120.97997,162.3,1600000.0,109581085.0,12.0,96.0,159.6,25.4,40.7
Manila,JY-Xyiept88,Manila_JY-Xyiept88,9134,True,1,1,1,0,0,,,0,1.401,0.51,0.0,0,0,0,0,0,0,0,0,0,0,0,0,0,0,0,0,0,sunrise,Day,0,0,0,0,0,0,2.0,0,2.0,0,1,0,0,0,0,0,1,0,0,,,0,0,1,0,0,0,0,0,0,1,0,0,0,,Philippines,PHL,Asia,14.590622,120.97997,162.3,1600000.0,109581085.0,12.0,96.0,159.6,25.4,40.7
Manila,JY-Xyiept88,Manila_JY-Xyiept88,9459,True,0,0,1,0,0,,,0,1.154,0.832,0.0,0,0,0,0,0,0,0,0,0,0,0,0,0,0,0,0,0,shine,Day,0,0,0,0,0,0,5.25,0,1.59,0,1,0,0,0,0,0,1,0,0,,,0,1,1,0,0,0,0,1,0,0,0,1,0,,Philippines,PHL,Asia,14.590622,120.97997,162.3,1600000.0,109581085.0,12.0,96.0,159.6,25.4,40.7
Manila,JY-Xyiept88,Manila_JY-Xyiept88,9569,True,2,2,1,0,0,,,0,2.03,3.103,0.0,0,0,0,0,0,0,0,0,0,0,0,0,0,0,0,0,0,shine,Day,0,0,0,0,0,0,4.0,0,1.82,0,1,0,0,0,0,0,1,0,0,,,0,0,1,0,0,0,0,1,0,0,0,0,0,,Philippines,PHL,Asia,14.590622,120.97997,162.3,1600000.0,109581085.0,12.0,96.0,159.6,25.4,40.7
Manila,JY-Xyiept88,Manila_JY-Xyiept88,9604,True,1,1,1,0,0,,,0,2.121,3.06,0.0,0,0,0,0,0,0,0,0,0,0,0,0,0,0,0,0,0,shine,Day,0,0,0,0,0,0,4.666666666666667,0,1.843333333333333,0,1,0,0,0,0,0,1,0,0,,,0,1,1,1,0,0,0,1,0,1,0,0,0,,Philippines,PHL,Asia,14.590622,120.97997,162.3,1600000.0,109581085.0,12.0,96.0,159.6,25.4,40.7
Manila,JY-Xyiept88,Manila_JY-Xyiept88,9643,True,1,1,1,0,0,,,0,3.285,1.652,0.07,0,0,0,0,0,0,0,0,0,0,0,0,0,0,0,0,0,sunrise,Day,0,0,0,0,0,0,1.0,0,1.495,0,1,0,0,0,0,0,0,0,0,,,0,1,0,1,0,0,0,0,0,0,0,0,0,,Philippines,PHL,Asia,14.590622,120.97997,162.3,1600000.0,109581085.0,12.0,96.0,159.6,25.4,40.7
Manila,JY-Xyiept88,Manila_JY-Xyiept88,9651,True,2,1,1,0,0,,,0,1.783,1.691,0.0,0,0,0,0,0,0,0,0,0,0,0,0,0,0,0,0,0,sunrise,Day,0,0,0,0,0,0,0.8,0,1.648,0,1,0,0,0,0,0,1,0,0,,,0,0,1,0,0,0,0,0,0,0,0,0,0,,Philippines,PHL,Asia,14.590622,120.97997,162.3,1600000.0,109581085.0,12.0,96.0,159.6,25.4,40.7
Manila,JY-Xyiept88,Manila_JY-Xyiept88,9670,True,0,1,1,0,0,,,0,2.614,6.196,0.0,0,0,0,0,0,0,0,0,0,0,0,0,0,0,0,0,0,sunrise,Day,0,0,0,0,0,0,2.75,0,1.795,0,1,0,0,0,0,0,1,0,0,,,0,0,1,1,0,0,0,0,0,1,0,0,0,,Philippines,PHL,Asia,14.590622,120.97997,162.3,1600000.0,109581085.0,12.0,96.0,159.6,25.4,40.7
Manila,JY-Xyiept88,Manila_JY-Xyiept88,9960,True,0,0,1,0,0,,,0,1.355,2.005,,0,0,0,0,0,0,0,0,0,0,0,0,0,0,0,0,0,rain,Day,0,0,0,0,0,0,4.333333333333333,0,2.07,0,1,0,0,0,0,0,1,0,0,,,0,0,1,0,0,0,0,1,0,0,0,0,0,,Philippines,PHL,Asia,14.590622,120.97997,162.3,1600000.0,109581085.0,12.0,96.0,159.6,25.4,40.7
Manila,JY-Xyiept88,Manila_JY-Xyiept88,9977,True,0,0,1,0,0,male,41.0,0,1.174,5.305,,0,0,0,0,0,0,0,0,0,0,0,0,0,0,0,0,0,rain,Day,0,0,0,0,0,0,4.5,0,1.6749999999999998,0,1,0,0,0,0,0,1,0,0,,,0,0,1,0,0,0,0,0,0,0,0,0,0,,Philippines,PHL,Asia,14.590622,120.97997,162.3,1600000.0,109581085.0,12.0,96.0,159.6,25.4,40.7
Manila,JY-Xyiept88,Manila_JY-Xyiept88,10008,True,0,0,1,0,0,,,0,0.847,5.1,0.0,0,0,0,1,0,0,0,0,0,0,0,0,0,0,0,0,0,rain,Day,0,0,0,0,0,0,7.0,0,2.035,0,1,0,0,0,0,0,1,0,0,,,0,1,1,0,0,0,0,1,0,0,0,0,0,,Philippines,PHL,Asia,14.590622,120.97997,162.3,1600000.0,109581085.0,12.0,96.0,159.6,25.4,40.7
Manila,JY-Xyiept88,Manila_JY-Xyiept88,10022,True,0,1,1,0,0,,,0,1.016,1.562,0.0,0,0,0,0,0,0,0,0,0,0,0,0,0,0,0,0,0,shine,Day,0,0,0,0,0,0,6.0,0,1.9457142857142853,0,1,0,0,0,0,0,1,0,0,,,0,1,1,1,0,0,0,1,0,0,0,0,0,,Philippines,PHL,Asia,14.590622,120.97997,162.3,1600000.0,109581085.0,12.0,96.0,159.6,25.4,40.7
Manila,JY-Xyiept88,Manila_JY-Xyiept88,10102,True,0,1,1,0,0,,,0,3.2,1.367,0.0,0,0,0,0,0,0,0,0,0,0,0,0,0,0,0,0,0,rain,Day,0,0,0,0,0,0,2.5,0,2.06,0,1,0,0,0,0,0,1,0,0,,,0,1,0,0,0,0,0,1,0,0,0,0,0,,Philippines,PHL,Asia,14.590622,120.97997,162.3,1600000.0,109581085.0,12.0,96.0,159.6,25.4,40.7
Manila,JY-Xyiept88,Manila_JY-Xyiept88,10170,True,0,0,0,1,0,,,0,1.156,0.739,0.0,0,0,0,0,1,1,0,0,0,0,0,1,1,0,0,0,0,sunrise,Day,0,0,0,0,0,0,4.8,0,1.96,0,1,0,0,0,1,0,1,0,0,,,0,0,1,0,0,1,0,1,0,0,0,0,0,,Philippines,PHL,Asia,14.590622,120.97997,162.3,1600000.0,109581085.0,12.0,96.0,159.6,25.4,40.7
Manila,JY-Xyiept88,Manila_JY-Xyiept88,11246,True,0,0,1,0,0,,,0,1.65,2.349,0.0,0,0,0,0,0,0,0,0,0,0,0,0,0,0,0,0,0,shine,Day,0,0,0,0,0,0,3.0,0,2.016666666666667,0,1,0,0,0,0,0,1,0,0,,,0,0,0,0,0,0,0,0,0,0,0,0,0,,Philippines,PHL,Asia,14.590622,120.97997,162.3,1600000.0,109581085.0,12.0,96.0,159.6,25.4,40.7
Manila,JY-Xyiept88,Manila_JY-Xyiept88,11339,True,1,1,1,0,0,,,0,1.308,0.533,0.0,0,0,0,0,0,0,0,0,0,0,0,0,0,0,0,0,0,shine,Day,0,0,0,0,0,0,4.333333333333333,0,1.4733333333333334,0,0,0,0,0,0,0,1,0,0,,,0,0,0,0,0,0,0,0,0,0,0,0,0,,Philippines,PHL,Asia,14.590622,120.97997,162.3,1600000.0,109581085.0,12.0,96.0,159.6,25.4,40.7
Manila,JY-Xyiept88,Manila_JY-Xyiept88,11420,True,0,1,1,0,0,,,0,1.438,3.15,,0,0,0,0,0,0,0,0,0,0,0,0,0,0,0,0,0,sunrise,Day,0,0,0,0,0,0,6.666666666666667,0,1.76,0,1,0,0,0,0,1,1,0,0,,,0,0,1,0,0,0,0,1,0,0,0,0,0,,Philippines,PHL,Asia,14.590622,120.97997,162.3,1600000.0,109581085.0,12.0,96.0,159.6,25.4,40.7
Manila,JY-Xyiept88,Manila_JY-Xyiept88,11427,True,1,1,1,0,0,,,0,1.773,1.83,0.0,0,0,0,0,0,0,0,0,0,0,0,0,0,0,0,0,0,sunrise,Day,0,0,0,0,0,0,4.666666666666667,0,1.61,0,1,0,0,0,0,0,1,0,0,,,0,0,1,0,0,1,0,1,0,0,0,0,0,,Philippines,PHL,Asia,14.590622,120.97997,162.3,1600000.0,109581085.0,12.0,96.0,159.6,25.4,40.7
Manila,JY-Xyiept88,Manila_JY-Xyiept88,11810,True,0,0,1,0,0,,,0,1.242,0.975,0.0,0,0,0,0,0,0,0,0,0,0,0,0,0,0,0,0,0,shine,Day,0,0,0,0,0,0,5.625,0,1.46875,0,1,0,0,0,0,1,1,0,0,,,0,1,1,1,0,0,0,1,0,0,0,0,0,,Philippines,PHL,Asia,14.590622,120.97997,162.3,1600000.0,109581085.0,12.0,96.0,159.6,25.4,40.7
Manila,JY-Xyiept88,Manila_JY-Xyiept88,11952,True,0,1,1,0,0,,,0,1.772,1.461,0.0,0,0,0,0,0,0,0,0,0,0,0,0,0,0,0,0,0,shine,Day,0,0,0,0,0,0,6.5,0,1.57875,0,0,0,0,1,0,0,1,0,0,,,0,1,1,0,0,1,0,1,0,1,0,1,0,,Philippines,PHL,Asia,14.590622,120.97997,162.3,1600000.0,109581085.0,12.0,96.0,159.6,25.4,40.7
Manila,JY-Xyiept88,Manila_JY-Xyiept88,12122,True,1,1,1,1,0,male,29.0,0,0.784,0.541,0.0,0,0,0,0,0,0,0,0,0,0,0,0,0,0,0,0,0,shine,Day,0,0,0,0,0,0,7.333333333333333,0,2.0025,0,1,0,0,0,0,1,1,0,0,,,0,1,1,1,0,0,0,1,0,0,0,0,0,,Philippines,PHL,Asia,14.590622,120.97997,162.3,1600000.0,109581085.0,12.0,96.0,159.6,25.4,40.7
Manila,JY-Xyiept88,Manila_JY-Xyiept88,12182,True,1,1,1,0,0,female,36.0,0,0.665,0.784,0.0,0,0,0,0,0,0,0,0,1,0,1,1,0,0,0,0,0,shine,Day,0,0,0,0,0,0,5.125,0,1.9525,0,0,0,0,1,0,1,1,0,0,,,0,1,1,1,0,1,0,1,0,1,1,0,0,,Philippines,PHL,Asia,14.590622,120.97997,162.3,1600000.0,109581085.0,12.0,96.0,159.6,25.4,40.7
Manila,JY-Xyiept88,Manila_JY-Xyiept88,12224,True,1,1,1,0,0,,,0,0.796,1.319,0.6,0,0,0,0,0,0,0,0,0,0,0,0,0,0,0,0,0,rain,Day,0,0,0,0,0,0,4.142857142857143,0,1.87,0,1,0,0,0,0,0,1,0,0,,,0,0,1,0,0,0,0,1,0,1,0,0,0,,Philippines,PHL,Asia,14.590622,120.97997,162.3,1600000.0,109581085.0,12.0,96.0,159.6,25.4,40.7
Manila,JY-Xyiept88,Manila_JY-Xyiept88,12267,True,0,0,1,0,0,,,0,1.576,3.227,,0,0,0,0,0,0,0,0,0,0,0,0,0,0,0,0,0,sunrise,Day,0,0,0,0,0,0,4.5,0,1.9416666666666669,0,1,0,0,0,0,0,1,0,0,,,0,0,1,0,0,1,0,0,0,1,0,0,0,,Philippines,PHL,Asia,14.590622,120.97997,162.3,1600000.0,109581085.0,12.0,96.0,159.6,25.4,40.7
Manila,JY-Xyiept88,Manila_JY-Xyiept88,12298,True,1,1,1,0,0,,,0,1.192,0.995,0.0,1,0,0,0,0,0,0,0,0,0,0,0,0,0,0,0,0,sunrise,Day,0,0,0,0,0,0,3.857142857142857,0,1.854285714285714,0,1,0,0,0,0,0,1,0,0,,,0,1,1,1,0,0,0,1,0,0,0,0,0,,Philippines,PHL,Asia,14.590622,120.97997,162.3,1600000.0,109581085.0,12.0,96.0,159.6,25.4,40.7
Manila,JY-Xyiept88,Manila_JY-Xyiept88,12382,True,1,1,1,0,0,,,0,0.878,1.096,0.0,0,0,0,0,0,0,0,0,0,0,0,0,0,0,0,0,0,sunrise,Day,0,0,0,0,0,0,2.875,0,2.01125,0,1,0,0,0,0,0,1,0,0,,,0,0,1,0,0,1,0,1,0,0,0,0,0,,Philippines,PHL,Asia,14.590622,120.97997,162.3,1600000.0,109581085.0,12.0,96.0,159.6,25.4,40.7
Manila,JY-Xyiept88,Manila_JY-Xyiept88,12469,True,2,2,1,0,0,,,0,1.691,0.368,0.0,0,0,0,0,0,0,0,0,0,0,0,0,0,0,0,0,0,sunrise,Day,0,0,0,0,0,0,6.0,0,2.02,0,1,0,0,0,0,0,1,0,0,,,0,1,1,1,0,0,0,1,0,0,0,0,0,,Philippines,PHL,Asia,14.590622,120.97997,162.3,1600000.0,109581085.0,12.0,96.0,159.6,25.4,40.7
Manila,JY-Xyiept88,Manila_JY-Xyiept88,12471,True,1,2,1,0,0,,,0,1.344,0.42,0.0,0,0,0,0,0,0,0,0,0,0,0,0,0,0,0,0,0,sunrise,Day,0,0,0,0,0,0,5.666666666666667,0,1.9833333333333327,0,1,0,0,0,0,0,1,0,0,,,0,1,1,1,0,0,0,1,0,0,0,0,0,,Philippines,PHL,Asia,14.590622,120.97997,162.3,1600000.0,109581085.0,12.0,96.0,159.6,25.4,40.7
Manila,JY-Xyiept88,Manila_JY-Xyiept88,12475,True,1,2,1,0,0,,,1,1.08,0.4,,0,0,0,0,0,0,0,0,0,0,0,0,0,0,0,0,0,sunrise,Day,0,0,0,0,0,0,6.75,0,1.92,0,1,0,0,0,0,0,1,0,0,,,0,1,1,1,0,0,0,1,0,0,0,0,0,,Philippines,PHL,Asia,14.590622,120.97997,162.3,1600000.0,109581085.0,12.0,96.0,159.6,25.4,40.7
Manila,JY-Xyiept88,Manila_JY-Xyiept88,12620,True,0,1,1,0,0,,,0,1.831,0.968,0.0,0,0,0,0,0,0,0,0,0,0,0,0,0,0,0,0,0,shine,Day,0,0,0,0,1,0,5.0,0,1.8525,0,1,0,0,0,0,0,1,0,0,,,0,0,1,0,0,0,0,0,0,1,0,0,0,,Philippines,PHL,Asia,14.590622,120.97997,162.3,1600000.0,109581085.0,12.0,96.0,159.6,25.4,40.7
Manila,JY-Xyiept88,Manila_JY-Xyiept88,12678,True,0,0,1,0,0,,,0,1.654,4.449,0.0,0,0,0,0,0,0,0,0,0,0,0,1,0,0,0,1,0,shine,Day,0,0,0,0,0,0,5.0,0,1.9666666666666668,0,1,0,0,0,0,0,1,0,0,,,0,0,1,0,0,1,0,0,0,1,0,0,0,,Philippines,PHL,Asia,14.590622,120.97997,162.3,1600000.0,109581085.0,12.0,96.0,159.6,25.4,40.7
Manila,JY-Xyiept88,Manila_JY-Xyiept88,12765,True,0,0,1,0,0,,,0,3.259,5.86,0.0,0,0,0,0,0,0,0,0,0,0,0,0,0,0,0,0,0,sunrise,Day,0,0,0,0,0,0,1.0,0,1.9416666666666669,0,1,0,0,0,0,0,1,0,0,,,0,0,1,0,0,1,0,0,0,1,0,0,0,,Philippines,PHL,Asia,14.590622,120.97997,162.3,1600000.0,109581085.0,12.0,96.0,159.6,25.4,40.7
Manila,JY-Xyiept88,Manila_JY-Xyiept88,12955,True,3,2,1,0,0,,,0,3.378,2.348,0.0,0,0,0,0,1,1,0,0,0,0,0,0,0,0,0,0,0,sunrise,Day,0,0,0,0,0,0,3.4,0,1.864,0,1,0,0,0,0,0,0,0,0,,,0,0,1,0,0,0,0,0,0,1,0,0,0,,Philippines,PHL,Asia,14.590622,120.97997,162.3,1600000.0,109581085.0,12.0,96.0,159.6,25.4,40.7
Manila,JY-Xyiept88,Manila_JY-Xyiept88,12978,True,1,1,1,0,0,male,26.0,0,3.514,2.465,,0,0,0,0,1,1,0,0,0,0,0,1,0,0,0,0,0,sunrise,Day,0,0,0,0,0,0,3.2,0,1.862,0,1,0,0,0,0,0,1,0,0,,,0,0,1,0,0,0,0,0,0,1,0,0,0,,Philippines,PHL,Asia,14.590622,120.97997,162.3,1600000.0,109581085.0,12.0,96.0,159.6,25.4,40.7
Manila,JY-Xyiept88,Manila_JY-Xyiept88,12997,True,0,0,1,1,0,,,0,1.745,1.199,0.0,0,0,0,0,0,0,0,0,0,0,0,0,0,0,0,0,0,sunrise,Day,0,0,0,0,0,0,3.4285714285714284,0,1.8928571428571428,0,1,0,0,0,0,0,1,0,0,,,0,0,1,0,0,0,0,1,0,1,0,0,0,,Philippines,PHL,Asia,14.590622,120.97997,162.3,1600000.0,109581085.0,12.0,96.0,159.6,25.4,40.7
Manila,JY-Xyiept88,Manila_JY-Xyiept88,13540,True,0,1,1,0,0,,,0,1.237,0.96,0.0,0,0,0,1,1,0,0,0,0,0,0,0,0,1,0,0,0,rain,Day,0,0,0,0,0,0,3.25,0,2.0375,0,1,0,0,0,0,0,1,0,0,,,0,0,1,0,0,0,0,0,0,0,0,0,0,,Philippines,PHL,Asia,14.590622,120.97997,162.3,1600000.0,109581085.0,12.0,96.0,159.6,25.4,40.7
Manila,JY-Xyiept88,Manila_JY-Xyiept88,13553,True,0,1,1,0,0,,,0,0.954,5.465,0.0,0,0,0,0,0,0,0,0,0,0,0,0,0,0,0,0,0,rain,Day,0,0,0,0,0,0,4.0,0,2.09,0,1,0,0,0,0,0,1,0,0,,,0,0,1,0,0,0,0,0,0,0,0,0,0,,Philippines,PHL,Asia,14.590622,120.97997,162.3,1600000.0,109581085.0,12.0,96.0,159.6,25.4,40.7
Manila,JY-Xyiept88,Manila_JY-Xyiept88,13569,True,3,3,1,0,0,,,0,0.572,0.051,0.0,0,0,0,0,0,0,0,0,0,0,0,0,0,0,0,0,0,sunrise,Day,0,0,0,0,0,0,3.083333333333333,0,1.9041666666666668,0,1,0,0,0,0,0,1,0,0,,,0,0,1,1,0,1,0,1,0,0,0,0,0,,Philippines,PHL,Asia,14.590622,120.97997,162.3,1600000.0,109581085.0,12.0,96.0,159.6,25.4,40.7
Manila,JY-Xyiept88,Manila_JY-Xyiept88,13765,True,3,3,1,0,0,female,40.0,0,0.608,0.545,0.0,0,0,0,0,1,0,0,0,0,0,0,0,0,1,0,0,0,shine,Day,0,0,0,0,0,0,3.0,0,1.9310000000000005,0,1,0,0,0,0,0,0,0,0,,,0,0,1,0,0,1,0,0,0,1,0,0,0,,Philippines,PHL,Asia,14.590622,120.97997,162.3,1600000.0,109581085.0,12.0,96.0,159.6,25.4,40.7
Manila,JY-Xyiept88,Manila_JY-Xyiept88,13867,True,0,1,1,0,0,male,49.0,0,0.717,0.442,0.0,0,0,0,0,1,0,0,0,0,0,1,0,0,0,0,0,0,sunrise,Day,0,0,0,0,0,0,4.125,0,1.87125,0,1,0,0,0,0,0,1,0,0,,,0,0,1,1,0,1,0,1,0,1,0,0,0,,Philippines,PHL,Asia,14.590622,120.97997,162.3,1600000.0,109581085.0,12.0,96.0,159.6,25.4,40.7
Manila,JY-Xyiept88,Manila_JY-Xyiept88,13971,True,2,3,1,0,0,female,32.0,0,1.071,1.531,0.0,0,0,0,0,0,0,0,0,0,0,0,0,0,0,0,0,0,shine,Day,0,0,0,0,0,0,2.625,0,1.96875,0,1,0,0,1,0,0,1,0,0,,,0,0,1,1,0,1,0,0,0,1,0,0,0,,Philippines,PHL,Asia,14.590622,120.97997,162.3,1600000.0,109581085.0,12.0,96.0,159.6,25.4,40.7
Manila,JY-Xyiept88,Manila_JY-Xyiept88,13982,True,2,2,1,0,0,male,30.0,0,0.97,1.284,0.0,0,0,0,0,0,0,0,0,0,0,0,0,0,0,0,0,0,shine,Day,0,0,0,0,0,0,2.4444444444444446,0,1.9766666666666663,0,1,0,0,1,0,0,1,0,0,,,0,0,1,1,0,1,0,0,0,1,0,0,0,,Philippines,PHL,Asia,14.590622,120.97997,162.3,1600000.0,109581085.0,12.0,96.0,159.6,25.4,40.7
Manila,JY-Xyiept88,Manila_JY-Xyiept88,14118,True,1,2,1,0,0,male,43.0,0,1.178,2.514,0.0,0,0,0,0,1,0,0,0,0,0,0,0,0,0,0,0,0,shine,Day,0,0,0,0,0,0,4.25,0,2.0475,0,1,0,0,0,0,0,1,0,0,,,0,0,1,0,0,1,0,0,0,1,0,0,0,,Philippines,PHL,Asia,14.590622,120.97997,162.3,1600000.0,109581085.0,12.0,96.0,159.6,25.4,40.7
Manila,JY-Xyiept88,Manila_JY-Xyiept88,14211,True,0,2,1,0,0,male,26.0,0,2.303,2.525,0.0,0,0,0,0,0,0,0,1,0,0,0,0,0,0,0,0,0,rain,Day,0,0,0,0,0,0,5.666666666666667,0,2.0500000000000003,0,1,0,0,0,0,0,1,0,0,,,0,0,1,0,0,1,0,0,0,0,0,0,0,,Philippines,PHL,Asia,14.590622,120.97997,162.3,1600000.0,109581085.0,12.0,96.0,159.6,25.4,40.7
Manila,JY-Xyiept88,Manila_JY-Xyiept88,14226,True,0,2,1,0,0,male,30.0,0,0.95,1.084,0.0,0,0,1,0,1,0,0,0,0,0,1,0,1,0,0,1,0,rain,Day,0,0,0,0,0,0,5.6,0,1.998,0,0,0,0,0,0,0,1,0,0,,,0,0,1,0,0,1,0,0,0,0,0,0,0,,Philippines,PHL,Asia,14.590622,120.97997,162.3,1600000.0,109581085.0,12.0,96.0,159.6,25.4,40.7
Manila,JY-Xyiept88,Manila_JY-Xyiept88,14257,True,1,2,1,0,0,female,41.0,0,0.829,1.029,0.0,0,0,0,0,0,0,0,0,0,0,0,0,0,0,0,0,0,rain,Day,0,0,0,0,0,0,5.833333333333333,0,2.023333333333333,0,0,0,0,0,0,0,1,0,0,,,0,0,1,1,0,1,0,1,0,0,0,0,0,,Philippines,PHL,Asia,14.590622,120.97997,162.3,1600000.0,109581085.0,12.0,96.0,159.6,25.4,40.7
Manila,JY-Xyiept88,Manila_JY-Xyiept88,14285,True,3,3,1,0,0,,,0,2.154,2.856,0.0,0,1,0,0,1,1,0,0,0,0,0,0,0,0,0,0,0,rain,Day,0,0,0,0,0,0,6.5,0,2.15,0,0,0,0,0,0,0,1,0,0,,,0,0,1,1,0,1,0,0,0,0,0,0,0,,Philippines,PHL,Asia,14.590622,120.97997,162.3,1600000.0,109581085.0,12.0,96.0,159.6,25.4,40.7
Manila,JY-Xyiept88,Manila_JY-Xyiept88,14321,True,2,4,1,0,0,,,1,0.271,0.158,0.0,0,0,0,0,0,0,0,0,0,0,0,0,0,0,0,0,0,cloudy,Day,0,0,0,0,0,0,6.2,0,2.0340000000000003,0,0,0,0,0,0,0,1,0,0,,,0,0,1,1,0,1,0,0,0,1,0,0,0,,Philippines,PHL,Asia,14.590622,120.97997,162.3,1600000.0,109581085.0,12.0,96.0,159.6,25.4,40.7
Manila,JY-Xyiept88,Manila_JY-Xyiept88,14709,True,2,2,1,0,0,male,32.0,0,0.085,0.133,0.0,0,0,0,0,0,1,0,0,0,0,0,1,0,0,0,0,0,cloudy,Day,0,0,0,0,0,0,5.545454545454546,0,2.0290909090909093,0,1,0,0,0,0,0,1,0,0,,,0,0,1,0,0,1,0,0,0,1,0,0,0,,Philippines,PHL,Asia,14.590622,120.97997,162.3,1600000.0,109581085.0,12.0,96.0,159.6,25.4,40.7
Manila,JY-Xyiept88,Manila_JY-Xyiept88,14738,True,4,4,1,0,0,male,26.0,0,0.086,0.05,0.33,0,0,0,0,1,0,0,0,0,0,0,1,0,0,0,0,0,cloudy,Day,0,0,0,0,0,0,6.0,0,2.035,0,0,0,0,0,0,0,1,0,0,,,0,0,1,0,0,0,0,1,0,1,0,0,0,,Philippines,PHL,Asia,14.590622,120.97997,162.3,1600000.0,109581085.0,12.0,96.0,159.6,25.4,40.7
Manila,JY-Xyiept88,Manila_JY-Xyiept88,14929,True,3,4,1,0,0,male,28.0,0,0.247,0.321,0.0,0,0,0,0,0,0,0,0,0,0,0,0,0,0,0,0,0,shine,Day,0,0,0,0,0,0,10.333333333333334,0,1.8511111111111112,0,1,0,0,0,0,0,1,0,0,,,0,0,1,0,0,1,0,1,0,1,0,0,0,,Philippines,PHL,Asia,14.590622,120.97997,162.3,1600000.0,109581085.0,12.0,96.0,159.6,25.4,40.7
Manila,JY-Xyiept88,Manila_JY-Xyiept88,15059,True,4,5,1,0,0,female,51.0,0,0.345,2.928,0.0,0,0,0,0,1,0,0,0,0,0,0,0,0,0,0,0,0,shine,Day,0,0,0,0,0,0,7.5,0,1.98,0,0,0,0,0,0,0,1,0,0,,,0,0,1,0,0,1,0,1,0,1,0,0,0,,Philippines,PHL,Asia,14.590622,120.97997,162.3,1600000.0,109581085.0,12.0,96.0,159.6,25.4,40.7
Manila,JY-Xyiept88,Manila_JY-Xyiept88,15390,True,2,2,1,0,0,male,29.0,0,0.743,0.848,0.07,0,0,0,0,1,0,0,0,0,0,0,1,0,0,0,0,0,shine,Day,0,0,0,0,0,0,3.125,0,1.925,0,1,0,0,0,1,0,0,0,0,,,0,0,1,0,0,1,0,0,0,1,0,0,0,,Philippines,PHL,Asia,14.590622,120.97997,162.3,1600000.0,109581085.0,12.0,96.0,159.6,25.4,40.7
Manila,JY-Xyiept88,Manila_JY-Xyiept88,15429,True,2,3,1,0,0,female,32.0,0,1.522,1.034,,0,0,0,0,0,0,0,0,1,0,0,1,0,0,0,0,0,shine,Day,0,0,0,0,0,0,2.75,0,1.9325,0,1,0,0,0,0,0,0,0,0,,,0,0,1,0,0,0,0,0,0,0,0,0,0,,Philippines,PHL,Asia,14.590622,120.97997,162.3,1600000.0,109581085.0,12.0,96.0,159.6,25.4,40.7
Manila,JY-Xyiept88,Manila_JY-Xyiept88,15433,True,3,2,1,0,0,female,27.0,0,1.216,1.433,0.0,0,0,0,0,1,1,0,0,0,0,0,1,0,0,0,0,0,sunrise,Day,0,0,0,0,0,0,3.0,0,1.964,0,1,0,0,0,1,0,0,0,0,,,0,0,1,0,0,0,0,0,0,1,0,0,0,,Philippines,PHL,Asia,14.590622,120.97997,162.3,1600000.0,109581085.0,12.0,96.0,159.6,25.4,40.7
Manila,JY-Xyiept88,Manila_JY-Xyiept88,15537,True,2,3,1,0,0,male,29.0,0,1.154,1.476,0.0,0,0,0,0,0,0,0,0,0,0,0,0,1,0,0,0,0,shine,Day,0,0,0,0,0,0,4.0,0,2.0325,0,1,0,0,0,0,0,0,0,0,,,0,0,1,0,0,1,0,0,0,1,0,0,0,,Philippines,PHL,Asia,14.590622,120.97997,162.3,1600000.0,109581085.0,12.0,96.0,159.6,25.4,40.7
Manila,JY-Xyiept88,Manila_JY-Xyiept88,15632,True,2,3,1,0,0,,,0,1.443,1.592,0.0,0,0,0,0,0,0,0,0,0,0,0,0,0,0,0,0,0,shine,Day,0,0,0,0,0,0,2.0,0,1.8642857142857143,0,1,0,0,0,0,0,1,0,0,,,0,0,1,0,0,0,0,0,0,1,0,0,0,,Philippines,PHL,Asia,14.590622,120.97997,162.3,1600000.0,109581085.0,12.0,96.0,159.6,25.4,40.7
Manila,JY-Xyiept88,Manila_JY-Xyiept88,15783,True,2,2,1,0,0,male,28.0,0,2.265,3.245,0.0,0,0,0,0,0,0,0,0,0,0,0,1,0,0,0,0,0,rain,Day,0,0,0,0,0,0,8.0,0,1.99,0,1,0,0,0,0,0,1,0,0,,,0,0,1,1,0,1,0,1,0,1,0,0,0,,Philippines,PHL,Asia,14.590622,120.97997,162.3,1600000.0,109581085.0,12.0,96.0,159.6,25.4,40.7
Manila,JY-Xyiept88,Manila_JY-Xyiept88,15809,True,3,3,1,0,0,female,35.0,0,1.16,3.46,0.0,0,0,0,0,0,0,0,0,0,0,0,0,0,0,0,0,0,rain,Day,0,0,0,0,0,0,4.5,0,1.795,0,1,0,0,0,0,0,1,0,0,,,0,0,0,0,0,0,0,0,0,1,0,0,0,,Philippines,PHL,Asia,14.590622,120.97997,162.3,1600000.0,109581085.0,12.0,96.0,159.6,25.4,40.7
Manila,JY-Xyiept88,Manila_JY-Xyiept88,15892,True,1,3,1,0,0,male,30.0,0,0.987,0.799,0.0,1,0,1,0,1,1,0,0,0,0,1,1,0,0,0,0,0,rain,Day,0,0,0,0,0,0,6.0,0,1.836666666666667,0,1,0,0,0,0,0,1,0,0,,,0,0,1,0,0,1,0,1,0,1,0,0,0,,Philippines,PHL,Asia,14.590622,120.97997,162.3,1600000.0,109581085.0,12.0,96.0,159.6,25.4,40.7
Manila,JY-Xyiept88,Manila_JY-Xyiept88,15963,True,3,2,1,0,0,male,26.0,0,1.899,2.0,0.0,0,0,0,0,1,0,0,0,0,0,1,0,0,0,0,0,0,rain,Day,0,0,0,0,0,0,5.75,0,2.005,0,1,0,0,0,0,0,1,0,0,,,0,0,1,1,0,1,0,0,0,1,0,0,0,,Philippines,PHL,Asia,14.590622,120.97997,162.3,1600000.0,109581085.0,12.0,96.0,159.6,25.4,40.7
Manila,JY-Xyiept88,Manila_JY-Xyiept88,15977,True,4,2,1,0,0,male,28.0,0,0.709,2.47,0.0,0,0,0,0,1,1,0,0,0,0,0,0,0,0,0,0,0,rain,Day,0,0,0,0,0,0,4.333333333333333,0,1.98,0,1,0,0,0,0,0,1,0,0,,,0,0,1,1,0,1,0,0,0,1,0,0,0,,Philippines,PHL,Asia,14.590622,120.97997,162.3,1600000.0,109581085.0,12.0,96.0,159.6,25.4,40.7
Manila,JY-Xyiept88,Manila_JY-Xyiept88,16026,True,3,3,1,0,0,,,0,0.735,0.686,0.0,0,0,0,0,1,0,0,0,0,0,1,1,0,0,0,0,0,rain,Day,0,0,0,0,0,0,4.857142857142857,0,1.998571428571428,0,1,0,0,0,0,0,1,0,0,,,0,0,1,1,0,1,0,1,0,1,0,0,0,,Philippines,PHL,Asia,14.590622,120.97997,162.3,1600000.0,109581085.0,12.0,96.0,159.6,25.4,40.7
Manila,JY-Xyiept88,Manila_JY-Xyiept88,16057,True,3,4,1,0,0,male,38.0,0,1.242,1.585,0.0,0,0,0,0,0,0,0,0,0,0,0,0,0,0,0,0,0,rain,Day,0,0,0,0,0,0,5.0,0,1.954,0,0,0,0,0,0,0,1,0,0,,,0,0,1,1,0,1,0,1,0,1,0,0,0,,Philippines,PHL,Asia,14.590622,120.97997,162.3,1600000.0,109581085.0,12.0,96.0,159.6,25.4,40.7
Manila,JY-Xyiept88,Manila_JY-Xyiept88,16186,True,1,2,1,0,0,,,0,0.751,0.869,0.0,0,0,0,0,0,0,0,0,0,0,0,0,0,0,0,0,0,rain,Day,0,0,0,0,0,0,9.77777777777778,0,1.9044444444444448,0,1,0,0,0,0,0,1,0,0,,,0,0,1,1,0,0,0,0,0,1,0,0,0,,Philippines,PHL,Asia,14.590622,120.97997,162.3,1600000.0,109581085.0,12.0,96.0,159.6,25.4,40.7
Manila,JY-Xyiept88,Manila_JY-Xyiept88,16285,True,1,2,1,0,0,female,33.0,0,1.467,2.259,0.07,0,0,0,0,0,0,0,0,1,0,0,0,0,0,0,1,0,rain,Day,0,0,0,0,0,0,8.5,0,2.04,0,0,0,0,0,0,0,1,0,0,,,0,0,0,1,0,1,0,0,0,1,0,0,0,,Philippines,PHL,Asia,14.590622,120.97997,162.3,1600000.0,109581085.0,12.0,96.0,159.6,25.4,40.7
Manila,JY-Xyiept88,Manila_JY-Xyiept88,16326,True,5,3,1,0,0,male,40.0,0,0.888,0.852,0.0,0,0,0,0,1,0,0,0,0,0,1,0,0,1,0,0,0,rain,Day,0,0,0,0,0,0,8.11111111111111,0,1.877777777777777,0,1,0,0,0,0,0,1,0,0,,,0,1,1,1,0,1,0,0,0,1,0,0,0,,Philippines,PHL,Asia,14.590622,120.97997,162.3,1600000.0,109581085.0,12.0,96.0,159.6,25.4,40.7
Manila,JY-Xyiept88,Manila_JY-Xyiept88,16404,True,4,3,1,0,0,male,28.0,0,1.136,1.235,0.0,0,0,0,0,0,1,0,0,0,0,0,0,0,0,0,0,0,rain,Day,0,0,0,0,0,0,7.333333333333333,0,1.78,0,1,0,0,0,0,0,1,0,0,,,0,0,1,1,0,1,0,0,0,1,0,0,0,,Philippines,PHL,Asia,14.590622,120.97997,162.3,1600000.0,109581085.0,12.0,96.0,159.6,25.4,40.7
Manila,JY-Xyiept88,Manila_JY-Xyiept88,16493,True,1,1,1,0,0,,,0,1.114,1.993,0.0,0,0,0,0,0,0,0,0,0,0,0,0,0,0,0,0,0,rain,Day,0,0,0,0,0,0,9.8,0,1.83,0,0,0,0,0,0,0,1,0,0,,,0,0,1,1,0,1,0,0,0,1,0,0,0,,Philippines,PHL,Asia,14.590622,120.97997,162.3,1600000.0,109581085.0,12.0,96.0,159.6,25.4,40.7
Manila,JY-Xyiept88,Manila_JY-Xyiept88,16719,True,0,1,1,0,0,,,0,0.851,0.896,0.0,0,0,0,0,0,0,0,0,0,0,0,1,0,0,0,0,0,cloudy,Day,0,0,0,0,0,0,7.0,0,1.9725,0,0,0,0,0,0,1,1,0,0,,,0,0,1,0,0,1,0,0,0,1,0,0,0,,Philippines,PHL,Asia,14.590622,120.97997,162.3,1600000.0,109581085.0,12.0,96.0,159.6,25.4,40.7
Manila,JY-Xyiept88,Manila_JY-Xyiept88,16780,True,1,1,1,1,0,,,0,1.135,1.216,0.0,0,0,0,0,1,1,0,0,0,0,0,1,0,0,0,0,0,sunrise,Day,0,0,0,0,0,0,3.0,0,2.03,0,1,0,0,0,0,0,1,0,0,,,0,0,1,0,0,1,0,0,0,1,0,0,0,,Philippines,PHL,Asia,14.590622,120.97997,162.3,1600000.0,109581085.0,12.0,96.0,159.6,25.4,40.7
Manila,JY-Xyiept88,Manila_JY-Xyiept88,16841,True,1,1,1,1,0,,,0,0.578,0.228,0.0,0,0,0,1,0,0,0,0,0,0,0,1,0,0,0,0,0,rain,Day,0,0,0,0,0,0,3.5,0,1.92,0,1,0,0,1,0,0,1,0,0,,,0,1,1,0,0,1,0,1,0,1,0,0,0,,Philippines,PHL,Asia,14.590622,120.97997,162.3,1600000.0,109581085.0,12.0,96.0,159.6,25.4,40.7
Manila,JY-Xyiept88,Manila_JY-Xyiept88,16958,True,2,1,1,1,0,,,0,0.641,0.468,0.0,0,0,0,0,0,0,0,0,0,0,0,0,0,0,0,0,0,rain,Day,0,0,0,0,0,0,5.333333333333333,0,1.9533333333333327,0,1,0,0,1,0,0,1,0,0,,,0,1,1,0,0,1,0,1,0,0,0,0,0,,Philippines,PHL,Asia,14.590622,120.97997,162.3,1600000.0,109581085.0,12.0,96.0,159.6,25.4,40.7
Manila,JY-Xyiept88,Manila_JY-Xyiept88,17555,True,2,2,1,0,0,,,0,0.909,0.517,0.0,0,0,0,0,0,0,0,0,0,0,0,0,0,0,0,0,0,shine,Day,0,0,0,0,0,0,3.7142857142857135,0,1.917142857142857,0,1,0,0,0,0,0,1,0,0,,,0,0,1,0,0,0,0,0,0,0,0,0,0,,Philippines,PHL,Asia,14.590622,120.97997,162.3,1600000.0,109581085.0,12.0,96.0,159.6,25.4,40.7
Manila,JY-Xyiept88,Manila_JY-Xyiept88,17733,True,2,3,1,0,0,male,34.0,0,0.989,0.274,0.0,0,0,0,0,0,0,0,0,0,0,0,0,0,0,0,0,0,rain,Day,0,0,0,0,0,0,11.0,0,1.9875,0,0,0,0,0,0,0,1,0,0,,,0,0,1,0,0,0,0,1,0,1,0,0,0,,Philippines,PHL,Asia,14.590622,120.97997,162.3,1600000.0,109581085.0,12.0,96.0,159.6,25.4,40.7
Manila,JY-Xyiept88,Manila_JY-Xyiept88,17737,True,3,3,1,0,0,female,34.0,0,1.406,0.521,0.0,0,0,0,0,0,0,0,0,0,0,0,0,0,0,0,0,0,rain,Day,0,0,0,0,0,0,10.4,0,1.992,0,0,0,0,0,0,0,1,0,0,,,0,0,1,0,0,0,0,1,0,1,0,0,0,,Philippines,PHL,Asia,14.590622,120.97997,162.3,1600000.0,109581085.0,12.0,96.0,159.6,25.4,40.7
Manila,JY-Xyiept88,Manila_JY-Xyiept88,17749,True,2,1,1,0,0,,,0,1.001,1.754,0.0,0,0,0,0,0,0,0,0,0,0,0,0,0,0,0,0,0,rain,Day,0,0,0,0,0,0,9.285714285714286,0,2.018571428571428,0,1,0,0,0,0,0,1,0,0,,,0,0,1,0,0,0,0,1,0,1,0,0,0,,Philippines,PHL,Asia,14.590622,120.97997,162.3,1600000.0,109581085.0,12.0,96.0,159.6,25.4,40.7
Manila,JY-Xyiept88,Manila_JY-Xyiept88,17786,True,2,2,1,0,0,,,0,1.843,2.376,0.0,0,0,0,0,0,0,0,0,0,0,0,0,0,0,0,0,0,shine,Day,0,0,0,0,0,0,5.142857142857143,0,1.975714285714285,0,1,0,0,0,0,0,1,0,0,,,0,0,1,0,0,0,0,1,0,0,0,0,0,,Philippines,PHL,Asia,14.590622,120.97997,162.3,1600000.0,109581085.0,12.0,96.0,159.6,25.4,40.7
Manila,JY-Xyiept88,Manila_JY-Xyiept88,17952,True,2,2,1,0,0,,,0,0.804,0.677,0.0,0,1,0,0,0,0,0,0,0,0,0,1,0,0,0,0,0,shine,Day,0,0,0,0,0,0,8.533333333333333,0,1.8646666666666667,0,1,0,0,0,0,1,1,0,0,,,0,1,1,1,0,0,0,1,0,0,1,0,0,,Philippines,PHL,Asia,14.590622,120.97997,162.3,1600000.0,109581085.0,12.0,96.0,159.6,25.4,40.7
Manila,JY-Xyiept88,Manila_JY-Xyiept88,18205,True,1,1,1,0,0,,,0,1.238,0.657,0.0,0,0,0,0,0,0,0,0,0,0,0,0,0,0,0,0,0,sunrise,Day,0,0,0,0,0,0,2.0,0,2.045,0,1,0,0,0,0,0,1,0,0,,,0,1,1,0,0,0,0,0,0,0,0,0,0,,Philippines,PHL,Asia,14.590622,120.97997,162.3,1600000.0,109581085.0,12.0,96.0,159.6,25.4,40.7
Manila,JY-Xyiept88,Manila_JY-Xyiept88,18237,True,1,1,1,0,0,male,32.0,0,2.416,1.255,0.0,0,0,0,0,0,0,0,0,0,0,0,0,0,0,0,0,0,rain,Day,0,0,0,0,0,0,5.0,0,1.685,0,1,0,0,0,0,1,1,0,0,,,0,0,1,0,0,0,0,0,0,0,0,0,0,,Philippines,PHL,Asia,14.590622,120.97997,162.3,1600000.0,109581085.0,12.0,96.0,159.6,25.4,40.7
Manila,JY-Xyiept88,Manila_JY-Xyiept88,18309,True,0,0,1,0,0,,,0,6.295,6.2,0.0,0,0,0,0,0,0,0,0,0,0,0,0,0,0,0,0,0,shine,Day,0,0,0,0,0,0,3.0,0,0.78,0,0,0,0,0,0,0,1,0,0,,,0,0,1,0,0,0,0,0,0,0,0,0,0,,Philippines,PHL,Asia,14.590622,120.97997,162.3,1600000.0,109581085.0,12.0,96.0,159.6,25.4,40.7
Manila,JY-Xyiept88,Manila_JY-Xyiept88,18316,True,0,1,1,0,0,,,0,1.047,2.44,0.0,0,0,0,0,0,0,0,0,0,0,0,0,0,0,0,0,0,rain,Day,0,0,0,0,0,0,7.0,0,1.6866666666666668,0,1,0,0,0,0,1,1,0,0,,,0,1,1,0,0,0,0,1,0,0,0,1,0,,Philippines,PHL,Asia,14.590622,120.97997,162.3,1600000.0,109581085.0,12.0,96.0,159.6,25.4,40.7
Manila,JY-Xyiept88,Manila_JY-Xyiept88,18323,True,1,1,1,0,0,,,0,0.736,0.434,0.0,0,0,0,0,0,0,0,0,0,0,0,0,0,0,0,0,0,shine,Day,0,0,0,0,0,0,7.8,0,1.618,0,1,0,0,0,0,1,1,0,0,,,0,1,1,0,0,0,0,1,0,0,0,1,0,,Philippines,PHL,Asia,14.590622,120.97997,162.3,1600000.0,109581085.0,12.0,96.0,159.6,25.4,40.7
Manila,JY-Xyiept88,Manila_JY-Xyiept88,18352,True,0,1,1,0,0,,,0,0.986,0.892,0.0,0,0,0,0,0,0,0,0,0,0,0,0,0,0,0,0,0,shine,Day,0,0,0,0,0,0,5.5,0,1.915,0,1,0,0,0,0,0,1,0,0,,,0,1,0,0,0,0,0,1,0,0,0,1,0,,Philippines,PHL,Asia,14.590622,120.97997,162.3,1600000.0,109581085.0,12.0,96.0,159.6,25.4,40.7
Manila,JY-Xyiept88,Manila_JY-Xyiept88,18370,True,0,1,1,0,0,,,0,0.501,0.427,0.0,0,0,0,0,0,0,0,0,0,0,0,0,0,0,0,0,0,shine,Day,0,0,0,0,0,0,4.909090909090909,0,1.6704545454545454,0,1,0,0,0,0,1,1,0,0,,,0,1,1,0,0,0,0,1,0,0,0,0,0,,Philippines,PHL,Asia,14.590622,120.97997,162.3,1600000.0,109581085.0,12.0,96.0,159.6,25.4,40.7
Manila,JY-Xyiept88,Manila_JY-Xyiept88,18450,True,1,2,1,0,0,,,0,0.568,4.384,0.0,0,0,0,0,0,0,0,0,0,0,0,0,0,0,0,0,0,shine,Day,0,0,0,0,0,0,5.5,0,1.4,0,0,0,0,0,0,0,1,0,0,,,0,0,1,0,0,0,0,1,0,0,0,0,0,,Philippines,PHL,Asia,14.590622,120.97997,162.3,1600000.0,109581085.0,12.0,96.0,159.6,25.4,40.7
Manila,JY-Xyiept88,Manila_JY-Xyiept88,18473,True,0,0,1,0,0,female,70.0,0,3.567,2.287,0.0,0,0,0,0,0,0,0,0,0,0,0,0,0,0,0,0,0,shine,Day,0,0,0,0,0,0,4.333333333333333,0,1.7533333333333332,0,1,0,0,0,0,0,1,0,0,,,0,0,1,0,0,0,0,1,0,0,0,0,0,,Philippines,PHL,Asia,14.590622,120.97997,162.3,1600000.0,109581085.0,12.0,96.0,159.6,25.4,40.7
Manila,JY-Xyiept88,Manila_JY-Xyiept88,18492,True,0,1,1,0,0,,,0,2.329,0.966,0.0,0,0,0,0,0,0,0,0,0,0,0,1,0,0,0,0,0,shine,Day,0,0,0,0,0,0,4.5,0,1.905,0,1,0,0,0,0,0,1,0,0,,,0,1,1,0,0,0,0,1,0,0,0,0,0,,Philippines,PHL,Asia,14.590622,120.97997,162.3,1600000.0,109581085.0,12.0,96.0,159.6,25.4,40.7
Manila,JY-Xyiept88,Manila_JY-Xyiept88,18538,True,0,1,1,0,0,,,0,1.852,2.057,0.0,0,0,0,0,0,0,0,0,0,0,0,0,0,0,0,0,0,shine,Day,0,0,0,0,0,0,3.7777777777777777,0,1.7038888888888888,0,1,0,0,0,0,0,1,0,0,,,0,1,1,0,0,0,0,1,0,0,0,0,0,,Philippines,PHL,Asia,14.590622,120.97997,162.3,1600000.0,109581085.0,12.0,96.0,159.6,25.4,40.7
Manila,JY-Xyiept88,Manila_JY-Xyiept88,18549,True,2,2,1,0,0,,,0,1.932,2.271,0.0,0,0,1,0,1,0,0,0,0,0,1,1,0,0,0,0,0,shine,Day,0,0,0,0,0,0,4.75,0,1.8225,0,1,0,0,0,0,0,1,0,0,,,0,1,1,0,0,0,0,1,0,0,0,0,0,,Philippines,PHL,Asia,14.590622,120.97997,162.3,1600000.0,109581085.0,12.0,96.0,159.6,25.4,40.7
Manila,JY-Xyiept88,Manila_JY-Xyiept88,18638,True,1,1,1,0,0,,,0,0.923,1.165,0.0,0,0,1,0,0,0,0,0,0,0,0,0,0,0,0,1,0,shine,Day,0,0,0,0,0,0,4.666666666666667,0,1.96,0,1,0,0,0,1,0,1,0,0,,,0,1,1,0,0,0,0,0,0,0,0,0,0,,Philippines,PHL,Asia,14.590622,120.97997,162.3,1600000.0,109581085.0,12.0,96.0,159.6,25.4,40.7
Manila,JY-Xyiept88,Manila_JY-Xyiept88,18639,True,1,1,1,0,0,,,0,0.913,1.119,0.0,0,0,0,0,0,0,0,0,0,0,1,0,0,0,0,0,0,shine,Day,0,0,0,0,0,0,4.75,0,1.955,0,1,0,0,0,1,0,1,0,0,,,0,1,1,0,0,0,0,0,0,0,0,0,0,,Philippines,PHL,Asia,14.590622,120.97997,162.3,1600000.0,109581085.0,12.0,96.0,159.6,25.4,40.7
Manila,JY-Xyiept88,Manila_JY-Xyiept88,18671,True,0,0,1,0,0,male,53.0,0,1.623,1.053,,0,0,0,0,0,0,0,0,0,0,0,0,0,0,0,0,0,shine,Day,0,0,0,0,0,0,2.25,0,1.1424999999999998,0,1,0,0,0,0,0,1,0,0,,,0,0,1,0,0,0,0,0,0,0,0,0,0,,Philippines,PHL,Asia,14.590622,120.97997,162.3,1600000.0,109581085.0,12.0,96.0,159.6,25.4,40.7
Manila,JY-Xyiept88,Manila_JY-Xyiept88,18772,True,0,0,1,0,0,,,0,0.995,0.986,0.0,0,0,0,0,0,0,0,0,0,0,0,0,0,0,0,0,0,sunrise,Day,0,0,0,0,0,0,4.5,0,1.19,0,1,0,0,0,0,0,1,0,0,,,0,0,0,0,0,0,0,0,0,0,0,0,0,,Philippines,PHL,Asia,14.590622,120.97997,162.3,1600000.0,109581085.0,12.0,96.0,159.6,25.4,40.7
Manila,JY-Xyiept88,Manila_JY-Xyiept88,18909,True,0,0,1,0,0,,,0,2.377,,0.0,0,0,0,0,0,1,0,1,0,0,0,0,0,0,0,0,0,rain,Day,0,0,0,0,0,0,4.0,0,1.83,0,1,0,0,0,0,0,1,0,0,,,0,0,1,0,0,0,0,0,0,0,0,0,0,,Philippines,PHL,Asia,14.590622,120.97997,162.3,1600000.0,109581085.0,12.0,96.0,159.6,25.4,40.7
Manila,JY-Xyiept88,Manila_JY-Xyiept88,19001,True,0,1,1,0,0,female,28.0,0,1.494,1.369,0.0,0,0,0,0,1,1,0,0,0,0,0,1,0,0,0,0,0,rain,Day,0,0,0,0,0,0,6.0,0,1.995,0,1,0,0,0,0,0,1,0,0,,,0,0,1,0,0,0,0,0,0,0,0,0,0,,Philippines,PHL,Asia,14.590622,120.97997,162.3,1600000.0,109581085.0,12.0,96.0,159.6,25.4,40.7
Manila,JY-Xyiept88,Manila_JY-Xyiept88,19048,True,1,1,1,0,0,,,0,3.448,,0.0,0,0,0,0,1,0,0,0,0,0,0,0,1,0,0,0,0,rain,Day,0,0,0,0,0,0,8.0,0,1.85,0,1,0,0,0,0,0,1,0,0,,,0,0,1,0,0,0,0,0,0,0,0,0,0,,Philippines,PHL,Asia,14.590622,120.97997,162.3,1600000.0,109581085.0,12.0,96.0,159.6,25.4,40.7
Manila,JY-Xyiept88,Manila_JY-Xyiept88,19081,True,1,1,1,0,0,,,0,3.773,,0.0,0,0,0,0,1,0,0,0,0,0,0,1,0,0,0,0,0,rain,Day,0,0,0,0,0,0,7.0,0,2.04,0,1,0,0,0,0,0,1,0,0,,,0,0,1,0,0,0,0,0,0,0,0,0,0,,Philippines,PHL,Asia,14.590622,120.97997,162.3,1600000.0,109581085.0,12.0,96.0,159.6,25.4,40.7
Manila,JY-Xyiept88,Manila_JY-Xyiept88,19093,True,1,1,1,0,0,,,0,4.077,,0.0,0,0,0,0,0,1,0,0,0,0,0,1,0,0,0,0,0,rain,Day,0,0,0,0,0,0,8.0,0,1.88,0,1,0,0,0,0,0,1,0,0,,,0,0,1,0,0,0,0,0,0,0,0,0,0,,Philippines,PHL,Asia,14.590622,120.97997,162.3,1600000.0,109581085.0,12.0,96.0,159.6,25.4,40.7
Manila,JY-Xyiept88,Manila_JY-Xyiept88,19280,True,1,1,1,0,0,male,32.0,0,1.49,2.053,0.0,0,0,0,0,1,0,0,0,0,0,0,1,0,0,0,0,0,sunrise,Day,0,0,0,0,0,0,4.0,0,1.734,0,1,0,0,0,0,0,1,0,0,,,0,0,1,1,0,1,0,1,0,0,0,0,0,,Philippines,PHL,Asia,14.590622,120.97997,162.3,1600000.0,109581085.0,12.0,96.0,159.6,25.4,40.7
Manila,JY-Xyiept88,Manila_JY-Xyiept88,19353,True,1,1,1,0,0,,,0,3.855,8.146,0.0,0,0,0,0,0,0,0,0,0,0,0,0,0,0,0,0,0,cloudy,Day,0,0,0,0,0,0,6.666666666666667,0,1.98,0,1,0,0,0,0,0,1,0,0,,,0,1,1,0,0,0,0,1,0,0,0,1,0,,Philippines,PHL,Asia,14.590622,120.97997,162.3,1600000.0,109581085.0,12.0,96.0,159.6,25.4,40.7
Manila,JY-Xyiept88,Manila_JY-Xyiept88,19495,True,1,1,1,1,0,,,0,0.717,0.801,0.0,0,0,0,0,0,0,0,0,0,0,0,1,0,0,0,0,0,shine,Day,0,0,0,0,0,0,6.083333333333333,0,1.8291666666666668,0,1,0,0,0,0,1,1,0,0,,,0,1,1,0,0,0,0,1,0,0,0,0,0,,Philippines,PHL,Asia,14.590622,120.97997,162.3,1600000.0,109581085.0,12.0,96.0,159.6,25.4,40.7
Manila,JY-Xyiept88,Manila_JY-Xyiept88,19665,True,1,1,1,0,0,,,0,1.182,0.203,0.0,0,0,0,0,0,0,0,0,0,0,0,0,0,0,0,0,0,sunrise,Day,0,0,0,0,0,0,5.333333333333333,0,1.9766666666666663,0,1,0,0,0,0,1,1,0,0,,,0,0,1,0,0,0,0,0,0,0,0,0,0,,Philippines,PHL,Asia,14.590622,120.97997,162.3,1600000.0,109581085.0,12.0,96.0,159.6,25.4,40.7
Manila,JY-Xyiept88,Manila_JY-Xyiept88,19668,True,1,1,1,0,0,,,0,1.156,0.235,0.0,0,0,0,0,0,0,0,0,0,0,0,0,0,0,0,0,0,sunrise,Day,0,0,0,0,0,0,6.0,0,2.06,0,1,0,0,0,0,1,1,0,0,,,0,0,1,0,0,0,0,0,0,0,0,0,0,,Philippines,PHL,Asia,14.590622,120.97997,162.3,1600000.0,109581085.0,12.0,96.0,159.6,25.4,40.7
Manila,JY-Xyiept88,Manila_JY-Xyiept88,19729,True,0,2,1,0,0,,,0,1.576,1.994,0.13,0,0,0,0,0,0,0,0,0,0,0,0,0,0,0,0,0,shine,Day,0,0,0,0,0,0,2.5,0,1.8883333333333328,0,1,0,0,0,0,1,1,0,0,,,0,0,1,0,0,0,0,0,0,0,0,0,0,,Philippines,PHL,Asia,14.590622,120.97997,162.3,1600000.0,109581085.0,12.0,96.0,159.6,25.4,40.7
Manila,JY-Xyiept88,Manila_JY-Xyiept88,19790,True,2,2,1,0,0,,,0,1.451,2.136,0.0,0,0,0,0,1,0,0,0,0,0,1,0,0,0,0,0,0,shine,Day,0,0,0,0,0,0,3.0,0,1.996,0,1,0,0,0,0,1,1,0,0,,,0,0,1,0,0,0,0,0,0,0,0,0,0,,Philippines,PHL,Asia,14.590622,120.97997,162.3,1600000.0,109581085.0,12.0,96.0,159.6,25.4,40.7
Manila,JY-Xyiept88,Manila_JY-Xyiept88,19799,True,2,2,1,0,0,female,51.0,0,1.347,1.944,0.0,0,0,0,0,0,0,0,0,0,0,0,1,0,0,0,0,0,shine,Day,0,0,0,0,0,0,2.875,0,1.96625,0,1,0,0,0,0,0,1,0,0,,,0,0,1,0,0,0,0,0,0,0,0,0,0,,Philippines,PHL,Asia,14.590622,120.97997,162.3,1600000.0,109581085.0,12.0,96.0,159.6,25.4,40.7
Manila,JY-Xyiept88,Manila_JY-Xyiept88,19836,True,2,3,1,0,0,female,30.0,0,1.48,1.951,0.0,0,0,0,0,0,0,0,0,0,0,0,0,0,0,0,0,0,shine,Day,0,0,0,0,0,0,2.6666666666666665,0,1.9466666666666663,0,1,0,0,0,0,0,1,0,0,,,0,0,1,0,0,0,0,0,0,0,0,0,0,,Philippines,PHL,Asia,14.590622,120.97997,162.3,1600000.0,109581085.0,12.0,96.0,159.6,25.4,40.7
Manila,JY-Xyiept88,Manila_JY-Xyiept88,19994,True,1,1,1,0,0,,,0,0.62,0.866,0.0,0,0,0,0,0,0,0,0,0,0,0,0,0,0,0,0,0,sunrise,Day,0,0,0,0,0,0,2.555555555555556,0,1.848888888888889,0,1,0,0,1,0,1,1,0,0,,,0,1,1,1,0,0,0,0,0,1,0,0,0,,Philippines,PHL,Asia,14.590622,120.97997,162.3,1600000.0,109581085.0,12.0,96.0,159.6,25.4,40.7
Manila,JY-Xyiept88,Manila_JY-Xyiept88,20046,True,1,1,1,0,0,,,0,0.866,0.434,0.27,0,0,0,0,0,0,0,0,0,0,0,0,0,0,0,0,0,sunrise,Day,0,0,0,0,0,0,2.7142857142857144,0,1.8357142857142856,0,1,0,0,1,0,1,1,0,0,,,0,1,1,1,0,0,0,0,0,0,0,0,0,,Philippines,PHL,Asia,14.590622,120.97997,162.3,1600000.0,109581085.0,12.0,96.0,159.6,25.4,40.7
Manila,JY-Xyiept88,Manila_JY-Xyiept88,20094,True,1,1,1,0,0,male,38.0,0,1.721,1.917,0.0,0,0,0,0,0,0,0,0,0,0,0,1,0,0,0,0,0,shine,Day,0,0,0,0,0,0,3.0,0,1.81,0,1,0,0,0,0,0,1,0,0,,,0,1,1,1,0,0,0,0,0,0,0,0,0,,Philippines,PHL,Asia,14.590622,120.97997,162.3,1600000.0,109581085.0,12.0,96.0,159.6,25.4,40.7
Manila,JY-Xyiept88,Manila_JY-Xyiept88,20905,True,1,1,1,0,0,,,0,1.829,1.868,0.0,0,0,0,0,0,0,0,0,0,0,0,1,0,0,0,0,0,sunrise,Day,0,0,0,0,0,0,3.5,0,1.9583333333333333,0,1,0,0,0,0,0,1,0,0,,,0,1,1,0,0,0,0,1,0,0,0,0,0,,Philippines,PHL,Asia,14.590622,120.97997,162.3,1600000.0,109581085.0,12.0,96.0,159.6,25.4,40.7
Manila,JY-Xyiept88,Manila_JY-Xyiept88,21061,True,0,0,1,0,0,,,0,1.527,1.022,0.0,0,0,0,0,0,0,0,0,1,0,1,0,0,0,0,0,0,sunrise,Day,0,0,0,0,0,0,2.0,0,1.856666666666667,0,1,0,0,0,0,0,1,0,0,,,0,0,1,0,0,0,0,0,0,0,0,0,0,,Philippines,PHL,Asia,14.590622,120.97997,162.3,1600000.0,109581085.0,12.0,96.0,159.6,25.4,40.7
Manila,JY-Xyiept88,Manila_JY-Xyiept88,21474,True,0,0,1,0,0,,,0,1.725,1.864,,0,0,0,0,0,0,0,0,0,0,0,0,0,0,0,0,0,shine,Day,0,0,0,0,0,0,1.3636363636363635,0,1.7563636363636363,0,1,0,0,0,0,0,1,0,0,,,0,0,1,0,0,0,0,0,0,0,0,0,0,,Philippines,PHL,Asia,14.590622,120.97997,162.3,1600000.0,109581085.0,12.0,96.0,159.6,25.4,40.7
Manila,JY-Xyiept88,Manila_JY-Xyiept88,21512,True,0,1,1,0,0,,,0,2.378,1.434,0.0,1,0,0,1,0,0,0,0,0,0,0,0,0,0,0,0,0,shine,Day,0,0,0,0,0,0,0.0,0,1.89,0,0,0,0,0,0,0,0,0,0,,,0,0,0,0,0,0,0,0,0,0,0,0,0,,Philippines,PHL,Asia,14.590622,120.97997,162.3,1600000.0,109581085.0,12.0,96.0,159.6,25.4,40.7
Manila,JY-Xyiept88,Manila_JY-Xyiept88,21515,True,2,2,1,0,0,female,30.0,0,1.179,1.254,0.0,0,0,0,0,0,0,0,0,0,0,0,1,0,0,0,0,0,shine,Day,0,0,0,0,0,0,2.333333333333333,0,1.8822222222222225,0,1,0,0,0,1,0,1,0,0,,,0,0,1,0,0,1,0,0,0,0,0,0,0,,Philippines,PHL,Asia,14.590622,120.97997,162.3,1600000.0,109581085.0,12.0,96.0,159.6,25.4,40.7
Manila,JY-Xyiept88,Manila_JY-Xyiept88,21520,True,2,2,1,0,0,,,0,1.275,0.487,0.0,0,0,0,0,0,0,0,0,0,0,0,0,0,0,0,0,0,shine,Day,0,0,0,0,0,0,0.3333333333333333,0,1.893333333333333,0,1,0,0,0,0,0,1,0,0,,,0,0,0,0,0,0,0,0,0,0,0,0,0,,Philippines,PHL,Asia,14.590622,120.97997,162.3,1600000.0,109581085.0,12.0,96.0,159.6,25.4,40.7
Manila,JY-Xyiept88,Manila_JY-Xyiept88,21526,True,0,0,1,0,0,male,37.0,0,1.842,0.704,,0,0,0,0,0,0,0,0,0,0,0,0,0,0,0,0,0,shine,Day,0,0,0,0,0,0,0.0,0,1.89,0,0,0,0,0,0,0,0,0,0,,,0,0,0,0,0,0,0,0,0,0,0,0,0,,Philippines,PHL,Asia,14.590622,120.97997,162.3,1600000.0,109581085.0,12.0,96.0,159.6,25.4,40.7
Manila,JY-Xyiept88,Manila_JY-Xyiept88,21530,True,2,3,1,0,0,,,0,1.785,1.771,0.0,0,0,0,0,0,0,0,0,0,0,0,0,0,0,0,0,0,shine,Day,0,0,0,0,0,0,3.6666666666666665,0,1.9266666666666663,0,1,0,0,0,0,0,1,0,0,,,0,0,1,0,0,1,0,0,0,0,0,0,0,,Philippines,PHL,Asia,14.590622,120.97997,162.3,1600000.0,109581085.0,12.0,96.0,159.6,25.4,40.7
Manila,JY-Xyiept88,Manila_JY-Xyiept88,21539,True,1,2,1,0,0,male,28.0,0,2.043,2.047,,0,0,0,0,0,0,0,0,0,0,0,0,0,0,0,0,0,shine,Day,0,0,0,0,0,0,2.5,0,1.9083333333333328,0,1,0,0,0,1,0,1,0,0,,,0,0,1,0,0,1,0,0,0,0,0,0,0,,Philippines,PHL,Asia,14.590622,120.97997,162.3,1600000.0,109581085.0,12.0,96.0,159.6,25.4,40.7
Manila,JY-Xyiept88,Manila_JY-Xyiept88,21541,True,1,1,1,0,0,female,49.0,0,1.566,1.061,0.0,0,0,0,0,0,0,0,0,0,0,0,0,0,0,0,0,0,shine,Day,0,0,0,0,0,0,3.0,0,1.92,0,1,0,0,0,0,0,1,0,0,,,0,0,1,0,0,1,0,0,0,0,0,0,0,,Philippines,PHL,Asia,14.590622,120.97997,162.3,1600000.0,109581085.0,12.0,96.0,159.6,25.4,40.7
Manila,JY-Xyiept88,Manila_JY-Xyiept88,21561,True,0,0,1,0,0,male,32.0,0,0.928,0.316,0.0,0,0,0,0,0,0,0,0,0,0,0,1,0,0,0,0,0,sunrise,Day,0,0,0,0,0,0,4.0,0,1.91,0,0,0,0,0,0,0,1,0,0,,,0,0,1,0,0,1,0,0,0,0,0,0,0,,Philippines,PHL,Asia,14.590622,120.97997,162.3,1600000.0,109581085.0,12.0,96.0,159.6,25.4,40.7
Manila,JY-Xyiept88,Manila_JY-Xyiept88,21616,True,0,1,1,0,0,male,27.0,0,2.534,2.883,0.0,0,0,0,0,0,0,0,0,0,0,0,0,0,0,0,0,0,rain,Day,0,0,0,0,0,0,3.4,0,1.944,0,0,0,0,0,0,0,0,0,0,,,0,0,1,0,0,0,0,0,0,0,0,0,0,,Philippines,PHL,Asia,14.590622,120.97997,162.3,1600000.0,109581085.0,12.0,96.0,159.6,25.4,40.7
Manila,JY-Xyiept88,Manila_JY-Xyiept88,21676,True,0,1,1,0,0,,,0,3.138,3.638,0.0,0,0,0,0,0,0,0,0,0,0,0,0,0,0,0,0,0,rain,Day,0,0,0,0,0,0,3.5,0,1.96,0,0,0,0,0,0,0,0,0,0,,,0,0,1,0,0,0,0,0,0,0,0,0,0,,Philippines,PHL,Asia,14.590622,120.97997,162.3,1600000.0,109581085.0,12.0,96.0,159.6,25.4,40.7
Manila,JY-Xyiept88,Manila_JY-Xyiept88,21805,True,0,1,1,0,0,,,0,3.155,2.421,0.0,0,0,0,0,0,0,0,0,0,0,0,0,0,0,0,0,0,rain,Day,0,0,0,0,0,0,3.8,0,1.77,0,0,0,0,0,1,0,1,0,0,,,0,0,1,0,0,0,0,0,0,0,0,0,0,,Philippines,PHL,Asia,14.590622,120.97997,162.3,1600000.0,109581085.0,12.0,96.0,159.6,25.4,40.7
Manila,JY-Xyiept88,Manila_JY-Xyiept88,21844,True,1,1,1,0,0,female,48.0,0,3.04,2.971,0.0,0,0,0,0,0,0,0,0,0,0,0,0,0,0,0,0,0,cloudy,Day,0,0,0,0,0,0,4.333333333333333,0,1.843333333333333,0,0,0,0,0,1,0,1,0,0,,,0,0,1,0,0,0,0,0,0,0,0,0,0,,Philippines,PHL,Asia,14.590622,120.97997,162.3,1600000.0,109581085.0,12.0,96.0,159.6,25.4,40.7
Manila,JY-Xyiept88,Manila_JY-Xyiept88,22130,True,1,2,1,0,0,male,30.0,0,1.542,1.51,0.0,0,0,0,0,0,0,0,0,0,0,0,0,0,0,0,0,0,rain,Day,0,0,0,0,0,0,3.8333333333333335,0,1.875,0,0,0,0,0,0,0,0,0,0,,,0,0,1,1,0,0,0,0,0,0,1,0,0,,Philippines,PHL,Asia,14.590622,120.97997,162.3,1600000.0,109581085.0,12.0,96.0,159.6,25.4,40.7
Manila,JY-Xyiept88,Manila_JY-Xyiept88,22268,True,1,2,1,0,0,female,36.0,0,1.385,1.363,0.0,0,0,1,0,0,0,0,0,0,0,0,0,0,0,0,0,0,rain,Day,0,0,0,0,0,0,4.5,0,1.895,0,0,0,0,0,0,0,0,0,0,,,0,0,1,0,0,0,0,0,0,0,0,0,0,,Philippines,PHL,Asia,14.590622,120.97997,162.3,1600000.0,109581085.0,12.0,96.0,159.6,25.4,40.7
Manila,JY-Xyiept88,Manila_JY-Xyiept88,22359,True,2,3,1,0,0,male,28.0,0,1.671,1.645,0.0,0,0,0,0,0,0,0,0,0,0,0,1,0,0,0,0,0,rain,Day,0,0,0,0,0,0,3.8,0,1.906,0,0,0,0,0,0,0,1,0,0,,,0,0,1,1,0,0,0,0,0,0,1,0,0,,Philippines,PHL,Asia,14.590622,120.97997,162.3,1600000.0,109581085.0,12.0,96.0,159.6,25.4,40.7
Manila,JY-Xyiept88,Manila_JY-Xyiept88,22528,True,2,1,1,0,0,male,40.0,0,0.026,0.034,0.27,0,0,0,0,1,1,0,0,0,0,0,0,0,0,0,0,0,rain,Day,0,0,0,0,0,0,6.111111111111111,0,1.8866666666666667,0,0,0,0,0,0,1,1,0,0,,,0,0,1,1,0,1,0,1,0,1,1,0,0,,Philippines,PHL,Asia,14.590622,120.97997,162.3,1600000.0,109581085.0,12.0,96.0,159.6,25.4,40.7
Manila,JY-Xyiept88,Manila_JY-Xyiept88,22569,True,3,1,1,0,0,male,36.0,0,1.294,1.351,0.0,1,0,0,0,0,0,0,0,0,0,0,1,0,0,0,0,0,rain,Day,0,0,0,0,0,0,4.333333333333333,0,1.9316666666666664,0,0,0,0,0,0,0,1,0,0,,,0,0,1,1,0,1,0,0,0,1,1,0,0,,Philippines,PHL,Asia,14.590622,120.97997,162.3,1600000.0,109581085.0,12.0,96.0,159.6,25.4,40.7
Manila,JY-Xyiept88,Manila_JY-Xyiept88,23148,True,0,0,1,0,0,,,0,4.384,4.589,0.0,0,0,0,0,0,0,0,0,0,0,0,0,0,0,0,0,0,rain,Day,0,0,0,0,0,0,7.2,0,1.83,0,0,0,0,0,0,1,1,0,0,,,0,0,0,1,0,1,0,0,0,0,1,0,0,,Philippines,PHL,Asia,14.590622,120.97997,162.3,1600000.0,109581085.0,12.0,96.0,159.6,25.4,40.7
Manila,JY-Xyiept88,Manila_JY-Xyiept88,23151,True,2,3,1,0,0,male,35.0,0,0.877,0.879,0.0,0,0,0,0,1,1,0,0,0,0,0,1,0,0,0,0,0,rain,Day,0,0,0,0,0,0,5.0,0,1.885555555555556,0,0,0,0,0,0,1,1,0,0,,,0,1,1,1,0,1,0,1,0,0,1,1,0,,Philippines,PHL,Asia,14.590622,120.97997,162.3,1600000.0,109581085.0,12.0,96.0,159.6,25.4,40.7
Manila,JY-Xyiept88,Manila_JY-Xyiept88,23171,True,3,4,1,0,0,male,34.0,0,0.915,0.742,0.0,0,0,0,0,1,0,0,0,0,0,1,0,0,0,0,0,0,rain,Day,0,0,0,0,0,0,6.333333333333333,0,2.0033333333333334,0,1,0,0,0,0,1,1,0,0,,,0,1,0,0,0,1,0,0,0,0,0,1,0,,Philippines,PHL,Asia,14.590622,120.97997,162.3,1600000.0,109581085.0,12.0,96.0,159.6,25.4,40.7
Manila,JY-Xyiept88,Manila_JY-Xyiept88,23184,True,3,3,1,0,0,female,58.0,0,1.364,0.473,0.0,1,0,0,0,1,0,0,0,0,0,0,1,1,0,0,0,0,rain,Day,0,0,0,0,0,0,3.75,0,1.9625,0,0,0,0,0,0,1,1,0,0,,,0,1,1,0,0,0,0,1,0,0,0,1,0,,Philippines,PHL,Asia,14.590622,120.97997,162.3,1600000.0,109581085.0,12.0,96.0,159.6,25.4,40.7
Manila,JY-Xyiept88,Manila_JY-Xyiept88,23306,True,1,2,1,0,0,male,34.0,0,2.135,2.158,,0,0,0,0,1,0,0,0,0,0,0,1,0,0,0,0,0,rain,Day,0,0,0,0,0,0,4.833333333333333,0,1.94,0,0,0,0,0,0,0,1,0,0,,,0,1,1,1,0,0,0,1,0,1,0,0,0,,Philippines,PHL,Asia,14.590622,120.97997,162.3,1600000.0,109581085.0,12.0,96.0,159.6,25.4,40.7
Manila,JY-Xyiept88,Manila_JY-Xyiept88,23427,True,0,1,1,0,0,male,31.0,0,1.195,1.281,0.13,0,0,0,0,0,0,0,0,0,0,0,0,0,0,0,0,0,shine,Day,0,0,0,0,0,0,5.2,0,1.992,0,0,0,0,0,0,0,1,0,0,,,0,0,1,0,0,0,0,0,0,1,0,0,0,,Philippines,PHL,Asia,14.590622,120.97997,162.3,1600000.0,109581085.0,12.0,96.0,159.6,25.4,40.7
Manila,JY-Xyiept88,Manila_JY-Xyiept88,23431,True,1,1,1,0,0,female,46.0,0,1.316,1.471,0.0,0,0,0,0,1,1,0,0,0,0,1,0,0,0,0,0,0,rain,Day,0,0,0,0,0,0,4.0,0,2.063333333333333,0,0,0,0,0,0,1,1,0,0,,,0,0,0,0,0,0,0,0,0,1,0,0,0,,Philippines,PHL,Asia,14.590622,120.97997,162.3,1600000.0,109581085.0,12.0,96.0,159.6,25.4,40.7
Manila,JY-Xyiept88,Manila_JY-Xyiept88,23719,True,1,1,1,0,0,male,32.0,0,1.069,1.011,0.0,0,0,0,0,0,0,0,0,0,0,0,0,0,0,0,0,0,shine,Day,0,0,0,0,0,0,4.454545454545454,0,1.9545454545454544,0,0,0,0,0,0,0,1,0,0,,,0,0,1,0,0,0,0,0,0,0,0,0,0,,Philippines,PHL,Asia,14.590622,120.97997,162.3,1600000.0,109581085.0,12.0,96.0,159.6,25.4,40.7
Manila,JY-Xyiept88,Manila_JY-Xyiept88,23726,True,1,1,1,0,0,male,29.0,0,1.156,1.513,0.0,1,0,0,0,1,0,0,0,0,0,0,1,0,0,0,0,0,shine,Day,0,0,0,0,0,0,3.0,0,2.145,0,0,0,0,0,0,0,1,0,0,,,0,0,1,0,0,0,0,0,0,0,0,0,0,,Philippines,PHL,Asia,14.590622,120.97997,162.3,1600000.0,109581085.0,12.0,96.0,159.6,25.4,40.7
Manila,JY-Xyiept88,Manila_JY-Xyiept88,24257,True,1,1,1,0,0,,,0,3.717,3.732,0.0,0,0,0,0,0,0,0,0,0,0,0,0,0,0,0,0,0,shine,Day,0,0,0,0,0,0,3.6,0,2.044,0,0,0,0,0,0,0,1,0,0,,,0,0,1,0,0,0,0,0,0,0,0,0,0,,Philippines,PHL,Asia,14.590622,120.97997,162.3,1600000.0,109581085.0,12.0,96.0,159.6,25.4,40.7
Manila,JY-Xyiept88,Manila_JY-Xyiept88,24318,True,1,1,1,0,0,,,0,2.6,2.697,0.0,0,0,0,0,1,0,0,0,0,0,1,0,1,0,0,0,0,shine,Day,0,0,0,0,0,0,3.0,0,2.01,0,0,0,0,0,1,0,1,0,0,,,0,0,1,0,0,0,0,0,0,0,0,0,0,,Philippines,PHL,Asia,14.590622,120.97997,162.3,1600000.0,109581085.0,12.0,96.0,159.6,25.4,40.7
Manila,JY-Xyiept88,Manila_JY-Xyiept88,24381,True,1,1,1,0,0,male,32.0,0,1.148,1.13,0.0,0,0,0,0,1,1,0,0,0,0,1,0,0,0,0,0,0,shine,Day,0,0,0,0,0,0,5.0,0,1.962,0,0,0,0,0,1,0,1,0,0,,,0,0,1,0,0,1,0,0,0,0,0,0,0,,Philippines,PHL,Asia,14.590622,120.97997,162.3,1600000.0,109581085.0,12.0,96.0,159.6,25.4,40.7
Manila,JY-Xyiept88,Manila_JY-Xyiept88,24390,True,1,2,1,0,0,male,30.0,0,2.852,3.061,0.0,0,0,0,0,0,0,0,0,0,0,0,0,0,0,0,0,0,shine,Day,0,0,0,0,0,0,5.0,0,1.9566666666666668,0,0,0,0,0,0,0,1,0,0,,,0,0,1,0,0,1,0,0,0,0,0,0,0,,Philippines,PHL,Asia,14.590622,120.97997,162.3,1600000.0,109581085.0,12.0,96.0,159.6,25.4,40.7
Manila,JY-Xyiept88,Manila_JY-Xyiept88,24415,True,1,1,1,0,0,female,34.0,0,1.783,1.781,0.0,0,0,1,0,1,0,0,0,0,0,0,1,0,0,0,0,0,shine,Day,0,0,0,0,0,0,4.25,0,1.8875,0,0,0,0,0,0,0,1,0,0,,,0,0,1,0,0,0,0,0,0,0,0,0,0,,Philippines,PHL,Asia,14.590622,120.97997,162.3,1600000.0,109581085.0,12.0,96.0,159.6,25.4,40.7
Manila,JY-Xyiept88,Manila_JY-Xyiept88,24450,True,1,1,1,0,0,male,28.0,0,1.347,1.418,,0,0,0,1,0,0,0,0,0,0,0,0,0,0,0,0,0,shine,Day,0,0,0,0,0,0,3.0,0,1.94,0,1,0,0,0,0,0,1,0,0,,,0,0,1,0,0,0,0,0,0,0,0,0,0,,Philippines,PHL,Asia,14.590622,120.97997,162.3,1600000.0,109581085.0,12.0,96.0,159.6,25.4,40.7
Manila,JY-Xyiept88,Manila_JY-Xyiept88,24861,True,1,1,1,0,0,male,31.0,0,0.919,0.875,0.0,1,0,0,0,1,1,0,0,0,0,0,1,0,0,0,0,0,shine,Day,0,0,0,0,0,0,3.1818181818181817,0,1.84,0,0,0,0,0,0,0,1,0,0,,,0,0,1,0,0,0,0,1,0,0,0,0,0,,Philippines,PHL,Asia,14.590622,120.97997,162.3,1600000.0,109581085.0,12.0,96.0,159.6,25.4,40.7
Manila,JY-Xyiept88,Manila_JY-Xyiept88,25119,True,0,2,1,0,0,,,0,0.956,1.212,0.0,0,1,0,0,1,0,0,0,0,0,0,1,0,0,0,0,0,shine,Day,0,0,0,0,0,0,8.0,0,1.7875,0,0,0,0,0,1,0,1,0,0,,,0,0,1,0,0,0,0,0,0,0,0,0,0,,Philippines,PHL,Asia,14.590622,120.97997,162.3,1600000.0,109581085.0,12.0,96.0,159.6,25.4,40.7
Manila,JY-Xyiept88,Manila_JY-Xyiept88,25142,True,2,2,1,0,0,,,0,1.114,1.03,0.0,0,1,0,0,0,0,0,0,0,0,0,0,0,0,0,0,0,rain,Day,0,0,0,0,0,0,8.0,0,1.82,0,1,0,0,0,1,0,1,0,0,,,0,0,1,0,0,0,0,0,0,1,0,0,0,,Philippines,PHL,Asia,14.590622,120.97997,162.3,1600000.0,109581085.0,12.0,96.0,159.6,25.4,40.7
Manila,JY-Xyiept88,Manila_JY-Xyiept88,25199,True,0,1,1,0,0,,,0,5.243,5.371,0.0,0,0,0,0,0,0,0,0,0,0,0,0,0,0,0,0,0,rain,Day,0,0,0,0,0,0,8.0,0,1.7133333333333332,0,0,0,0,0,0,0,1,0,0,,,0,0,1,0,0,0,0,0,0,0,0,0,0,,Philippines,PHL,Asia,14.590622,120.97997,162.3,1600000.0,109581085.0,12.0,96.0,159.6,25.4,40.7
Manila,JY-Xyiept88,Manila_JY-Xyiept88,25204,True,2,1,1,0,0,,,0,2.392,2.248,0.0,0,0,0,1,0,0,0,1,0,0,0,0,0,0,0,0,0,rain,Day,0,0,0,0,0,0,8.0,0,1.77,0,0,0,0,0,0,0,1,0,0,,,0,0,1,0,0,0,0,0,0,0,0,0,0,,Philippines,PHL,Asia,14.590622,120.97997,162.3,1600000.0,109581085.0,12.0,96.0,159.6,25.4,40.7
Manila,JY-Xyiept88,Manila_JY-Xyiept88,25220,True,1,1,1,0,0,male,28.0,0,1.43,1.953,0.0,0,0,0,0,0,0,0,0,0,0,0,0,0,0,0,0,0,rain,Day,0,0,0,0,0,0,6.333333333333333,0,1.9016666666666664,0,0,0,0,0,0,0,1,0,0,,,0,0,1,0,0,0,0,0,0,0,0,0,0,,Philippines,PHL,Asia,14.590622,120.97997,162.3,1600000.0,109581085.0,12.0,96.0,159.6,25.4,40.7
Manila,JY-Xyiept88,Manila_JY-Xyiept88,25352,True,1,2,1,0,0,,,0,1.088,0.973,0.0,0,0,0,0,0,0,0,0,0,0,0,0,0,0,0,0,0,shine,Day,0,0,0,0,0,0,5.8,0,1.906,0,1,0,0,0,0,0,1,0,0,,,0,0,1,0,0,0,0,0,0,0,0,0,0,,Philippines,PHL,Asia,14.590622,120.97997,162.3,1600000.0,109581085.0,12.0,96.0,159.6,25.4,40.7
Manila,JY-Xyiept88,Manila_JY-Xyiept88,25450,True,3,2,1,0,0,female,36.0,0,1.199,0.926,0.0,0,0,0,0,0,0,0,0,0,0,0,0,0,0,0,0,0,shine,Day,0,0,0,0,0,0,3.6666666666666665,0,1.7866666666666666,0,1,0,0,0,0,0,1,0,0,,,0,0,1,0,0,0,0,0,0,0,0,0,0,,Philippines,PHL,Asia,14.590622,120.97997,162.3,1600000.0,109581085.0,12.0,96.0,159.6,25.4,40.7
Manila,JY-Xyiept88,Manila_JY-Xyiept88,25573,True,2,2,1,0,0,,,0,2.442,1.178,0.0,0,0,0,0,0,0,0,0,0,0,0,0,0,0,0,0,0,shine,Day,0,0,0,0,0,0,2.2857142857142856,0,1.88,0,1,0,0,0,0,0,1,0,0,,,0,0,1,0,0,0,0,0,0,0,0,0,0,,Philippines,PHL,Asia,14.590622,120.97997,162.3,1600000.0,109581085.0,12.0,96.0,159.6,25.4,40.7
Manila,JY-Xyiept88,Manila_JY-Xyiept88,26526,True,0,0,0,1,0,,,0,1.368,0.645,0.0,0,0,0,0,0,0,0,0,0,0,0,0,0,0,0,0,0,rain,Day,0,0,0,0,0,0,7.2,0,2.032,0,0,0,0,0,0,0,1,0,0,,,0,1,1,1,0,0,0,1,0,0,1,0,0,,Philippines,PHL,Asia,14.590622,120.97997,162.3,1600000.0,109581085.0,12.0,96.0,159.6,25.4,40.7
Manila,JY-Xyiept88,Manila_JY-Xyiept88,26972,True,1,1,1,0,0,,,0,7.347,,0.0,0,0,0,0,0,0,0,0,0,0,0,0,0,0,0,0,0,shine,Day,0,0,0,0,0,0,6.0,0,1.61,0,1,0,0,0,0,0,1,0,0,,,0,1,1,0,0,0,0,1,0,0,0,1,0,,Philippines,PHL,Asia,14.590622,120.97997,162.3,1600000.0,109581085.0,12.0,96.0,159.6,25.4,40.7
Manila,JY-Xyiept88,Manila_JY-Xyiept88,27144,True,1,1,1,0,0,,,0,7.624,,0.0,0,0,0,0,0,0,0,0,0,0,0,0,0,0,0,0,0,shine,Day,0,0,0,0,0,0,3.0,0,2.01,0,1,0,0,0,0,0,1,0,0,,,0,0,1,0,0,0,0,1,0,0,0,0,0,,Philippines,PHL,Asia,14.590622,120.97997,162.3,1600000.0,109581085.0,12.0,96.0,159.6,25.4,40.7
Manila,JY-Xyiept88,Manila_JY-Xyiept88,27158,True,0,1,1,0,0,female,38.0,0,1.196,1.102,,0,0,1,0,0,1,0,0,0,0,0,1,0,0,0,0,0,shine,Day,0,0,0,0,0,0,3.5,0,1.84,0,1,0,0,0,0,0,1,0,0,,,0,1,1,0,0,0,0,1,0,0,0,0,0,,Philippines,PHL,Asia,14.590622,120.97997,162.3,1600000.0,109581085.0,12.0,96.0,159.6,25.4,40.7
Manila,JY-Xyiept88,Manila_JY-Xyiept88,27170,True,1,1,1,0,0,male,40.0,0,1.276,1.144,,1,0,0,0,0,1,0,0,0,0,0,1,0,0,0,0,0,shine,Day,0,0,0,0,0,0,4.0,0,1.79,0,1,0,0,0,0,0,1,0,0,,,0,1,1,0,0,0,0,1,0,0,0,0,0,,Philippines,PHL,Asia,14.590622,120.97997,162.3,1600000.0,109581085.0,12.0,96.0,159.6,25.4,40.7
Manila,JY-Xyiept88,Manila_JY-Xyiept88,27304,True,0,0,1,0,0,,,0,2.016,1.512,0.0,0,0,0,0,1,1,0,0,0,0,1,0,0,0,0,0,0,shine,Day,0,0,0,0,0,0,4.0,0,1.84,0,1,0,0,0,1,0,1,0,0,,,0,1,1,0,0,0,0,1,0,0,0,0,0,,Philippines,PHL,Asia,14.590622,120.97997,162.3,1600000.0,109581085.0,12.0,96.0,159.6,25.4,40.7
Manila,JY-Xyiept88,Manila_JY-Xyiept88,27348,True,1,1,1,0,0,,,0,2.179,1.983,0.0,0,0,0,0,1,0,0,0,0,0,0,0,0,0,0,0,0,shine,Day,0,0,0,0,0,0,3.6666666666666665,0,1.7766666666666666,0,1,0,0,0,1,0,1,0,0,,,0,1,1,0,0,0,0,1,0,0,0,1,0,,Philippines,PHL,Asia,14.590622,120.97997,162.3,1600000.0,109581085.0,12.0,96.0,159.6,25.4,40.7
Manila,JY-Xyiept88,Manila_JY-Xyiept88,27355,True,1,1,1,0,0,,,0,1.493,2.426,0.0,0,0,0,0,0,0,0,0,0,0,0,1,0,0,0,0,0,shine,Day,0,0,0,0,0,0,6.0,0,1.906,0,1,0,0,0,1,0,1,0,0,,,0,1,1,1,0,1,0,1,0,0,0,1,0,,Philippines,PHL,Asia,14.590622,120.97997,162.3,1600000.0,109581085.0,12.0,96.0,159.6,25.4,40.7
Manila,JY-Xyiept88,Manila_JY-Xyiept88,27358,True,0,1,1,0,0,,,0,2.236,1.756,0.0,0,0,1,0,1,1,0,0,0,0,1,1,1,0,0,0,0,shine,Day,0,0,0,0,0,0,4.0,0,1.83,0,1,0,0,0,0,0,1,0,0,,,0,1,1,0,0,0,0,1,0,0,0,0,0,,Philippines,PHL,Asia,14.590622,120.97997,162.3,1600000.0,109581085.0,12.0,96.0,159.6,25.4,40.7
Manila,JY-Xyiept88,Manila_JY-Xyiept88,27382,True,1,1,1,0,0,,,0,2.418,1.67,0.0,0,0,0,0,1,0,0,0,0,0,0,1,0,0,0,0,0,shine,Day,0,0,0,0,0,0,6.0,0,1.8233333333333333,0,1,0,0,0,1,0,1,0,0,,,0,1,1,0,0,1,0,1,0,0,0,0,0,,Philippines,PHL,Asia,14.590622,120.97997,162.3,1600000.0,109581085.0,12.0,96.0,159.6,25.4,40.7
Manila,JY-Xyiept88,Manila_JY-Xyiept88,27407,True,0,0,1,0,0,,,0,1.907,1.737,0.0,0,0,0,0,0,1,0,0,0,0,0,0,0,0,0,0,0,shine,Day,0,0,0,0,0,0,6.0,0,1.8066666666666664,0,1,0,0,0,1,0,1,0,0,,,0,1,1,1,0,0,0,1,0,0,0,1,0,,Philippines,PHL,Asia,14.590622,120.97997,162.3,1600000.0,109581085.0,12.0,96.0,159.6,25.4,40.7
Manila,JY-Xyiept88,Manila_JY-Xyiept88,27441,True,0,0,1,0,0,,,0,2.113,1.633,0.0,0,0,1,0,0,1,0,0,0,0,0,1,0,0,0,0,0,shine,Day,0,0,0,0,0,0,6.0,0,1.63,0,0,0,0,0,0,0,1,0,0,,,0,1,1,0,0,0,0,1,0,0,0,1,0,,Philippines,PHL,Asia,14.590622,120.97997,162.3,1600000.0,109581085.0,12.0,96.0,159.6,25.4,40.7
Manila,JY-Xyiept88,Manila_JY-Xyiept88,27443,True,0,0,1,0,0,male,30.0,0,2.059,1.877,0.0,0,0,1,0,1,1,0,0,0,0,0,0,0,1,0,0,0,shine,Day,0,0,0,0,0,0,4.0,0,1.893333333333333,0,1,0,0,0,0,0,1,0,0,,,0,1,1,0,0,0,0,1,0,0,0,1,0,,Philippines,PHL,Asia,14.590622,120.97997,162.3,1600000.0,109581085.0,12.0,96.0,159.6,25.4,40.7
Manila,JY-Xyiept88,Manila_JY-Xyiept88,27461,True,0,0,1,0,0,male,30.0,0,0.518,0.013,1.27,0,0,1,0,0,0,0,0,0,0,0,0,0,0,0,0,0,shine,Day,0,0,0,0,0,0,2.0,0,2.1,0,1,0,0,0,0,0,1,0,0,,,0,0,1,0,0,0,0,1,0,0,0,0,0,,Philippines,PHL,Asia,14.590622,120.97997,162.3,1600000.0,109581085.0,12.0,96.0,159.6,25.4,40.7
Manila,JY-Xyiept88,Manila_JY-Xyiept88,27545,True,1,1,1,0,0,male,33.0,0,1.296,0.399,0.0,0,0,0,0,0,0,0,0,0,0,0,0,0,0,0,0,0,rain,Day,0,0,0,0,0,0,4.833333333333333,0,1.5599999999999998,0,1,0,0,0,1,0,1,0,0,,,0,1,1,0,0,0,0,1,0,0,0,0,0,,Philippines,PHL,Asia,14.590622,120.97997,162.3,1600000.0,109581085.0,12.0,96.0,159.6,25.4,40.7
Manila,JY-Xyiept88,Manila_JY-Xyiept88,27578,True,0,0,1,1,0,male,35.0,0,0.678,1.05,0.0,0,0,0,0,0,0,0,0,0,0,0,0,0,0,0,0,0,rain,Day,0,0,0,0,0,0,3.5,0,1.655,0,1,0,0,0,0,0,1,0,0,,,0,0,1,0,0,0,0,1,0,0,0,0,0,,Philippines,PHL,Asia,14.590622,120.97997,162.3,1600000.0,109581085.0,12.0,96.0,159.6,25.4,40.7
Manila,JY-Xyiept88,Manila_JY-Xyiept88,27584,True,0,0,1,1,0,female,70.0,0,2.359,5.041,0.0,0,1,0,0,0,1,0,0,0,0,0,0,0,0,0,0,0,shine,Day,0,0,0,0,0,0,3.0,0,1.25,0,1,0,0,0,0,0,0,0,0,,,0,0,1,0,0,0,0,0,0,0,0,0,0,,Philippines,PHL,Asia,14.590622,120.97997,162.3,1600000.0,109581085.0,12.0,96.0,159.6,25.4,40.7
Manila,JY-Xyiept88,Manila_JY-Xyiept88,27600,True,1,1,1,1,0,male,28.0,0,1.128,1.464,0.0,0,0,0,0,0,0,0,0,0,0,0,0,0,0,0,0,0,shine,Day,0,0,0,0,0,0,3.0,0,1.53,0,1,0,0,0,0,0,0,0,0,,,0,0,1,0,0,0,0,0,0,0,0,0,0,,Philippines,PHL,Asia,14.590622,120.97997,162.3,1600000.0,109581085.0,12.0,96.0,159.6,25.4,40.7
Manila,JY-Xyiept88,Manila_JY-Xyiept88,27620,True,1,2,1,1,0,female,40.0,0,0.642,0.308,0.0,0,0,0,0,0,0,0,0,0,0,0,1,0,0,0,0,0,shine,Day,0,0,0,0,0,0,2.0,0,1.0,0,1,0,0,0,0,0,0,0,0,,,0,0,1,0,0,0,0,0,0,0,0,0,0,,Philippines,PHL,Asia,14.590622,120.97997,162.3,1600000.0,109581085.0,12.0,96.0,159.6,25.4,40.7
Manila,JY-Xyiept88,Manila_JY-Xyiept88,27806,True,0,0,1,0,0,female,33.0,0,1.123,2.501,,0,0,0,0,1,0,0,0,0,0,0,0,0,0,0,0,0,rain,Day,0,0,0,0,0,0,3.6,0,1.874,0,1,0,0,0,0,0,1,0,0,,,0,1,1,0,0,0,0,1,0,0,0,1,0,,Philippines,PHL,Asia,14.590622,120.97997,162.3,1600000.0,109581085.0,12.0,96.0,159.6,25.4,40.7
Manila,JY-Xyiept88,Manila_JY-Xyiept88,27883,True,0,0,1,0,0,,,0,2.401,1.855,0.0,0,0,0,0,1,0,0,0,0,0,1,0,0,0,0,0,0,shine,Day,0,0,0,0,0,0,0.5,0,1.97,0,1,0,0,0,0,0,1,0,0,,,0,0,0,0,0,0,0,0,0,0,0,0,0,,Philippines,PHL,Asia,14.590622,120.97997,162.3,1600000.0,109581085.0,12.0,96.0,159.6,25.4,40.7
Manila,JY-Xyiept88,Manila_JY-Xyiept88,27981,True,0,1,1,0,0,,,0,0.996,2.505,0.0,0,0,0,0,0,0,0,0,0,0,0,0,0,0,0,0,0,rain,Day,0,0,0,0,0,0,2.8,0,1.4620000000000002,0,1,0,0,0,0,0,1,0,0,,,0,0,1,0,0,0,0,1,0,0,0,0,0,,Philippines,PHL,Asia,14.590622,120.97997,162.3,1600000.0,109581085.0,12.0,96.0,159.6,25.4,40.7
Manila,JY-Xyiept88,Manila_JY-Xyiept88,28142,True,2,2,0,0,0,,,0,1.505,,0.0,0,0,0,0,0,0,0,0,0,0,0,0,0,0,0,0,0,shine,Day,0,0,0,0,0,0,8.0,0,1.94,0,1,0,0,0,0,0,1,0,0,,,0,0,0,0,0,0,0,0,0,0,0,0,0,,Philippines,PHL,Asia,14.590622,120.97997,162.3,1600000.0,109581085.0,12.0,96.0,159.6,25.4,40.7
Manila,JY-Xyiept88,Manila_JY-Xyiept88,28148,True,1,2,0,0,0,female,58.0,0,1.163,1.358,0.0,0,0,0,1,0,0,0,0,0,0,0,0,0,0,0,0,0,shine,Day,0,0,0,0,0,0,5.571428571428571,0,1.7671428571428571,0,1,0,0,0,0,0,1,0,0,,,0,0,1,0,0,0,0,1,0,0,0,0,0,,Philippines,PHL,Asia,14.590622,120.97997,162.3,1600000.0,109581085.0,12.0,96.0,159.6,25.4,40.7
Manila,JY-Xyiept88,Manila_JY-Xyiept88,28566,True,0,1,0,0,0,,,0,6.039,6.014,0.0,0,0,0,0,0,0,0,0,0,0,0,0,0,0,0,0,0,shine,Day,0,0,0,0,0,0,7.5,0,1.8125,0,1,0,0,0,0,0,1,0,0,,,0,0,1,0,0,0,0,1,0,1,0,0,0,,Philippines,PHL,Asia,14.590622,120.97997,162.3,1600000.0,109581085.0,12.0,96.0,159.6,25.4,40.7
Manila,JY-Xyiept88,Manila_JY-Xyiept88,28772,True,0,1,0,0,0,,,0,0.368,0.299,0.0,0,0,1,0,0,0,0,0,0,0,0,1,0,0,0,0,0,shine,Day,0,0,0,0,0,0,2.5,0,1.731666666666667,0,0,0,0,0,0,0,1,0,0,,,0,0,0,0,0,0,0,1,0,0,0,0,0,,Philippines,PHL,Asia,14.590622,120.97997,162.3,1600000.0,109581085.0,12.0,96.0,159.6,25.4,40.7
Manila,JY-Xyiept88,Manila_JY-Xyiept88,28811,True,1,1,1,0,0,male,42.0,0,0.46,0.453,0.0,0,0,0,0,0,0,0,0,0,0,0,1,0,0,0,0,0,shine,Day,0,0,0,0,0,0,2.0,0,1.5833333333333333,0,1,0,0,0,0,0,1,0,0,,,0,0,0,0,0,0,0,1,0,0,0,0,0,,Philippines,PHL,Asia,14.590622,120.97997,162.3,1600000.0,109581085.0,12.0,96.0,159.6,25.4,40.7
Manila,JY-Xyiept88,Manila_JY-Xyiept88,28834,True,4,4,1,1,0,,,0,0.463,0.453,0.0,0,0,1,0,0,0,0,0,0,0,0,1,0,0,0,0,0,shine,Day,0,0,0,0,0,0,3.0,0,1.7166666666666668,0,1,0,0,0,0,1,1,0,0,,,0,0,0,0,0,0,0,1,0,0,0,0,0,,Philippines,PHL,Asia,14.590622,120.97997,162.3,1600000.0,109581085.0,12.0,96.0,159.6,25.4,40.7
Manila,JY-Xyiept88,Manila_JY-Xyiept88,28885,True,3,4,1,1,0,female,42.0,0,0.782,0.915,0.0,0,0,0,0,0,0,0,0,0,0,0,0,0,0,0,0,0,shine,Day,0,0,0,0,0,0,3.75,0,1.7825000000000002,0,1,0,0,0,0,1,1,0,0,,,0,0,1,0,0,0,0,1,0,0,0,0,0,,Philippines,PHL,Asia,14.590622,120.97997,162.3,1600000.0,109581085.0,12.0,96.0,159.6,25.4,40.7
Manila,JY-Xyiept88,Manila_JY-Xyiept88,28925,True,3,4,1,1,0,female,30.0,0,1.116,0.72,0.0,0,0,0,0,0,0,0,0,0,0,0,1,0,0,0,0,0,shine,Day,0,0,0,0,0,0,3.0,0,1.7166666666666668,0,1,0,0,0,0,1,1,0,0,,,0,0,0,0,0,0,0,1,0,0,0,0,0,,Philippines,PHL,Asia,14.590622,120.97997,162.3,1600000.0,109581085.0,12.0,96.0,159.6,25.4,40.7
Manila,JY-Xyiept88,Manila_JY-Xyiept88,28928,True,0,1,1,1,0,male,32.0,0,1.69,1.281,0.0,0,0,0,0,0,0,0,0,0,0,0,0,0,0,0,0,0,shine,Day,0,0,0,0,0,0,3.0,0,1.7166666666666668,0,1,0,0,0,0,1,1,0,0,,,0,0,0,0,0,0,0,1,0,0,0,0,0,,Philippines,PHL,Asia,14.590622,120.97997,162.3,1600000.0,109581085.0,12.0,96.0,159.6,25.4,40.7
Manila,JY-Xyiept88,Manila_JY-Xyiept88,29051,True,0,0,1,0,0,,,0,1.648,1.435,0.0,0,0,0,0,0,1,0,0,0,0,0,0,0,0,0,0,0,shine,Day,0,0,0,0,0,0,6.5,0,2.025,0,1,0,0,0,0,0,1,0,0,,,0,0,1,0,0,0,0,1,0,0,0,0,0,,Philippines,PHL,Asia,14.590622,120.97997,162.3,1600000.0,109581085.0,12.0,96.0,159.6,25.4,40.7
Manila,JY-Xyiept88,Manila_JY-Xyiept88,29110,True,0,1,1,0,0,male,36.0,0,2.156,1.205,0.0,0,0,0,0,0,1,0,0,0,0,0,1,0,0,0,0,0,shine,Day,0,0,0,0,0,0,8.4,0,1.99,0,1,0,0,0,0,0,1,0,0,,,0,1,1,0,0,0,0,1,0,1,1,0,0,,Philippines,PHL,Asia,14.590622,120.97997,162.3,1600000.0,109581085.0,12.0,96.0,159.6,25.4,40.7
Manila,JY-Xyiept88,Manila_JY-Xyiept88,29113,True,0,1,1,0,0,,,0,2.345,2.245,0.0,0,1,0,0,0,0,0,0,0,0,0,1,0,0,0,0,0,shine,Day,0,0,0,0,0,0,9.666666666666666,0,1.9933333333333327,0,1,0,0,0,0,0,1,0,0,,,0,0,1,0,0,0,0,1,0,1,1,0,0,,Philippines,PHL,Asia,14.590622,120.97997,162.3,1600000.0,109581085.0,12.0,96.0,159.6,25.4,40.7
Manila,JY-Xyiept88,Manila_JY-Xyiept88,29136,True,0,0,1,0,0,,,0,1.965,0.757,0.0,0,0,0,0,0,1,0,0,0,0,0,1,1,0,0,0,0,shine,Day,0,0,0,0,0,0,10.333333333333334,0,1.9899999999999995,0,1,0,0,0,0,0,1,0,0,,,0,0,1,0,0,0,0,1,0,0,0,0,0,,Philippines,PHL,Asia,14.590622,120.97997,162.3,1600000.0,109581085.0,12.0,96.0,159.6,25.4,40.7
Manila,JY-Xyiept88,Manila_JY-Xyiept88,29137,True,1,1,1,0,0,,,0,0.278,0.221,0.73,1,0,0,0,0,0,0,1,0,0,0,1,0,0,0,0,0,shine,Day,0,0,0,0,0,0,8.0,0,1.975,0,0,0,0,0,0,0,1,0,0,,,0,0,1,0,0,0,0,1,0,0,0,0,0,,Philippines,PHL,Asia,14.590622,120.97997,162.3,1600000.0,109581085.0,12.0,96.0,159.6,25.4,40.7
Manila,JY-Xyiept88,Manila_JY-Xyiept88,29142,True,1,1,1,0,0,,,0,1.436,1.327,0.0,0,0,0,0,0,1,0,0,0,0,0,1,0,0,0,0,0,sunrise,Day,0,0,0,0,0,0,8.5,0,2.0033333333333334,0,1,0,0,0,0,0,1,0,0,,,0,0,1,0,0,0,0,1,0,0,0,0,0,,Philippines,PHL,Asia,14.590622,120.97997,162.3,1600000.0,109581085.0,12.0,96.0,159.6,25.4,40.7
Manila,JY-Xyiept88,Manila_JY-Xyiept88,29163,True,1,1,1,0,0,,,0,1.625,1.537,0.0,1,0,0,0,0,1,0,0,0,0,0,1,0,0,0,0,0,sunrise,Day,0,0,0,0,0,0,5.666666666666667,0,1.9966666666666668,0,1,0,0,0,0,0,1,0,0,,,0,0,1,0,0,0,0,1,0,0,0,0,0,,Philippines,PHL,Asia,14.590622,120.97997,162.3,1600000.0,109581085.0,12.0,96.0,159.6,25.4,40.7
Manila,JY-Xyiept88,Manila_JY-Xyiept88,29165,True,1,1,1,0,0,,,0,1.542,1.258,0.0,0,0,1,0,1,1,0,0,0,0,0,1,0,0,0,0,0,sunrise,Day,0,0,0,0,0,0,5.0,0,1.9666666666666663,0,1,0,0,0,0,0,1,0,0,,,0,0,1,0,0,0,0,1,0,0,0,0,0,,Philippines,PHL,Asia,14.590622,120.97997,162.3,1600000.0,109581085.0,12.0,96.0,159.6,25.4,40.7
Manila,JY-Xyiept88,Manila_JY-Xyiept88,29379,True,1,1,1,0,0,female,73.0,0,1.742,1.096,0.0,0,0,0,0,0,0,0,0,0,0,0,0,0,0,0,0,0,shine,Day,0,0,0,0,0,0,3.333333333333333,0,1.7833333333333334,0,1,0,0,0,0,0,1,0,0,,,0,0,0,0,0,0,0,0,0,0,0,0,0,,Philippines,PHL,Asia,14.590622,120.97997,162.3,1600000.0,109581085.0,12.0,96.0,159.6,25.4,40.7
Manila,JY-Xyiept88,Manila_JY-Xyiept88,29397,True,1,2,1,0,0,,,0,1.099,1.987,0.0,0,0,0,0,0,0,0,0,0,0,0,0,0,0,0,0,0,shine,Day,0,0,0,0,0,0,3.6666666666666665,0,1.875,0,1,0,0,0,0,0,1,0,0,,,0,0,1,0,0,0,0,1,0,0,0,0,0,,Philippines,PHL,Asia,14.590622,120.97997,162.3,1600000.0,109581085.0,12.0,96.0,159.6,25.4,40.7
Manila,JY-Xyiept88,Manila_JY-Xyiept88,30115,True,0,0,1,1,0,,,0,1.231,1.428,0.0,0,0,0,0,0,0,0,0,0,0,0,0,0,0,0,0,0,shine,Day,0,0,0,0,0,0,6.0,0,1.856666666666667,0,1,0,0,0,0,0,1,0,0,,,0,1,1,0,0,0,0,1,0,0,0,0,0,,Philippines,PHL,Asia,14.590622,120.97997,162.3,1600000.0,109581085.0,12.0,96.0,159.6,25.4,40.7
Manila,JY-Xyiept88,Manila_JY-Xyiept88,30131,True,3,3,1,1,0,,,0,1.51,6.331,0.0,0,0,0,0,0,0,0,0,0,0,0,0,0,0,0,0,0,rain,Day,0,0,0,0,0,0,7.0,0,1.89,0,1,0,0,0,0,0,1,0,0,,,0,0,1,0,0,0,0,0,0,0,0,0,0,,Philippines,PHL,Asia,14.590622,120.97997,162.3,1600000.0,109581085.0,12.0,96.0,159.6,25.4,40.7
Manila,JY-Xyiept88,Manila_JY-Xyiept88,30723,True,0,0,1,0,0,,,0,2.165,1.186,0.0,0,0,0,0,0,0,0,0,0,0,0,0,0,0,0,0,0,sunrise,Day,0,0,0,0,0,0,3.1666666666666665,0,1.5816666666666668,0,1,0,0,0,0,0,1,0,0,,,0,1,1,0,0,0,0,1,0,1,0,0,0,,Philippines,PHL,Asia,14.590622,120.97997,162.3,1600000.0,109581085.0,12.0,96.0,159.6,25.4,40.7
Manila,JY-Xyiept88,Manila_JY-Xyiept88,30894,True,0,0,1,0,0,,,0,2.114,,0.0,0,0,0,0,0,0,0,0,0,0,0,0,0,0,0,0,0,sunrise,Day,0,0,0,0,1,0,8.0,0,1.93,0,1,0,0,0,0,0,1,0,0,,,0,1,1,0,0,0,0,1,0,0,0,0,0,,Philippines,PHL,Asia,14.590622,120.97997,162.3,1600000.0,109581085.0,12.0,96.0,159.6,25.4,40.7
Manila,JY-Xyiept88,Manila_JY-Xyiept88,31190,True,1,1,1,0,0,female,58.0,0,1.525,1.38,0.0,0,0,0,0,0,0,0,0,0,0,0,0,0,0,0,0,0,sunrise,Day,0,0,0,0,0,0,6.142857142857143,0,1.957142857142857,0,1,0,0,0,0,0,1,0,0,,,0,1,0,0,0,0,0,0,0,0,0,0,0,,Philippines,PHL,Asia,14.590622,120.97997,162.3,1600000.0,109581085.0,12.0,96.0,159.6,25.4,40.7
Manila,JY-Xyiept88,Manila_JY-Xyiept88,31227,True,2,4,1,0,0,male,53.0,0,1.389,1.534,0.0,0,0,1,0,0,0,0,0,0,0,0,0,0,0,0,0,0,sunrise,Day,0,0,0,0,0,0,5.0,0,1.955,0,1,0,0,0,0,0,1,0,0,,,0,0,0,0,0,0,0,0,0,0,0,0,0,,Philippines,PHL,Asia,14.590622,120.97997,162.3,1600000.0,109581085.0,12.0,96.0,159.6,25.4,40.7
Manila,JY-Xyiept88,Manila_JY-Xyiept88,31608,True,1,2,1,0,0,,,0,0.061,0.046,0.0,0,0,0,1,0,0,0,0,0,0,0,0,0,0,0,0,0,shine,Day,0,0,0,0,0,0,7.382352941176471,0,1.9432352941176472,0,1,0,0,0,0,0,1,0,0,,,0,1,1,0,0,0,0,1,0,0,0,0,0,,Philippines,PHL,Asia,14.590622,120.97997,162.3,1600000.0,109581085.0,12.0,96.0,159.6,25.4,40.7
Manila,JY-Xyiept88,Manila_JY-Xyiept88,31644,True,3,3,1,0,0,,,0,0.089,0.059,0.0,0,0,0,0,0,0,0,0,0,0,0,0,0,0,0,0,0,shine,Day,0,0,0,0,0,0,7.5,0,1.936333333333333,0,1,0,0,0,0,0,1,0,0,,,0,0,1,0,0,0,0,1,0,0,0,0,0,,Philippines,PHL,Asia,14.590622,120.97997,162.3,1600000.0,109581085.0,12.0,96.0,159.6,25.4,40.7
Manila,JY-Xyiept88,Manila_JY-Xyiept88,31655,True,1,2,1,0,0,,,0,0.053,0.038,0.07,0,0,0,0,0,0,0,0,0,0,0,0,0,0,0,0,0,shine,Day,0,0,0,0,0,0,5.0,0,2.03,0,1,0,0,0,0,0,1,0,0,,,0,0,1,0,0,0,0,0,0,0,0,0,0,,Philippines,PHL,Asia,14.590622,120.97997,162.3,1600000.0,109581085.0,12.0,96.0,159.6,25.4,40.7
Manila,JY-Xyiept88,Manila_JY-Xyiept88,31777,True,2,2,1,0,0,,,0,0.483,0.164,0.0,0,0,0,0,0,0,0,0,0,0,0,0,0,0,0,0,0,shine,Day,0,0,0,0,0,0,7.5,0,1.875,0,1,0,0,0,0,0,1,0,0,,,0,0,1,0,0,0,0,0,0,0,0,0,0,,Philippines,PHL,Asia,14.590622,120.97997,162.3,1600000.0,109581085.0,12.0,96.0,159.6,25.4,40.7
Manila,JY-Xyiept88,Manila_JY-Xyiept88,31820,True,0,1,0,0,0,female,45.0,0,0.489,0.437,0.07,0,0,0,0,0,0,0,0,0,0,0,0,0,0,0,0,0,sunrise,Day,0,0,0,0,0,0,5.0,0,1.926,0,1,0,0,0,0,0,1,0,0,,,0,0,1,0,0,0,0,1,0,0,0,0,0,,Philippines,PHL,Asia,14.590622,120.97997,162.3,1600000.0,109581085.0,12.0,96.0,159.6,25.4,40.7
Manila,JY-Xyiept88,Manila_JY-Xyiept88,31913,True,3,4,1,1,0,,,0,0.449,0.521,0.0,0,0,0,0,0,0,0,0,0,0,0,0,0,0,0,0,0,shine,Day,0,0,0,0,0,0,4.5,0,2.085,0,0,0,0,0,0,0,1,0,0,,,0,0,1,0,0,0,0,1,0,0,0,0,0,,Philippines,PHL,Asia,14.590622,120.97997,162.3,1600000.0,109581085.0,12.0,96.0,159.6,25.4,40.7
Manila,JY-Xyiept88,Manila_JY-Xyiept88,31920,True,1,2,1,1,0,,,1,0.469,0.763,0.0,0,0,0,0,0,0,0,0,0,0,0,0,0,0,0,0,0,shine,Day,0,0,0,0,0,0,5.0,0,1.9,0,0,0,0,0,0,0,1,0,0,,,0,0,1,0,0,1,0,1,0,0,0,0,0,,Philippines,PHL,Asia,14.590622,120.97997,162.3,1600000.0,109581085.0,12.0,96.0,159.6,25.4,40.7
Manila,JY-Xyiept88,Manila_JY-Xyiept88,31926,True,0,1,1,1,0,,,0,0.371,0.339,,0,0,0,0,0,0,0,0,0,0,0,0,0,0,0,0,0,shine,Day,0,0,0,0,0,0,5.0,0,1.9,0,0,0,0,0,0,0,1,0,0,,,0,0,1,0,0,1,0,1,0,0,0,0,0,,Philippines,PHL,Asia,14.590622,120.97997,162.3,1600000.0,109581085.0,12.0,96.0,159.6,25.4,40.7
Manila,JY-Xyiept88,Manila_JY-Xyiept88,31933,True,0,1,1,1,0,male,40.0,0,0.371,0.367,0.0,0,0,0,0,0,0,0,0,0,0,0,0,0,0,0,0,0,shine,Day,0,0,0,0,0,0,3.75,0,2.075,0,1,0,0,0,0,0,1,0,0,,,0,0,1,0,0,0,0,1,0,0,0,0,0,,Philippines,PHL,Asia,14.590622,120.97997,162.3,1600000.0,109581085.0,12.0,96.0,159.6,25.4,40.7
Manila,JY-Xyiept88,Manila_JY-Xyiept88,31938,True,5,6,1,1,0,,,0,0.444,0.64,0.0,0,0,0,0,0,0,0,0,0,0,0,0,0,0,0,0,0,shine,Day,0,0,0,0,0,0,4.5,0,2.085,0,0,0,0,0,0,0,1,0,0,,,0,0,1,0,0,0,0,1,0,0,0,0,0,,Philippines,PHL,Asia,14.590622,120.97997,162.3,1600000.0,109581085.0,12.0,96.0,159.6,25.4,40.7
Manila,JY-Xyiept88,Manila_JY-Xyiept88,31950,True,4,5,1,1,0,,,0,0.449,0.565,0.0,0,0,0,0,0,0,0,0,0,0,0,0,0,0,0,0,0,shine,Day,0,0,0,0,0,0,4.5,0,2.085,0,0,0,0,0,0,0,1,0,0,,,0,0,1,0,0,0,0,1,0,0,0,0,0,,Philippines,PHL,Asia,14.590622,120.97997,162.3,1600000.0,109581085.0,12.0,96.0,159.6,25.4,40.7
Manila,JY-Xyiept88,Manila_JY-Xyiept88,31968,True,2,3,1,1,0,,,0,0.801,1.08,0.0,0,0,1,0,0,0,0,0,0,0,0,0,0,0,0,0,0,shine,Day,0,0,0,0,0,0,3.6666666666666665,0,2.06,0,1,0,0,0,0,0,1,0,0,,,0,0,1,0,0,0,0,1,0,0,0,0,0,,Philippines,PHL,Asia,14.590622,120.97997,162.3,1600000.0,109581085.0,12.0,96.0,159.6,25.4,40.7
Manila,JY-Xyiept88,Manila_JY-Xyiept88,31988,True,1,1,1,1,0,,,0,0.24,0.242,0.07,0,0,0,0,0,0,0,0,0,0,0,0,0,0,0,0,0,shine,Day,0,0,0,0,0,0,6.5,0,1.822,0,1,0,0,0,0,0,1,0,0,,,0,1,1,1,0,0,0,1,0,0,0,0,0,,Philippines,PHL,Asia,14.590622,120.97997,162.3,1600000.0,109581085.0,12.0,96.0,159.6,25.4,40.7
Manila,JY-Xyiept88,Manila_JY-Xyiept88,31993,True,3,3,1,1,0,,,0,0.797,0.95,0.0,0,0,1,0,0,0,0,0,0,0,0,0,0,0,0,0,0,shine,Day,0,0,0,0,0,0,4.25,0,2.035,0,1,0,0,0,0,0,1,0,0,,,0,0,1,0,0,0,0,1,0,0,0,0,0,,Philippines,PHL,Asia,14.590622,120.97997,162.3,1600000.0,109581085.0,12.0,96.0,159.6,25.4,40.7
Manila,JY-Xyiept88,Manila_JY-Xyiept88,32010,True,1,1,1,1,0,male,30.0,0,1.138,0.61,0.0,0,0,0,0,0,0,0,0,0,0,0,1,0,0,0,0,0,shine,Day,0,0,0,0,0,0,6.5,0,2.0,0,1,0,0,0,0,0,1,0,0,,,0,0,1,0,0,0,0,1,0,0,0,0,0,,Philippines,PHL,Asia,14.590622,120.97997,162.3,1600000.0,109581085.0,12.0,96.0,159.6,25.4,40.7
Manila,JY-Xyiept88,Manila_JY-Xyiept88,32062,True,0,1,1,0,0,male,36.0,0,1.704,2.36,0.0,0,0,0,0,0,0,0,0,0,0,0,0,0,0,0,0,0,rain,Day,0,0,0,0,0,0,7.0,0,1.68,0,0,0,0,0,0,0,1,0,0,,,0,0,1,1,0,0,0,0,0,0,0,0,0,,Philippines,PHL,Asia,14.590622,120.97997,162.3,1600000.0,109581085.0,12.0,96.0,159.6,25.4,40.7
Manila,JY-Xyiept88,Manila_JY-Xyiept88,32717,True,1,1,1,1,0,,,0,0.614,0.759,0.0,0,0,0,0,0,0,0,0,0,0,0,0,0,0,0,0,0,shine,Day,0,0,0,0,0,0,4.318181818181818,0,1.6804545454545454,0,1,0,0,0,0,0,1,0,0,,,0,0,1,0,0,0,0,1,0,0,0,0,0,,Philippines,PHL,Asia,14.590622,120.97997,162.3,1600000.0,109581085.0,12.0,96.0,159.6,25.4,40.7
Manila,JY-Xyiept88,Manila_JY-Xyiept88,33021,True,0,1,1,1,0,,,0,0.139,0.095,0.07,0,0,0,0,0,0,0,0,0,0,0,0,0,0,0,0,0,shine,Day,0,0,0,0,0,0,7.981818181818181,1,1.8950909090909087,0,0,0,0,0,0,0,1,0,0,,,0,1,1,1,0,0,0,1,0,1,0,1,0,,Philippines,PHL,Asia,14.590622,120.97997,162.3,1600000.0,109581085.0,12.0,96.0,159.6,25.4,40.7
Manila,JY-Xyiept88,Manila_JY-Xyiept88,33193,True,0,0,1,1,0,male,53.0,0,1.843,3.08,0.0,0,0,0,0,0,0,0,0,0,0,0,0,0,0,0,0,0,shine,Day,0,0,0,0,0,0,6.75,0,1.96,0,0,0,0,0,0,0,1,0,0,,,0,0,1,0,0,0,0,1,0,0,0,0,0,,Philippines,PHL,Asia,14.590622,120.97997,162.3,1600000.0,109581085.0,12.0,96.0,159.6,25.4,40.7
Manila,JY-Xyiept88,Manila_JY-Xyiept88,33299,True,1,1,0,0,0,,,0,0.922,1.116,0.0,0,0,0,0,0,0,0,0,0,0,0,0,0,0,0,0,0,shine,Day,0,0,0,0,0,0,6.428571428571429,1,2.0571428571428574,0,1,0,0,0,0,0,1,0,0,,,0,0,1,0,0,0,0,0,0,0,0,0,0,,Philippines,PHL,Asia,14.590622,120.97997,162.3,1600000.0,109581085.0,12.0,96.0,159.6,25.4,40.7
Manila,JY-Xyiept88,Manila_JY-Xyiept88,33552,True,0,0,1,0,0,male,36.0,0,1.711,1.685,0.0,0,0,1,1,0,1,0,0,0,0,0,1,0,0,0,0,0,rain,Day,0,0,0,0,0,0,6.25,0,1.8125,0,1,0,0,0,0,0,1,0,0,,,0,1,1,0,0,0,0,0,0,0,0,0,0,,Philippines,PHL,Asia,14.590622,120.97997,162.3,1600000.0,109581085.0,12.0,96.0,159.6,25.4,40.7
Manila,JY-Xyiept88,Manila_JY-Xyiept88,33732,True,1,1,1,1,0,,,0,1.028,0.19,0.0,0,0,0,0,0,0,0,0,0,0,0,0,0,0,0,0,0,shine,Day,0,0,0,0,0,0,4.96,0,1.8564,0,1,0,0,0,0,1,1,0,0,,,0,0,1,1,0,0,0,1,0,0,0,0,0,,Philippines,PHL,Asia,14.590622,120.97997,162.3,1600000.0,109581085.0,12.0,96.0,159.6,25.4,40.7
Manila,JY-Xyiept88,Manila_JY-Xyiept88,33773,True,0,1,1,1,0,,,0,2.508,3.134,0.0,0,0,0,0,0,0,0,0,0,0,0,0,0,0,0,0,0,shine,Day,0,0,0,0,0,0,4.0,0,2.036666666666666,0,1,0,0,0,0,0,1,0,0,,,0,0,1,0,0,1,0,0,0,0,0,0,0,,Philippines,PHL,Asia,14.590622,120.97997,162.3,1600000.0,109581085.0,12.0,96.0,159.6,25.4,40.7
Manila,JY-Xyiept88,Manila_JY-Xyiept88,33783,True,1,2,1,1,0,male,62.0,0,2.089,0.966,0.0,0,0,0,0,0,0,0,0,0,0,0,0,0,0,0,0,0,shine,Day,0,0,0,0,0,0,4.0,0,2.036666666666666,0,1,0,0,0,0,0,1,0,0,,,0,0,1,0,0,1,0,0,0,0,0,0,0,,Philippines,PHL,Asia,14.590622,120.97997,162.3,1600000.0,109581085.0,12.0,96.0,159.6,25.4,40.7
Manila,JY-Xyiept88,Manila_JY-Xyiept88,33975,True,0,1,1,0,0,,,0,2.401,4.427,0.0,0,0,0,0,0,0,0,0,0,0,0,0,0,0,0,0,0,sunrise,Day,0,0,0,0,1,0,6.666666666666667,0,1.7533333333333332,0,1,0,0,0,0,0,1,0,0,,,0,0,1,0,0,0,0,1,0,0,0,0,0,,Philippines,PHL,Asia,14.590622,120.97997,162.3,1600000.0,109581085.0,12.0,96.0,159.6,25.4,40.7
Manila,JY-Xyiept88,Manila_JY-Xyiept88,34017,True,0,1,1,0,0,female,37.0,0,2.95,4.187,0.0,0,0,0,0,0,0,0,0,0,0,0,0,0,0,0,0,0,sunrise,Day,0,0,0,0,0,0,5.333333333333333,0,1.903333333333333,0,1,0,0,0,0,0,1,0,0,,,0,0,1,0,0,0,0,0,0,0,0,0,0,,Philippines,PHL,Asia,14.590622,120.97997,162.3,1600000.0,109581085.0,12.0,96.0,159.6,25.4,40.7
Manila,JY-Xyiept88,Manila_JY-Xyiept88,34208,True,1,2,1,0,0,,,0,1.179,1.153,0.0,0,0,0,0,0,0,0,0,0,0,0,0,0,0,0,0,0,shine,Day,0,0,0,0,0,0,1.75,0,1.3075,0,0,0,0,0,0,0,1,0,0,,,0,0,1,0,0,0,0,0,0,0,0,0,0,,Philippines,PHL,Asia,14.590622,120.97997,162.3,1600000.0,109581085.0,12.0,96.0,159.6,25.4,40.7
Manila,JY-Xyiept88,Manila_JY-Xyiept88,34218,True,0,2,1,0,0,male,48.0,0,1.003,0.687,,0,0,0,0,0,0,0,0,0,0,0,0,0,0,0,0,0,shine,Day,0,0,0,0,0,0,2.0,0,1.424,0,1,0,0,0,0,0,1,0,0,,,0,0,1,0,0,0,0,0,0,0,0,0,0,,Philippines,PHL,Asia,14.590622,120.97997,162.3,1600000.0,109581085.0,12.0,96.0,159.6,25.4,40.7
Manila,JY-Xyiept88,Manila_JY-Xyiept88,34219,True,0,1,1,0,0,,,0,3.824,4.139,,0,0,0,0,0,0,0,0,0,0,0,0,0,0,0,0,0,shine,Day,0,0,0,0,0,0,2.333333333333333,0,1.4799999999999998,0,0,0,0,0,0,0,1,0,0,,,0,0,1,0,0,0,0,0,0,0,0,0,0,,Philippines,PHL,Asia,14.590622,120.97997,162.3,1600000.0,109581085.0,12.0,96.0,159.6,25.4,40.7
Manila,JY-Xyiept88,Manila_JY-Xyiept88,34360,True,1,1,1,1,0,,,0,0.81,0.59,0.0,0,0,0,0,0,0,0,0,0,0,0,0,0,0,0,0,0,shine,Day,0,0,0,0,0,0,4.714285714285714,0,1.785,0,1,0,0,0,0,0,1,0,0,,,0,1,1,0,0,0,0,1,0,0,0,0,0,,Philippines,PHL,Asia,14.590622,120.97997,162.3,1600000.0,109581085.0,12.0,96.0,159.6,25.4,40.7
Manila,JY-Xyiept88,Manila_JY-Xyiept88,34435,True,1,1,0,0,0,male,34.0,0,1.541,,0.0,0,0,0,0,0,0,0,0,0,0,0,0,0,0,0,0,0,rain,Day,0,0,0,0,0,0,6.0,0,1.68,0,1,0,0,0,0,0,1,0,0,,,0,0,1,0,0,0,0,0,0,0,0,0,0,,Philippines,PHL,Asia,14.590622,120.97997,162.3,1600000.0,109581085.0,12.0,96.0,159.6,25.4,40.7
Manila,JY-Xyiept88,Manila_JY-Xyiept88,34587,True,1,1,1,1,0,male,28.0,0,0.749,2.034,0.0,0,0,0,0,1,1,0,0,0,0,0,1,0,0,0,0,0,sunrise,Day,0,0,0,0,0,0,0.2,0,1.6839999999999995,0,1,0,0,0,0,0,0,0,0,,,0,0,1,0,0,0,0,0,0,0,0,0,0,,Philippines,PHL,Asia,14.590622,120.97997,162.3,1600000.0,109581085.0,12.0,96.0,159.6,25.4,40.7
Manila,JY-Xyiept88,Manila_JY-Xyiept88,34595,True,3,2,0,0,0,male,26.0,0,1.149,1.246,0.0,0,0,1,0,1,1,0,0,0,0,0,1,1,0,0,1,0,shine,Day,0,0,0,0,0,0,0.75,0,2.0075,0,1,0,0,0,0,0,1,0,0,,,0,0,1,0,0,1,0,0,0,0,0,0,0,,Philippines,PHL,Asia,14.590622,120.97997,162.3,1600000.0,109581085.0,12.0,96.0,159.6,25.4,40.7
Manila,JY-Xyiept88,Manila_JY-Xyiept88,34606,True,2,2,0,0,0,female,28.0,0,1.402,1.37,0.0,0,0,1,0,1,0,0,0,1,0,0,0,1,0,0,1,0,sunrise,Day,0,0,0,0,0,0,1.0,0,1.945,0,1,0,0,0,0,0,1,0,0,,,0,0,1,0,0,0,0,0,0,0,0,0,0,,Philippines,PHL,Asia,14.590622,120.97997,162.3,1600000.0,109581085.0,12.0,96.0,159.6,25.4,40.7
Manila,JY-Xyiept88,Manila_JY-Xyiept88,34620,True,3,5,0,0,0,,,0,0.616,3.776,0.0,0,0,0,0,0,0,0,0,0,0,0,0,0,0,0,0,0,sunrise,Day,0,0,0,0,0,0,1.0,0,1.945,0,1,0,0,0,0,0,1,0,0,,,0,0,1,0,0,0,0,0,0,0,0,0,0,,Philippines,PHL,Asia,14.590622,120.97997,162.3,1600000.0,109581085.0,12.0,96.0,159.6,25.4,40.7
Manila,JY-Xyiept88,Manila_JY-Xyiept88,34663,True,0,1,1,1,0,male,40.0,0,1.376,1.335,0.0,0,0,0,0,0,0,0,0,0,0,0,0,0,0,0,0,0,sunrise,Day,0,0,0,0,0,0,1.0,0,1.8733333333333333,0,1,0,0,0,1,0,0,0,0,,,0,0,1,0,0,0,0,0,0,0,0,0,0,,Philippines,PHL,Asia,14.590622,120.97997,162.3,1600000.0,109581085.0,12.0,96.0,159.6,25.4,40.7
Manila,JY-Xyiept88,Manila_JY-Xyiept88,35386,True,0,0,0,0,0,female,34.0,0,1.527,1.48,0.0,0,0,0,0,0,0,0,0,0,0,0,0,0,0,0,0,0,cloudy,Day,0,0,0,0,0,0,2.0,0,1.86,0,1,0,0,0,0,0,1,0,0,,,0,0,0,0,0,0,0,0,0,0,0,0,0,,Philippines,PHL,Asia,14.590622,120.97997,162.3,1600000.0,109581085.0,12.0,96.0,159.6,25.4,40.7
Manila,JY-Xyiept88,Manila_JY-Xyiept88,35920,True,1,1,1,0,0,female,45.0,0,0.474,0.445,0.0,0,0,0,0,0,1,0,0,0,0,0,1,0,0,0,0,0,sunrise,Day,0,0,0,0,0,0,4.2,0,1.968,0,1,0,0,0,0,1,1,0,0,,,0,0,0,0,0,0,0,1,0,0,0,0,0,,Philippines,PHL,Asia,14.590622,120.97997,162.3,1600000.0,109581085.0,12.0,96.0,159.6,25.4,40.7
Manila,JY-Xyiept88,Manila_JY-Xyiept88,36270,True,2,2,1,0,0,male,42.0,0,1.183,,0.0,0,0,0,0,0,0,0,0,0,0,0,0,0,0,0,0,0,rain,Day,0,0,0,0,1,0,3.0,0,2.14,0,1,0,0,0,0,0,1,0,0,,,0,0,0,0,0,0,0,1,0,0,0,0,0,,Philippines,PHL,Asia,14.590622,120.97997,162.3,1600000.0,109581085.0,12.0,96.0,159.6,25.4,40.7
Manila,JY-Xyiept88,Manila_JY-Xyiept88,36359,True,1,1,1,0,0,,,0,1.051,0.377,0.0,0,0,0,0,0,0,0,0,0,0,0,0,0,0,0,0,0,rain,Day,0,0,0,0,0,0,2.6666666666666665,0,2.15,0,1,0,0,0,0,0,1,0,0,,,0,0,0,0,0,0,0,1,0,0,0,0,0,,Philippines,PHL,Asia,14.590622,120.97997,162.3,1600000.0,109581085.0,12.0,96.0,159.6,25.4,40.7
Manila,JY-Xyiept88,Manila_JY-Xyiept88,36793,True,2,2,1,0,0,,,0,0.915,0.763,0.13,0,0,0,0,0,0,0,0,0,0,0,0,0,0,0,0,0,shine,Day,0,0,0,0,0,0,4.0,0,1.905,0,1,0,0,0,0,0,1,0,0,,,0,0,0,1,0,0,0,0,0,0,1,0,0,,Philippines,PHL,Asia,14.590622,120.97997,162.3,1600000.0,109581085.0,12.0,96.0,159.6,25.4,40.7
Manila,JY-Xyiept88,Manila_JY-Xyiept88,36808,True,4,4,1,0,0,,,0,0.608,0.39,0.0,0,0,0,0,0,0,0,0,0,0,0,0,0,0,0,0,0,shine,Day,0,0,0,0,0,0,5.0,0,1.99,0,1,0,0,0,0,0,1,0,0,,,0,0,0,1,0,0,0,1,0,0,1,0,0,,Philippines,PHL,Asia,14.590622,120.97997,162.3,1600000.0,109581085.0,12.0,96.0,159.6,25.4,40.7
Manila,JY-Xyiept88,Manila_JY-Xyiept88,37150,True,3,3,1,1,0,female,39.0,0,1.733,1.608,0.0,0,0,0,0,0,0,0,0,0,0,0,0,0,0,0,0,0,shine,Day,0,0,0,0,0,0,2.6666666666666665,0,1.9833333333333327,0,1,0,0,0,0,0,1,0,0,,,0,0,1,1,0,0,0,0,0,0,0,0,0,,Philippines,PHL,Asia,14.590622,120.97997,162.3,1600000.0,109581085.0,12.0,96.0,159.6,25.4,40.7
Manila,JY-Xyiept88,Manila_JY-Xyiept88,37170,True,2,2,1,1,0,,,0,0.913,0.758,0.0,0,0,0,0,0,0,0,0,0,0,0,0,0,0,0,0,0,shine,Day,0,0,0,0,0,0,4.0,0,1.985,0,1,0,0,0,0,0,1,0,0,,,0,0,1,1,0,0,0,0,0,0,0,0,0,,Philippines,PHL,Asia,14.590622,120.97997,162.3,1600000.0,109581085.0,12.0,96.0,159.6,25.4,40.7
Manila,JY-Xyiept88,Manila_JY-Xyiept88,37173,True,2,3,1,1,0,,,0,1.397,0.95,0.0,0,0,0,0,0,0,0,0,0,0,0,0,0,0,0,0,0,shine,Day,0,0,0,0,0,0,2.6666666666666665,0,1.9833333333333327,0,1,0,0,0,0,0,1,0,0,,,0,0,1,1,0,0,0,0,0,0,0,0,0,,Philippines,PHL,Asia,14.590622,120.97997,162.3,1600000.0,109581085.0,12.0,96.0,159.6,25.4,40.7
Manila,JY-Xyiept88,Manila_JY-Xyiept88,37436,True,1,1,1,0,0,,,0,1.135,0.655,,0,0,0,0,0,0,0,0,0,0,0,0,0,0,0,0,0,sunrise,Day,0,0,0,0,0,0,2.7777777777777777,0,1.8988888888888888,0,1,0,0,0,0,1,1,0,0,,,0,0,0,0,0,0,0,1,0,1,0,0,0,,Philippines,PHL,Asia,14.590622,120.97997,162.3,1600000.0,109581085.0,12.0,96.0,159.6,25.4,40.7
Manila,JY-Xyiept88,Manila_JY-Xyiept88,37464,True,1,2,1,0,0,,,0,1.179,0.976,0.0,0,0,0,0,0,0,0,0,0,0,0,0,0,0,0,0,0,sunrise,Day,0,0,0,0,0,0,2.333333333333333,0,1.8983333333333328,0,1,0,0,0,0,1,1,0,0,,,0,0,0,0,0,0,0,1,0,0,0,0,0,,Philippines,PHL,Asia,14.590622,120.97997,162.3,1600000.0,109581085.0,12.0,96.0,159.6,25.4,40.7
Manila,JY-Xyiept88,Manila_JY-Xyiept88,37498,True,1,2,1,0,0,,,0,0.683,0.857,0.0,0,0,0,0,0,0,0,0,0,0,0,0,0,0,0,0,0,rain,Day,0,0,0,0,0,0,2.5,0,1.695,0,1,0,0,0,0,0,1,0,0,,,0,0,0,0,0,0,0,0,0,0,0,0,0,,Philippines,PHL,Asia,14.590622,120.97997,162.3,1600000.0,109581085.0,12.0,96.0,159.6,25.4,40.7
Manila,JY-Xyiept88,Manila_JY-Xyiept88,37508,True,4,3,1,0,0,male,31.0,0,0.778,1.001,0.0,0,0,0,0,0,1,0,0,0,0,0,1,0,0,0,0,0,shine,Day,0,0,0,0,0,0,1.3333333333333333,0,1.9941666666666664,0,1,0,0,0,0,0,1,0,0,,,0,0,1,0,0,0,0,0,0,0,0,0,0,,Philippines,PHL,Asia,14.590622,120.97997,162.3,1600000.0,109581085.0,12.0,96.0,159.6,25.4,40.7
Manila,JY-Xyiept88,Manila_JY-Xyiept88,37571,True,2,3,1,0,0,male,34.0,0,1.318,1.619,0.0,0,0,0,0,0,0,0,0,0,0,0,1,0,0,0,0,0,shine,Day,0,0,0,0,0,0,0.6,0,1.966,0,1,0,0,0,0,0,1,0,0,,,0,0,0,0,0,1,0,0,0,0,0,0,0,,Philippines,PHL,Asia,14.590622,120.97997,162.3,1600000.0,109581085.0,12.0,96.0,159.6,25.4,40.7
Manila,JY-Xyiept88,Manila_JY-Xyiept88,37601,True,4,4,1,0,0,male,38.0,0,1.239,1.44,0.0,1,0,0,0,0,0,0,0,0,0,0,1,0,0,0,0,0,shine,Day,0,0,0,0,0,0,1.2857142857142858,0,1.9728571428571429,0,1,0,0,0,0,1,1,0,0,,,0,0,1,0,0,1,0,0,0,0,0,0,0,,Philippines,PHL,Asia,14.590622,120.97997,162.3,1600000.0,109581085.0,12.0,96.0,159.6,25.4,40.7
Manila,JY-Xyiept88,Manila_JY-Xyiept88,37603,True,3,3,1,0,0,female,44.0,0,1.095,1.476,0.0,0,0,1,1,0,0,0,0,0,0,0,1,0,0,0,0,0,shine,Day,0,0,0,0,0,0,1.8571428571428568,0,2.015714285714286,0,1,0,0,0,0,1,1,0,0,,,0,0,1,0,0,0,0,0,0,0,0,0,0,,Philippines,PHL,Asia,14.590622,120.97997,162.3,1600000.0,109581085.0,12.0,96.0,159.6,25.4,40.7
Manila,JY-Xyiept88,Manila_JY-Xyiept88,37607,True,3,4,1,0,0,male,26.0,0,0.905,0.935,0.07,0,1,0,0,0,0,0,0,0,0,0,0,0,0,0,0,0,shine,Day,0,0,0,0,0,0,1.0,0,1.9657142857142853,0,1,0,0,0,0,0,1,0,0,,,0,0,1,0,0,1,0,0,0,0,0,0,0,,Philippines,PHL,Asia,14.590622,120.97997,162.3,1600000.0,109581085.0,12.0,96.0,159.6,25.4,40.7
Manila,JY-Xyiept88,Manila_JY-Xyiept88,37616,True,2,3,1,0,0,male,30.0,1,1.313,1.377,0.0,0,0,0,0,0,0,0,0,0,0,0,1,0,0,0,0,0,shine,Day,0,0,0,0,0,0,1.25,0,1.98375,0,1,0,0,0,0,1,1,0,0,,,0,0,1,0,0,1,0,0,0,0,0,0,0,,Philippines,PHL,Asia,14.590622,120.97997,162.3,1600000.0,109581085.0,12.0,96.0,159.6,25.4,40.7
Manila,JY-Xyiept88,Manila_JY-Xyiept88,37647,True,3,3,1,0,0,female,32.0,0,1.218,1.487,0.0,0,0,0,0,0,0,0,0,0,0,0,0,0,0,0,0,0,shine,Day,0,0,0,0,0,0,1.8571428571428568,0,2.015714285714286,0,1,0,0,0,0,1,1,0,0,,,0,0,1,0,0,0,0,0,0,0,0,0,0,,Philippines,PHL,Asia,14.590622,120.97997,162.3,1600000.0,109581085.0,12.0,96.0,159.6,25.4,40.7
Manila,JY-Xyiept88,Manila_JY-Xyiept88,37654,True,5,4,1,0,0,male,34.0,0,1.401,1.252,0.0,0,0,1,0,0,0,0,0,0,0,0,0,0,0,0,0,0,shine,Day,0,0,0,0,0,0,1.1666666666666667,0,1.9866666666666664,0,1,0,0,0,0,1,1,0,0,,,0,0,0,0,0,1,0,0,0,0,0,0,0,,Philippines,PHL,Asia,14.590622,120.97997,162.3,1600000.0,109581085.0,12.0,96.0,159.6,25.4,40.7
Manila,JY-Xyiept88,Manila_JY-Xyiept88,37655,True,6,5,1,0,0,male,36.0,0,1.237,1.305,0.0,1,0,0,0,0,0,0,0,0,0,0,1,0,0,0,0,0,shine,Day,0,0,0,0,0,0,1.3333333333333333,0,1.9966666666666668,0,1,0,0,0,0,1,1,0,0,,,0,0,1,0,0,1,0,0,0,0,0,0,0,,Philippines,PHL,Asia,14.590622,120.97997,162.3,1600000.0,109581085.0,12.0,96.0,159.6,25.4,40.7
Manila,JY-Xyiept88,Manila_JY-Xyiept88,37724,True,1,2,1,0,0,male,33.0,0,1.229,1.384,0.0,0,0,0,0,0,1,0,0,0,0,0,1,0,0,0,0,0,shine,Day,0,0,0,0,0,0,1.6,0,2.018,0,0,0,0,0,0,0,1,0,0,,,0,0,1,0,0,0,0,0,0,0,0,0,0,,Philippines,PHL,Asia,14.590622,120.97997,162.3,1600000.0,109581085.0,12.0,96.0,159.6,25.4,40.7
Manila,JY-Xyiept88,Manila_JY-Xyiept88,37813,True,1,2,1,0,0,,,0,2.068,2.169,0.0,0,0,0,0,0,0,0,0,0,0,0,0,0,0,0,0,0,sunrise,Day,0,0,0,0,0,0,3.0,0,1.8375,0,1,0,0,0,0,0,1,0,0,,,0,0,0,0,0,0,0,0,0,0,0,0,0,,Philippines,PHL,Asia,14.590622,120.97997,162.3,1600000.0,109581085.0,12.0,96.0,159.6,25.4,40.7
Manila,JY-Xyiept88,Manila_JY-Xyiept88,37922,True,0,1,1,0,0,female,33.0,0,1.597,0.786,0.0,0,0,0,0,0,0,0,0,0,0,0,0,0,0,0,0,0,sunrise,Day,0,0,0,0,0,0,4.125,0,1.85875,0,1,0,0,0,0,0,1,0,0,,,0,0,1,0,0,1,0,1,0,0,0,0,0,,Philippines,PHL,Asia,14.590622,120.97997,162.3,1600000.0,109581085.0,12.0,96.0,159.6,25.4,40.7
Manila,JY-Xyiept88,Manila_JY-Xyiept88,38192,True,0,0,1,0,0,,,0,1.222,1.085,0.0,0,0,0,0,0,0,0,0,0,0,0,0,0,0,0,0,0,sunrise,Day,0,0,0,0,0,0,5.0,0,2.015,0,1,0,0,0,0,0,1,0,0,,,0,0,1,0,0,1,0,0,0,0,0,0,0,,Philippines,PHL,Asia,14.590622,120.97997,162.3,1600000.0,109581085.0,12.0,96.0,159.6,25.4,40.7
Manila,JY-Xyiept88,Manila_JY-Xyiept88,38204,True,1,1,1,0,0,,,1,0.68,1.099,0.0,0,0,0,0,0,0,0,0,0,0,0,0,0,0,0,0,0,sunrise,Day,0,0,0,0,0,0,5.0,0,2.095,0,1,0,0,0,0,0,1,0,0,,,0,0,1,0,0,0,0,0,0,0,0,0,0,,Philippines,PHL,Asia,14.590622,120.97997,162.3,1600000.0,109581085.0,12.0,96.0,159.6,25.4,40.7
Manila,JY-Xyiept88,Manila_JY-Xyiept88,38207,True,1,1,1,0,0,,,0,0.438,0.681,0.0,0,0,0,0,0,0,0,0,0,0,0,0,0,0,0,0,0,sunrise,Day,0,0,0,0,0,0,5.0,0,2.095,0,1,0,0,0,0,0,1,0,0,,,0,0,1,0,0,0,0,0,0,0,0,0,0,,Philippines,PHL,Asia,14.590622,120.97997,162.3,1600000.0,109581085.0,12.0,96.0,159.6,25.4,40.7
Manila,JY-Xyiept88,Manila_JY-Xyiept88,38526,True,0,1,1,0,0,,,0,0.937,1.332,0.0,0,0,0,0,0,0,0,0,0,0,0,0,0,0,0,0,0,rain,Day,0,0,0,0,0,0,6.0,0,1.9266666666666663,0,1,0,0,0,0,0,1,0,0,,,0,0,1,0,0,0,0,1,0,0,0,0,0,,Philippines,PHL,Asia,14.590622,120.97997,162.3,1600000.0,109581085.0,12.0,96.0,159.6,25.4,40.7
Manila,JY-Xyiept88,Manila_JY-Xyiept88,38880,True,0,1,1,0,0,,,1,0.638,0.745,0.0,0,0,0,0,0,0,0,0,0,0,0,0,0,0,0,0,0,shine,Day,0,0,0,0,0,0,7.0,0,2.0316666666666667,0,1,0,0,0,0,0,1,0,0,,,0,1,1,0,0,1,0,0,0,1,0,1,0,,Philippines,PHL,Asia,14.590622,120.97997,162.3,1600000.0,109581085.0,12.0,96.0,159.6,25.4,40.7
Manila,JY-Xyiept88,Manila_JY-Xyiept88,38915,True,1,1,1,0,0,male,33.0,0,0.888,0.944,0.0,0,0,0,0,1,0,0,0,0,0,0,1,0,0,0,0,0,shine,Day,0,0,0,0,0,0,8.375,0,2.00875,0,0,0,0,0,0,1,1,0,0,,,0,1,1,0,0,0,0,1,0,1,0,1,0,,Philippines,PHL,Asia,14.590622,120.97997,162.3,1600000.0,109581085.0,12.0,96.0,159.6,25.4,40.7
Manila,JY-Xyiept88,Manila_JY-Xyiept88,39105,True,1,2,1,0,0,,,0,0.758,0.269,0.0,0,0,0,0,1,0,0,0,0,0,0,0,0,0,0,0,0,shine,Day,0,0,0,0,0,0,8.866666666666667,0,1.893333333333333,0,0,0,0,0,0,1,1,0,0,,,0,1,1,1,0,1,0,1,0,1,0,1,0,,Philippines,PHL,Asia,14.590622,120.97997,162.3,1600000.0,109581085.0,12.0,96.0,159.6,25.4,40.7
Manila,JY-Xyiept88,Manila_JY-Xyiept88,39147,True,0,1,1,0,0,,,0,1.073,0.412,0.0,0,0,0,0,0,0,0,0,0,0,0,0,0,0,0,0,0,rain,Day,0,0,0,0,0,0,6.0,0,1.7983333333333336,0,1,0,0,0,0,1,1,0,0,,,0,1,1,0,0,0,0,1,0,0,0,0,0,,Philippines,PHL,Asia,14.590622,120.97997,162.3,1600000.0,109581085.0,12.0,96.0,159.6,25.4,40.7
Manila,JY-Xyiept88,Manila_JY-Xyiept88,39328,True,1,1,1,1,0,female,45.0,0,0.747,0.288,0.0,0,0,0,0,0,0,0,0,0,0,0,0,0,0,0,0,0,rain,Day,0,0,0,0,0,0,3.941176470588236,0,1.8835294117647057,0,1,0,0,0,0,1,1,0,0,,,0,1,1,0,0,0,0,1,0,0,0,0,0,,Philippines,PHL,Asia,14.590622,120.97997,162.3,1600000.0,109581085.0,12.0,96.0,159.6,25.4,40.7
Melbourne,81n46krHrQA,Melbourne_81n46krHrQA,25,True,0,0,1,0,0,,,0,3.622,3.489,0.0,0,0,0,0,0,0,0,0,0,0,0,0,0,0,0,0,0,sunrise,Day,0,0,0,0,0,0,4.5,0,2.44,0,1,0,0,0,0,0,1,0,0,,,0,0,0,0,0,0,0,0,0,0,0,0,0,,Australia,AUS,Oceania,-37.814218,144.963161,318.677,4917750.0,25687041.0,4.9,99.0,171.7,37.9,34.3
Melbourne,81n46krHrQA,Melbourne_81n46krHrQA,392,True,0,1,1,1,0,,,0,2.915,1.474,0.0,0,0,0,0,0,0,0,0,0,0,0,0,0,0,0,0,0,shine,Day,0,0,0,0,0,0,1.3333333333333333,0,2.7133333333333334,0,1,0,0,0,0,1,1,0,0,,,0,0,0,0,0,1,0,0,0,0,0,0,0,,Australia,AUS,Oceania,-37.814218,144.963161,318.677,4917750.0,25687041.0,4.9,99.0,171.7,37.9,34.3
Melbourne,81n46krHrQA,Melbourne_81n46krHrQA,501,True,0,0,1,1,0,,,0,2.641,3.298,0.0,0,0,0,0,0,0,0,0,0,0,0,0,0,0,0,0,0,sunrise,Day,0,0,0,0,0,0,0.0,0,2.64,0,1,0,0,0,0,0,0,0,0,,,0,0,0,0,0,0,0,0,0,0,0,0,0,,Australia,AUS,Oceania,-37.814218,144.963161,318.677,4917750.0,25687041.0,4.9,99.0,171.7,37.9,34.3
Melbourne,81n46krHrQA,Melbourne_81n46krHrQA,672,True,0,0,1,0,0,,,0,2.234,2.288,0.0,0,0,0,0,0,0,0,0,0,0,0,0,0,0,0,0,0,cloudy,Day,0,0,0,0,0,0,1.0,0,2.64,0,1,0,0,0,0,0,1,0,0,,,0,0,0,0,0,0,0,0,0,0,0,0,0,,Australia,AUS,Oceania,-37.814218,144.963161,318.677,4917750.0,25687041.0,4.9,99.0,171.7,37.9,34.3
Melbourne,81n46krHrQA,Melbourne_81n46krHrQA,726,True,1,1,1,1,0,male,31.0,0,1.295,1.313,0.0,1,0,0,0,0,0,0,0,0,0,0,1,0,0,0,0,0,cloudy,Day,0,0,0,0,0,0,0.0,0,2.475,0,1,0,0,0,0,0,0,0,0,,,0,0,0,0,0,0,0,0,0,0,0,0,0,,Australia,AUS,Oceania,-37.814218,144.963161,318.677,4917750.0,25687041.0,4.9,99.0,171.7,37.9,34.3
Melbourne,81n46krHrQA,Melbourne_81n46krHrQA,730,True,1,1,1,1,0,male,35.0,1,1.098,1.112,,0,0,0,0,1,1,0,0,0,0,0,1,0,0,0,0,0,cloudy,Day,0,0,0,0,0,0,0.2857142857142857,0,2.5157142857142856,0,1,0,0,0,0,0,1,0,0,,,0,0,0,0,0,1,0,0,0,0,0,0,0,,Australia,AUS,Oceania,-37.814218,144.963161,318.677,4917750.0,25687041.0,4.9,99.0,171.7,37.9,34.3
Melbourne,81n46krHrQA,Melbourne_81n46krHrQA,828,True,0,0,1,0,0,,,0,1.052,0.976,0.0,0,0,0,0,0,0,0,0,0,0,0,0,0,0,0,0,0,rain,Day,0,0,0,0,0,0,2.6666666666666665,0,2.69,0,0,0,0,0,0,1,1,0,0,,,0,0,1,0,0,0,0,1,0,1,0,0,0,,Australia,AUS,Oceania,-37.814218,144.963161,318.677,4917750.0,25687041.0,4.9,99.0,171.7,37.9,34.3
Melbourne,81n46krHrQA,Melbourne_81n46krHrQA,837,True,0,1,1,0,0,,,0,1.205,2.897,0.0,0,0,0,0,0,0,0,0,0,0,0,0,0,0,0,0,0,shine,Evening,0,0,0,0,0,0,1.5,0,2.63,0,1,0,0,0,0,0,1,0,0,,,0,0,0,0,0,0,0,0,0,1,0,0,0,,Australia,AUS,Oceania,-37.814218,144.963161,318.677,4917750.0,25687041.0,4.9,99.0,171.7,37.9,34.3
Melbourne,81n46krHrQA,Melbourne_81n46krHrQA,848,True,0,0,1,0,0,male,29.0,0,1.425,0.89,0.0,0,0,0,0,0,0,0,0,0,0,0,0,0,0,0,0,0,sunrise,Day,0,0,0,0,0,0,0.5,0,1.39,0,1,0,0,0,0,0,1,0,0,,,0,0,0,0,0,0,0,0,0,0,0,0,0,,Australia,AUS,Oceania,-37.814218,144.963161,318.677,4917750.0,25687041.0,4.9,99.0,171.7,37.9,34.3
Melbourne,81n46krHrQA,Melbourne_81n46krHrQA,1608,True,0,1,1,1,0,,,0,1.68,0.926,0.0,0,0,0,0,0,0,0,0,0,0,0,0,0,0,0,0,0,shine,Evening,0,0,0,0,0,0,2.5,0,2.68,0,1,0,0,0,0,1,1,0,0,,,0,0,1,0,0,0,0,0,0,0,0,0,0,,Australia,AUS,Oceania,-37.814218,144.963161,318.677,4917750.0,25687041.0,4.9,99.0,171.7,37.9,34.3
Melbourne,81n46krHrQA,Melbourne_81n46krHrQA,1668,True,0,0,1,0,0,,,0,0.767,0.733,0.0,0,0,0,0,0,0,0,0,0,0,0,0,0,0,0,0,0,shine,Day,0,0,0,0,0,0,3.0,0,2.125,0,1,0,0,0,0,1,1,0,0,,,0,0,1,0,0,0,0,0,0,0,0,0,0,,Australia,AUS,Oceania,-37.814218,144.963161,318.677,4917750.0,25687041.0,4.9,99.0,171.7,37.9,34.3
Melbourne,81n46krHrQA,Melbourne_81n46krHrQA,1715,True,0,1,1,0,0,,,0,2.176,2.612,0.0,0,0,0,0,0,0,0,0,0,0,0,0,0,0,0,0,0,shine,Day,0,0,0,0,0,0,3.6666666666666665,0,2.7166666666666663,0,1,0,0,0,0,0,1,0,0,,,0,0,0,0,0,0,0,0,0,0,0,0,0,,Australia,AUS,Oceania,-37.814218,144.963161,318.677,4917750.0,25687041.0,4.9,99.0,171.7,37.9,34.3
Melbourne,81n46krHrQA,Melbourne_81n46krHrQA,1895,True,0,0,1,0,0,,,0,1.467,3.86,0.0,0,0,0,0,0,0,0,0,0,0,0,0,0,0,0,0,0,rain,Day,0,0,0,0,0,0,2.6666666666666665,0,2.536666666666666,0,1,0,0,0,0,0,1,0,0,,,0,1,1,1,0,0,0,0,0,0,0,1,0,,Australia,AUS,Oceania,-37.814218,144.963161,318.677,4917750.0,25687041.0,4.9,99.0,171.7,37.9,34.3
Melbourne,81n46krHrQA,Melbourne_81n46krHrQA,1919,True,0,1,1,0,0,male,34.0,0,2.17,2.162,0.0,0,0,0,0,0,1,0,1,0,0,0,1,0,0,0,0,0,shine,Day,0,0,0,0,0,0,1.0,0,2.686,0,1,0,0,0,0,0,1,0,0,,,0,0,1,0,0,0,0,0,0,0,0,0,0,,Australia,AUS,Oceania,-37.814218,144.963161,318.677,4917750.0,25687041.0,4.9,99.0,171.7,37.9,34.3
Melbourne,81n46krHrQA,Melbourne_81n46krHrQA,2047,True,0,0,1,0,0,,,0,1.637,3.065,0.0,0,0,0,0,0,0,0,0,0,0,0,0,0,0,0,0,0,rain,Evening,0,0,0,0,0,0,3.2857142857142856,0,2.5942857142857143,0,1,0,0,0,0,1,1,0,0,,,0,0,0,0,0,0,0,1,0,0,0,0,0,,Australia,AUS,Oceania,-37.814218,144.963161,318.677,4917750.0,25687041.0,4.9,99.0,171.7,37.9,34.3
Melbourne,81n46krHrQA,Melbourne_81n46krHrQA,2100,True,0,1,1,1,0,,,0,3.99,3.728,0.0,0,0,0,0,0,0,0,0,0,0,0,0,0,0,0,0,0,shine,Evening,0,0,0,0,0,0,1.8,0,2.598,0,1,0,0,0,0,0,1,0,0,,,0,0,0,0,0,0,0,0,0,0,1,0,0,,Australia,AUS,Oceania,-37.814218,144.963161,318.677,4917750.0,25687041.0,4.9,99.0,171.7,37.9,34.3
Melbourne,81n46krHrQA,Melbourne_81n46krHrQA,2125,True,0,0,1,1,0,,,0,1.114,0.988,0.0,0,0,0,0,0,0,0,0,0,0,0,0,0,0,0,0,0,shine,Day,0,0,0,0,0,0,0.0,0,1.68,0,1,0,0,0,0,0,0,0,0,,,0,0,0,0,0,0,0,0,0,0,0,0,0,,Australia,AUS,Oceania,-37.814218,144.963161,318.677,4917750.0,25687041.0,4.9,99.0,171.7,37.9,34.3
Melbourne,81n46krHrQA,Melbourne_81n46krHrQA,2143,True,1,1,0,0,0,,,0,1.15,1.398,0.0,0,0,0,0,0,0,0,0,0,0,0,0,0,0,0,0,0,shine,Day,0,0,0,0,0,0,0.0,0,1.215,0,1,0,0,0,0,0,0,0,0,,,0,0,0,0,0,0,0,0,0,0,0,0,0,,Australia,AUS,Oceania,-37.814218,144.963161,318.677,4917750.0,25687041.0,4.9,99.0,171.7,37.9,34.3
Melbourne,81n46krHrQA,Melbourne_81n46krHrQA,2178,True,0,0,0,0,0,,,0,1.298,1.233,0.0,0,0,0,0,0,0,0,0,0,0,0,0,0,0,0,0,0,shine,Day,0,0,0,0,0,0,0.0,0,1.3766666666666667,0,1,0,0,0,0,0,0,0,0,,,0,0,0,0,0,0,0,0,0,0,0,0,0,,Australia,AUS,Oceania,-37.814218,144.963161,318.677,4917750.0,25687041.0,4.9,99.0,171.7,37.9,34.3
Melbourne,81n46krHrQA,Melbourne_81n46krHrQA,2301,True,0,0,0,0,0,,,0,1.145,1.427,0.0,0,0,0,0,0,0,0,0,0,0,0,0,0,0,0,0,0,shine,Day,0,0,0,0,0,0,0.0,0,1.295,0,1,0,0,0,0,0,0,0,0,,,0,0,0,0,0,0,0,0,0,0,0,0,0,,Australia,AUS,Oceania,-37.814218,144.963161,318.677,4917750.0,25687041.0,4.9,99.0,171.7,37.9,34.3
Melbourne,81n46krHrQA,Melbourne_81n46krHrQA,2319,True,0,0,1,0,0,,,0,0.848,0.379,0.0,0,0,0,0,0,0,0,0,0,0,0,0,0,0,0,0,0,shine,Evening,0,0,0,0,0,0,0.0,0,1.54,0,1,0,0,0,0,0,0,0,0,,,0,0,0,0,0,0,0,0,0,0,0,0,0,,Australia,AUS,Oceania,-37.814218,144.963161,318.677,4917750.0,25687041.0,4.9,99.0,171.7,37.9,34.3
Melbourne,81n46krHrQA,Melbourne_81n46krHrQA,2333,True,0,0,1,0,0,,,0,1.226,5.152,0.0,0,0,0,0,0,0,0,0,0,0,0,0,0,0,0,0,0,shine,Day,0,0,0,0,0,0,2.5,0,2.625,0,1,0,0,0,0,0,1,0,0,,,0,0,0,0,0,0,0,0,0,0,0,0,0,,Australia,AUS,Oceania,-37.814218,144.963161,318.677,4917750.0,25687041.0,4.9,99.0,171.7,37.9,34.3
Melbourne,81n46krHrQA,Melbourne_81n46krHrQA,2414,True,0,0,1,1,0,female,38.0,0,1.205,1.304,0.0,0,0,0,0,0,0,0,0,0,0,0,0,0,0,0,0,0,shine,Day,0,0,0,0,0,0,1.5,0,2.685,0,1,0,0,0,0,0,1,0,0,,,0,0,0,0,0,0,0,0,0,0,0,0,0,,Australia,AUS,Oceania,-37.814218,144.963161,318.677,4917750.0,25687041.0,4.9,99.0,171.7,37.9,34.3
Melbourne,81n46krHrQA,Melbourne_81n46krHrQA,2454,True,0,0,1,0,0,,,0,3.333,3.691,0.0,0,0,0,0,0,0,0,0,0,0,0,0,0,0,0,0,0,shine,Day,0,0,0,0,0,0,0.5,0,2.825,0,1,0,0,0,0,0,1,0,0,,,0,0,0,0,0,0,0,0,0,0,0,0,0,,Australia,AUS,Oceania,-37.814218,144.963161,318.677,4917750.0,25687041.0,4.9,99.0,171.7,37.9,34.3
Melbourne,81n46krHrQA,Melbourne_81n46krHrQA,2501,True,0,0,1,0,0,,,0,0.116,1.883,0.0,0,0,0,0,0,0,0,0,0,0,0,0,0,0,0,0,0,shine,Day,0,0,0,0,0,0,5.0,0,2.4800000000000004,0,1,0,0,0,0,0,1,0,0,,,0,0,0,0,0,0,0,0,0,0,0,0,0,,Australia,AUS,Oceania,-37.814218,144.963161,318.677,4917750.0,25687041.0,4.9,99.0,171.7,37.9,34.3
Melbourne,81n46krHrQA,Melbourne_81n46krHrQA,2630,True,0,0,1,0,0,,,0,0.913,1.786,0.07,0,0,0,0,0,0,0,0,0,0,0,0,0,0,0,0,0,rain,Evening,0,0,0,0,0,0,0.5,0,2.025,0,1,0,0,0,0,0,1,0,0,,,0,0,0,0,0,0,0,0,0,0,0,0,0,,Australia,AUS,Oceania,-37.814218,144.963161,318.677,4917750.0,25687041.0,4.9,99.0,171.7,37.9,34.3
Melbourne,81n46krHrQA,Melbourne_81n46krHrQA,2898,True,0,0,1,0,0,male,38.0,1,6.172,5.862,0.0,0,0,0,0,0,0,0,0,0,0,0,0,0,0,0,0,0,shine,Day,0,0,0,0,0,0,3.0,0,1.87,0,1,0,0,0,0,1,1,0,0,,,0,0,1,0,0,1,0,0,0,0,0,0,0,,Australia,AUS,Oceania,-37.814218,144.963161,318.677,4917750.0,25687041.0,4.9,99.0,171.7,37.9,34.3
Melbourne,81n46krHrQA,Melbourne_81n46krHrQA,2954,True,0,0,1,0,0,male,48.0,0,2.464,2.05,0.0,0,0,0,0,0,0,0,0,0,0,0,0,0,0,0,0,0,shine,Day,0,0,0,0,0,0,1.75,0,0.895,0,0,0,0,0,0,0,1,0,0,,,0,0,1,0,0,0,0,0,0,0,0,0,0,,Australia,AUS,Oceania,-37.814218,144.963161,318.677,4917750.0,25687041.0,4.9,99.0,171.7,37.9,34.3
Melbourne,81n46krHrQA,Melbourne_81n46krHrQA,2957,True,1,1,1,0,0,,,0,1.545,1.249,0.0,0,0,0,0,0,0,0,0,0,0,0,0,0,0,0,0,0,rain,Evening,0,0,0,0,0,0,3.0,0,2.235,0,0,0,0,0,0,0,1,0,0,,,0,0,1,1,0,0,0,0,0,0,0,0,0,,Australia,AUS,Oceania,-37.814218,144.963161,318.677,4917750.0,25687041.0,4.9,99.0,171.7,37.9,34.3
Melbourne,81n46krHrQA,Melbourne_81n46krHrQA,2958,True,1,1,1,0,0,,,0,1.789,1.609,0.0,0,0,0,0,0,0,0,0,0,0,0,0,0,0,0,0,0,rain,Evening,0,0,0,0,0,0,3.0,0,2.235,0,0,0,0,0,0,0,1,0,0,,,0,0,1,1,0,0,0,0,0,0,0,0,0,,Australia,AUS,Oceania,-37.814218,144.963161,318.677,4917750.0,25687041.0,4.9,99.0,171.7,37.9,34.3
Melbourne,81n46krHrQA,Melbourne_81n46krHrQA,3087,True,0,0,0,0,0,,,0,1.153,1.039,0.0,0,0,0,0,0,0,0,0,0,0,0,0,0,0,0,0,0,sunrise,Day,0,0,0,0,0,0,0.75,0,2.7675000000000005,0,1,0,0,0,0,0,1,0,0,,,0,0,1,0,0,0,0,0,0,0,0,0,0,,Australia,AUS,Oceania,-37.814218,144.963161,318.677,4917750.0,25687041.0,4.9,99.0,171.7,37.9,34.3
Melbourne,81n46krHrQA,Melbourne_81n46krHrQA,3345,True,1,2,1,1,0,,,0,0.203,0.365,0.07,0,0,0,0,0,0,0,0,0,0,0,0,0,0,0,0,0,rain,Day,0,0,0,0,0,0,1.0769230769230769,0,2.463846153846154,0,1,0,0,0,0,0,1,0,0,,,0,0,0,0,0,0,0,0,0,0,0,0,0,,Australia,AUS,Oceania,-37.814218,144.963161,318.677,4917750.0,25687041.0,4.9,99.0,171.7,37.9,34.3
Melbourne,81n46krHrQA,Melbourne_81n46krHrQA,3352,True,2,2,1,1,0,,,0,0.186,0.449,,0,0,0,0,0,0,0,0,0,0,0,0,0,0,0,0,0,rain,Day,0,0,0,0,0,0,0.9090909090909092,0,2.410909090909091,0,1,0,0,0,0,0,1,0,0,,,0,0,0,0,0,0,0,0,0,0,0,0,0,,Australia,AUS,Oceania,-37.814218,144.963161,318.677,4917750.0,25687041.0,4.9,99.0,171.7,37.9,34.3
Melbourne,81n46krHrQA,Melbourne_81n46krHrQA,3355,True,2,1,1,1,0,,,0,1.098,0.902,0.0,0,0,0,0,0,0,0,0,0,0,0,0,0,0,0,0,0,rain,Day,0,0,0,0,0,0,0.8,0,2.366,0,1,0,0,0,0,0,1,0,0,,,0,0,0,0,0,0,0,0,0,0,0,0,0,,Australia,AUS,Oceania,-37.814218,144.963161,318.677,4917750.0,25687041.0,4.9,99.0,171.7,37.9,34.3
Melbourne,81n46krHrQA,Melbourne_81n46krHrQA,3551,True,0,0,1,0,0,,,0,0.737,0.014,0.0,0,0,0,0,0,0,0,0,0,0,0,0,0,0,0,0,0,shine,Day,0,0,0,0,0,0,5.375,0,1.99,0,1,0,0,0,0,0,1,0,0,,,0,0,0,0,0,0,0,0,0,0,0,0,0,,Australia,AUS,Oceania,-37.814218,144.963161,318.677,4917750.0,25687041.0,4.9,99.0,171.7,37.9,34.3
Melbourne,81n46krHrQA,Melbourne_81n46krHrQA,3637,True,0,1,1,0,0,,,1,1.49,0.883,0.0,0,0,0,0,0,0,0,0,0,0,0,0,0,0,0,0,0,rain,Day,0,0,0,0,0,0,2.0,0,2.103333333333333,0,1,0,0,0,0,1,1,0,0,,,0,1,0,0,0,1,0,1,0,1,0,0,0,,Australia,AUS,Oceania,-37.814218,144.963161,318.677,4917750.0,25687041.0,4.9,99.0,171.7,37.9,34.3
Melbourne,81n46krHrQA,Melbourne_81n46krHrQA,3780,True,1,2,1,0,0,,,0,0.878,1.418,0.0,0,0,0,0,0,0,0,0,0,0,0,0,0,0,0,0,0,rain,Day,0,0,0,0,0,0,4.2,0,2.614,0,1,0,0,0,0,0,1,0,0,,,0,1,1,0,0,0,0,0,0,1,1,0,0,,Australia,AUS,Oceania,-37.814218,144.963161,318.677,4917750.0,25687041.0,4.9,99.0,171.7,37.9,34.3
Melbourne,81n46krHrQA,Melbourne_81n46krHrQA,3781,True,1,2,1,0,0,male,71.0,0,1.515,1.792,0.0,0,0,0,0,0,0,0,0,0,0,0,0,0,0,0,0,0,rain,Day,0,0,0,0,0,0,4.2,0,2.614,0,1,0,0,0,0,0,1,0,0,,,0,1,1,0,0,0,0,0,0,1,1,0,0,,Australia,AUS,Oceania,-37.814218,144.963161,318.677,4917750.0,25687041.0,4.9,99.0,171.7,37.9,34.3
Milan,ZByZSqoqzaI,Milan_ZByZSqoqzaI,247,True,0,0,1,0,0,,,0,1.733,1.064,0.0,0,0,0,0,0,0,0,0,0,0,0,0,0,0,0,0,0,rain,Day,0,0,0,0,0,0,7.666666666666667,0,1.5133333333333334,0,1,0,0,0,0,1,1,0,0,,,0,0,0,0,0,0,0,0,0,0,0,0,0,,Italy,ITA,Europe,45.4641943,9.1896346,233.596,1371498.0,59554023.0,5.3,99.0,168.1,48.1,34.8
Milan,ZByZSqoqzaI,Milan_ZByZSqoqzaI,718,True,0,1,1,1,0,,,0,2.293,2.106,,0,0,0,0,0,0,0,0,0,0,0,0,0,0,0,0,0,shine,Day,0,0,0,0,0,0,4.6,0,1.6799999999999995,0,0,0,0,0,0,0,1,0,0,,,0,0,0,0,0,0,0,0,0,0,0,0,0,,Italy,ITA,Europe,45.4641943,9.1896346,233.596,1371498.0,59554023.0,5.3,99.0,168.1,48.1,34.8
Milan,ZByZSqoqzaI,Milan_ZByZSqoqzaI,835,True,0,0,0,0,0,,,0,0.71,2.44,0.0,0,0,0,0,0,0,0,0,0,0,0,0,0,0,0,0,0,rain,Day,0,0,0,0,0,0,4.25,0,1.3125,0,1,0,0,0,0,0,1,0,0,,,0,0,1,1,0,0,0,0,0,0,0,0,0,,Italy,ITA,Europe,45.4641943,9.1896346,233.596,1371498.0,59554023.0,5.3,99.0,168.1,48.1,34.8
Milan,ZByZSqoqzaI,Milan_ZByZSqoqzaI,1127,True,0,1,0,0,0,male,51.0,0,1.215,0.892,,0,0,0,0,0,0,0,0,0,0,0,0,0,0,0,0,0,rain,Day,0,0,0,0,0,0,4.2,0,1.536,0,1,0,0,0,0,0,1,0,0,,,0,0,1,1,0,0,0,1,0,0,0,0,0,,Italy,ITA,Europe,45.4641943,9.1896346,233.596,1371498.0,59554023.0,5.3,99.0,168.1,48.1,34.8
Milan,ZByZSqoqzaI,Milan_ZByZSqoqzaI,1134,True,1,1,0,0,0,,,0,1.459,1.865,0.0,0,0,0,0,0,0,0,0,0,0,0,0,0,0,0,0,0,rain,Day,0,0,0,0,1,0,3.6666666666666665,0,1.5666666666666669,0,1,0,0,0,0,0,1,0,0,,,0,0,1,1,0,0,0,1,0,0,0,0,0,,Italy,ITA,Europe,45.4641943,9.1896346,233.596,1371498.0,59554023.0,5.3,99.0,168.1,48.1,34.8
Milan,ZByZSqoqzaI,Milan_ZByZSqoqzaI,1187,True,0,0,1,0,0,,,0,1.278,1.797,0.0,0,0,0,0,0,0,0,0,0,0,0,0,0,0,0,0,0,shine,Day,0,0,0,0,0,0,2.333333333333333,0,1.91,0,1,0,0,0,0,0,1,0,0,,,0,0,0,0,0,0,0,1,0,0,0,0,0,,Italy,ITA,Europe,45.4641943,9.1896346,233.596,1371498.0,59554023.0,5.3,99.0,168.1,48.1,34.8
Milan,ZByZSqoqzaI,Milan_ZByZSqoqzaI,1441,True,0,0,0,1,0,,,0,1.733,1.178,0.0,0,0,0,0,0,0,0,0,0,0,0,0,0,0,0,0,0,shine,Day,0,0,0,0,0,0,8.0,1,1.378,0,1,0,0,0,0,0,1,0,0,,,0,0,1,0,0,0,0,0,0,0,0,0,0,,Italy,ITA,Europe,45.4641943,9.1896346,233.596,1371498.0,59554023.0,5.3,99.0,168.1,48.1,34.8
Milan,ZByZSqoqzaI,Milan_ZByZSqoqzaI,1486,True,0,1,0,0,0,,,0,1.247,1.043,0.0,0,0,0,0,0,0,0,0,0,0,0,1,0,0,0,0,0,shine,Day,0,0,0,0,0,0,4.0,0,1.245,0,0,0,0,0,0,0,1,0,0,,,0,0,1,0,0,1,0,0,0,0,0,0,0,,Italy,ITA,Europe,45.4641943,9.1896346,233.596,1371498.0,59554023.0,5.3,99.0,168.1,48.1,34.8
Milan,ZByZSqoqzaI,Milan_ZByZSqoqzaI,1492,True,1,1,1,0,0,,,0,0.456,0.012,0.0,0,0,0,0,0,0,0,0,0,0,0,0,0,0,0,0,0,shine,Day,0,0,0,0,0,0,4.2,0,1.5800000000000003,0,1,0,0,0,0,0,1,0,0,,,0,0,1,0,0,0,0,0,0,0,1,0,0,,Italy,ITA,Europe,45.4641943,9.1896346,233.596,1371498.0,59554023.0,5.3,99.0,168.1,48.1,34.8
Milan,ZByZSqoqzaI,Milan_ZByZSqoqzaI,1610,True,0,1,0,0,0,,,0,1.885,0.887,0.07,0,0,0,0,0,0,0,0,0,0,0,0,0,0,0,0,0,shine,Day,0,0,0,0,0,0,4.0,0,1.275,0,1,0,0,0,0,1,1,0,0,,,0,0,1,1,0,0,0,0,0,0,0,0,0,,Italy,ITA,Europe,45.4641943,9.1896346,233.596,1371498.0,59554023.0,5.3,99.0,168.1,48.1,34.8
Milan,ZByZSqoqzaI,Milan_ZByZSqoqzaI,2327,True,0,0,1,0,0,,,0,1.141,0.828,0.0,0,0,0,0,1,1,0,0,0,0,0,1,0,0,0,0,0,rain,Day,0,0,0,0,0,0,7.2,0,1.06,0,1,0,0,0,0,0,1,0,0,,,0,0,0,1,0,1,0,1,0,0,0,0,0,,Italy,ITA,Europe,45.4641943,9.1896346,233.596,1371498.0,59554023.0,5.3,99.0,168.1,48.1,34.8
Milan,ZByZSqoqzaI,Milan_ZByZSqoqzaI,2504,True,0,1,0,1,0,,,1,0.545,0.291,0.0,0,0,0,0,0,0,0,0,0,0,0,0,0,0,0,0,0,shine,Day,0,0,0,0,0,0,6.166666666666667,1,1.0450000000000002,0,1,0,0,0,0,1,1,0,0,,,0,0,1,1,0,0,0,1,0,0,0,0,0,,Italy,ITA,Europe,45.4641943,9.1896346,233.596,1371498.0,59554023.0,5.3,99.0,168.1,48.1,34.8
Milan,ZByZSqoqzaI,Milan_ZByZSqoqzaI,2820,True,0,0,1,0,0,,,0,0.592,0.282,0.0,0,0,0,0,1,1,0,0,0,0,0,1,1,0,0,0,0,rain,Day,0,0,0,0,0,0,5.333333333333333,0,1.8966666666666665,0,1,0,0,0,0,0,1,0,0,,,0,0,0,0,0,0,0,1,0,0,0,0,0,,Italy,ITA,Europe,45.4641943,9.1896346,233.596,1371498.0,59554023.0,5.3,99.0,168.1,48.1,34.8
Milan,ZByZSqoqzaI,Milan_ZByZSqoqzaI,2975,True,0,0,1,0,0,female,74.0,0,3.262,6.057,0.0,0,0,0,0,0,0,0,0,0,0,0,0,0,0,0,0,0,shine,Day,0,0,0,0,0,0,2.0,0,0.955,0,1,0,0,0,0,1,1,0,0,,,0,0,0,0,0,0,0,0,0,1,0,0,0,,Italy,ITA,Europe,45.4641943,9.1896346,233.596,1371498.0,59554023.0,5.3,99.0,168.1,48.1,34.8
Milan,ZByZSqoqzaI,Milan_ZByZSqoqzaI,3577,True,0,0,1,0,0,female,32.0,0,1.256,2.796,0.0,0,0,0,0,0,0,0,0,0,0,0,0,0,0,0,0,0,sunrise,Day,0,0,0,0,0,0,7.75,0,0.9875,0,0,0,0,0,0,0,1,0,0,,,0,0,1,0,0,0,0,1,0,0,0,0,0,,Italy,ITA,Europe,45.4641943,9.1896346,233.596,1371498.0,59554023.0,5.3,99.0,168.1,48.1,34.8
Milan,ZByZSqoqzaI,Milan_ZByZSqoqzaI,3996,True,0,0,1,0,0,,,0,1.747,,0.0,0,0,0,0,0,0,0,0,0,0,0,0,0,0,0,0,0,shine,Day,0,0,0,0,0,0,2.0,0,2.14,0,1,0,0,0,0,0,1,0,0,,,0,0,0,0,0,0,0,0,0,0,0,0,0,,Italy,ITA,Europe,45.4641943,9.1896346,233.596,1371498.0,59554023.0,5.3,99.0,168.1,48.1,34.8
Milan,ZByZSqoqzaI,Milan_ZByZSqoqzaI,4111,True,0,0,1,0,0,male,30.0,0,1.842,1.629,0.0,0,0,0,0,1,0,0,0,0,0,0,1,0,0,0,0,0,sunrise,Day,0,0,0,0,0,0,8.166666666666666,0,1.57,0,0,0,0,0,0,0,1,0,0,,,0,1,1,1,0,0,0,0,0,1,0,0,0,,Italy,ITA,Europe,45.4641943,9.1896346,233.596,1371498.0,59554023.0,5.3,99.0,168.1,48.1,34.8
Milan,ZByZSqoqzaI,Milan_ZByZSqoqzaI,4189,True,1,1,1,0,0,,,0,1.434,0.847,0.07,0,0,0,0,0,0,0,0,0,0,0,0,0,0,0,0,0,rain,Day,0,0,0,0,0,0,6.5,0,0.92,0,1,0,0,0,0,1,1,0,0,,,0,0,1,1,0,1,0,1,0,0,1,0,0,,Italy,ITA,Europe,45.4641943,9.1896346,233.596,1371498.0,59554023.0,5.3,99.0,168.1,48.1,34.8
Milan,ZByZSqoqzaI,Milan_ZByZSqoqzaI,4218,True,0,0,1,0,0,,,0,2.085,2.342,0.0,0,0,0,0,0,0,0,0,0,0,0,0,0,0,0,0,0,shine,Day,0,0,0,0,0,0,6.5,0,1.47,0,1,0,0,0,0,1,1,0,0,,,0,0,0,1,0,0,0,0,0,0,1,0,0,,Italy,ITA,Europe,45.4641943,9.1896346,233.596,1371498.0,59554023.0,5.3,99.0,168.1,48.1,34.8
Milan,ZByZSqoqzaI,Milan_ZByZSqoqzaI,4247,True,1,1,1,0,0,male,34.0,0,1.251,1.584,0.0,0,0,0,0,1,1,0,0,0,0,1,0,0,0,0,0,0,shine,Day,0,0,0,0,0,0,4.2,0,0.82,0,1,0,0,0,0,1,1,0,0,,,0,0,1,0,0,0,0,0,0,0,1,0,0,,Italy,ITA,Europe,45.4641943,9.1896346,233.596,1371498.0,59554023.0,5.3,99.0,168.1,48.1,34.8
Milan,ZByZSqoqzaI,Milan_ZByZSqoqzaI,4285,True,1,1,1,0,0,male,36.0,0,1.414,1.557,0.0,0,0,0,0,1,1,0,1,0,0,1,0,1,1,0,0,0,shine,Day,0,0,0,0,0,0,4.2,0,0.82,0,1,0,0,0,0,1,1,0,0,,,0,0,1,0,0,0,0,0,0,0,1,0,0,,Italy,ITA,Europe,45.4641943,9.1896346,233.596,1371498.0,59554023.0,5.3,99.0,168.1,48.1,34.8
Milan,ZByZSqoqzaI,Milan_ZByZSqoqzaI,4384,True,0,1,0,1,0,male,44.0,0,1.395,0.623,0.0,0,0,0,0,0,0,0,0,0,0,0,0,0,0,0,0,0,shine,Day,0,0,0,0,0,0,6.5,0,1.735,0,1,0,0,0,0,1,1,0,0,,,0,1,0,1,0,0,0,1,0,1,0,0,0,,Italy,ITA,Europe,45.4641943,9.1896346,233.596,1371498.0,59554023.0,5.3,99.0,168.1,48.1,34.8
Milan,ZByZSqoqzaI,Milan_ZByZSqoqzaI,4893,True,0,1,0,0,0,,,0,4.659,4.824,0.0,0,0,0,0,0,0,0,0,0,0,0,0,0,0,0,0,0,sunrise,Day,0,0,0,0,0,0,1.1666666666666667,1,1.54,0,1,0,0,0,0,0,1,0,0,,,0,0,1,0,0,0,0,0,0,0,0,0,0,,Italy,ITA,Europe,45.4641943,9.1896346,233.596,1371498.0,59554023.0,5.3,99.0,168.1,48.1,34.8
Milan,ZByZSqoqzaI,Milan_ZByZSqoqzaI,4965,True,0,0,1,1,0,,,0,0.64,0.243,0.0,0,0,0,0,0,0,0,0,0,0,0,0,0,0,0,0,0,rain,Day,0,0,0,0,0,0,3.0,1,1.653333333333333,0,1,0,0,0,0,0,1,0,0,,,0,0,0,0,0,0,0,0,0,0,0,0,0,,Italy,ITA,Europe,45.4641943,9.1896346,233.596,1371498.0,59554023.0,5.3,99.0,168.1,48.1,34.8
Milan,ZByZSqoqzaI,Milan_ZByZSqoqzaI,4974,True,1,1,1,1,0,,,0,0.566,0.52,0.0,0,0,0,0,1,0,0,0,0,0,0,0,0,0,0,0,0,rain,Day,0,0,0,0,0,0,3.0,0,0.75,0,1,0,0,0,0,1,1,0,0,,,0,0,0,0,0,0,0,0,0,0,0,0,0,,Italy,ITA,Europe,45.4641943,9.1896346,233.596,1371498.0,59554023.0,5.3,99.0,168.1,48.1,34.8
Milan,ZByZSqoqzaI,Milan_ZByZSqoqzaI,4977,True,1,1,1,1,0,,,1,0.607,0.279,0.07,0,0,0,0,0,0,0,0,0,0,0,1,0,0,0,0,0,sunrise,Day,0,0,0,0,0,0,5.333333333333333,0,1.1133333333333333,0,1,0,0,0,0,1,1,0,0,,,0,0,0,0,0,0,0,0,0,0,0,0,0,,Italy,ITA,Europe,45.4641943,9.1896346,233.596,1371498.0,59554023.0,5.3,99.0,168.1,48.1,34.8
Milan,ZByZSqoqzaI,Milan_ZByZSqoqzaI,5380,True,0,0,1,0,0,,,0,1.349,1.221,0.4,0,0,0,0,0,0,0,0,0,0,0,0,0,0,0,0,0,rain,Day,0,0,0,0,1,0,6.4,0,1.4460000000000002,0,1,0,0,0,0,1,1,0,0,,,0,0,1,0,0,0,0,0,0,1,0,0,0,,Italy,ITA,Europe,45.4641943,9.1896346,233.596,1371498.0,59554023.0,5.3,99.0,168.1,48.1,34.8
Milan,ZByZSqoqzaI,Milan_ZByZSqoqzaI,5636,True,0,0,1,0,0,male,38.0,0,1.232,0.699,,0,0,0,0,1,1,0,0,0,0,0,0,0,0,0,0,0,shine,Day,0,0,0,0,0,0,6.0,1,1.8533333333333333,0,1,0,0,0,0,0,1,0,0,,,0,0,1,0,0,1,0,0,0,0,0,0,0,,Italy,ITA,Europe,45.4641943,9.1896346,233.596,1371498.0,59554023.0,5.3,99.0,168.1,48.1,34.8
Milan,ZByZSqoqzaI,Milan_ZByZSqoqzaI,5742,True,0,0,0,0,0,male,34.0,0,1.081,1.289,0.0,0,0,0,0,0,0,0,0,0,0,0,1,0,0,0,0,0,shine,Day,0,0,0,0,0,0,1.2857142857142858,0,0.9228571428571428,0,1,0,0,0,0,0,1,0,0,,,0,0,0,0,0,0,0,1,0,0,0,0,0,,Italy,ITA,Europe,45.4641943,9.1896346,233.596,1371498.0,59554023.0,5.3,99.0,168.1,48.1,34.8
Milan,ZByZSqoqzaI,Milan_ZByZSqoqzaI,5773,True,2,2,0,0,0,male,34.0,0,0.545,0.053,0.13,1,0,0,0,0,0,0,0,0,0,0,1,0,0,0,0,0,shine,Day,0,0,0,0,0,0,7.0,0,1.495,0,1,0,0,0,0,0,1,0,0,,,0,0,1,0,0,0,0,1,0,0,0,0,0,,Italy,ITA,Europe,45.4641943,9.1896346,233.596,1371498.0,59554023.0,5.3,99.0,168.1,48.1,34.8
Milan,ZByZSqoqzaI,Milan_ZByZSqoqzaI,5815,True,0,1,0,0,0,male,26.0,0,3.936,4.188,0.0,0,0,0,0,0,0,0,0,0,0,0,0,0,0,0,0,0,shine,Day,0,0,0,0,0,0,5.333333333333333,0,1.8066666666666664,0,1,0,0,0,0,0,1,0,0,,,0,0,1,0,0,0,0,0,0,0,0,0,0,,Italy,ITA,Europe,45.4641943,9.1896346,233.596,1371498.0,59554023.0,5.3,99.0,168.1,48.1,34.8
Milan,ZByZSqoqzaI,Milan_ZByZSqoqzaI,5816,True,2,2,0,1,0,male,32.0,0,1.274,1.348,0.0,0,0,0,0,0,0,0,0,0,0,0,0,0,0,0,0,0,shine,Day,0,0,0,0,0,0,6.571428571428571,0,1.5742857142857145,0,1,0,0,0,0,0,1,0,0,,,0,0,1,0,0,0,0,0,0,0,0,0,0,,Italy,ITA,Europe,45.4641943,9.1896346,233.596,1371498.0,59554023.0,5.3,99.0,168.1,48.1,34.8
Milan,ZByZSqoqzaI,Milan_ZByZSqoqzaI,5825,True,3,2,0,1,0,male,29.0,0,1.516,1.395,0.0,0,0,0,0,0,0,0,0,0,0,0,0,0,0,0,0,0,shine,Day,0,0,0,0,0,0,6.285714285714286,0,1.8157142857142856,0,1,0,0,0,0,0,1,0,0,,,0,0,1,0,0,0,0,0,0,0,0,0,0,,Italy,ITA,Europe,45.4641943,9.1896346,233.596,1371498.0,59554023.0,5.3,99.0,168.1,48.1,34.8
Milan,ZByZSqoqzaI,Milan_ZByZSqoqzaI,5858,True,0,1,1,1,0,,,0,1.461,1.699,0.0,0,0,0,0,0,0,0,0,0,0,0,0,0,0,0,0,0,shine,Day,0,0,0,0,0,0,8.88888888888889,0,1.8722222222222225,0,1,0,0,0,0,0,1,0,0,,,0,0,1,0,0,0,0,1,0,0,0,0,0,,Italy,ITA,Europe,45.4641943,9.1896346,233.596,1371498.0,59554023.0,5.3,99.0,168.1,48.1,34.8
Milan,ZByZSqoqzaI,Milan_ZByZSqoqzaI,5915,True,1,1,1,0,0,,,0,1.728,,0.0,0,0,0,0,0,0,0,0,0,0,0,0,0,0,0,0,0,shine,Day,0,0,0,0,0,0,7.0,0,1.73,0,1,0,0,0,0,0,1,0,0,,,0,0,1,0,0,0,0,0,0,0,0,0,0,,Italy,ITA,Europe,45.4641943,9.1896346,233.596,1371498.0,59554023.0,5.3,99.0,168.1,48.1,34.8
Milan,ZByZSqoqzaI,Milan_ZByZSqoqzaI,6264,True,2,2,1,1,0,,,0,1.192,0.685,0.0,0,0,0,0,0,0,0,0,0,0,0,0,0,0,0,0,0,shine,Day,0,0,0,0,0,0,4.0,1,2.16,0,1,0,0,0,0,0,1,0,0,,,0,0,0,1,0,0,0,1,0,0,0,0,0,,Italy,ITA,Europe,45.4641943,9.1896346,233.596,1371498.0,59554023.0,5.3,99.0,168.1,48.1,34.8
Milan,ZByZSqoqzaI,Milan_ZByZSqoqzaI,6270,True,1,2,1,1,0,,,0,0.885,0.719,0.0,0,0,0,0,0,0,0,0,0,0,0,0,0,0,0,0,0,shine,Day,0,0,0,0,0,0,4.0,1,2.16,0,1,0,0,0,0,0,1,0,0,,,0,0,0,1,0,0,0,1,0,0,0,0,0,,Italy,ITA,Europe,45.4641943,9.1896346,233.596,1371498.0,59554023.0,5.3,99.0,168.1,48.1,34.8
Milan,ZByZSqoqzaI,Milan_ZByZSqoqzaI,6329,True,1,1,1,1,0,male,32.0,0,1.414,1.197,0.07,0,0,0,0,1,0,0,0,0,0,1,0,0,0,0,0,0,rain,Day,0,0,0,0,0,0,3.0,1,1.91,0,1,0,0,0,0,0,1,0,0,,,0,0,0,1,0,0,0,1,0,0,0,0,0,,Italy,ITA,Europe,45.4641943,9.1896346,233.596,1371498.0,59554023.0,5.3,99.0,168.1,48.1,34.8
Milan,ZByZSqoqzaI,Milan_ZByZSqoqzaI,6481,True,1,1,1,1,0,,,0,1.191,1.797,0.0,0,0,0,0,0,0,0,0,0,0,0,0,0,0,0,0,0,sunrise,Day,0,0,0,0,0,0,4.888888888888889,0,1.347777777777778,0,1,0,0,0,0,1,1,0,0,,,0,1,0,1,0,0,0,1,0,0,0,1,0,,Italy,ITA,Europe,45.4641943,9.1896346,233.596,1371498.0,59554023.0,5.3,99.0,168.1,48.1,34.8
Milan,ZByZSqoqzaI,Milan_ZByZSqoqzaI,6704,True,0,0,1,0,0,,,0,1.337,1.985,0.0,0,0,0,0,0,0,0,0,0,0,0,0,0,0,0,0,0,cloudy,Day,0,0,0,0,0,0,4.166666666666667,0,1.8016666666666667,0,1,0,0,0,0,1,1,0,0,,,0,1,1,1,0,0,0,1,0,0,1,0,0,,Italy,ITA,Europe,45.4641943,9.1896346,233.596,1371498.0,59554023.0,5.3,99.0,168.1,48.1,34.8
Milan,ZByZSqoqzaI,Milan_ZByZSqoqzaI,6901,True,0,0,1,0,0,,,0,1.361,,0.0,0,0,0,0,0,0,0,0,0,0,0,0,0,0,0,0,0,sunrise,Day,0,0,0,0,0,0,2.0,0,0.97,0,1,0,0,0,0,1,0,0,0,,,0,1,0,0,0,0,0,0,0,0,0,0,0,,Italy,ITA,Europe,45.4641943,9.1896346,233.596,1371498.0,59554023.0,5.3,99.0,168.1,48.1,34.8
Milan,ZByZSqoqzaI,Milan_ZByZSqoqzaI,6929,True,0,0,1,0,0,,,0,1.355,,0.0,0,0,0,0,0,0,0,0,0,0,0,0,0,0,0,0,0,rain,Day,0,0,0,0,0,0,3.0,0,2.14,0,1,0,0,0,0,0,0,0,0,,,0,0,1,0,0,0,0,0,0,0,1,0,0,,Italy,ITA,Europe,45.4641943,9.1896346,233.596,1371498.0,59554023.0,5.3,99.0,168.1,48.1,34.8
Milan,ZByZSqoqzaI,Milan_ZByZSqoqzaI,6942,True,0,1,1,0,0,,,0,1.727,1.148,0.0,0,0,0,0,0,0,0,0,0,0,0,0,0,0,0,0,0,sunrise,Day,0,0,0,0,0,0,2.0,0,2.16,0,1,0,0,0,0,1,1,0,0,,,0,0,0,1,0,0,0,0,0,0,0,0,0,,Italy,ITA,Europe,45.4641943,9.1896346,233.596,1371498.0,59554023.0,5.3,99.0,168.1,48.1,34.8
Milan,ZByZSqoqzaI,Milan_ZByZSqoqzaI,6963,True,1,1,1,0,0,,,0,2.348,0.762,0.0,0,0,0,0,0,0,0,0,0,0,0,0,0,0,0,0,0,shine,Day,0,0,0,0,0,0,3.6666666666666665,1,1.585,0,1,0,0,0,0,1,1,0,0,,,0,0,1,1,0,0,0,1,0,0,0,0,0,,Italy,ITA,Europe,45.4641943,9.1896346,233.596,1371498.0,59554023.0,5.3,99.0,168.1,48.1,34.8
Milan,ZByZSqoqzaI,Milan_ZByZSqoqzaI,7147,True,0,0,1,0,0,,,0,1.096,0.86,0.0,0,0,0,0,0,0,0,0,0,0,0,0,0,0,0,0,0,sunrise,Day,0,0,0,0,0,0,8.11111111111111,0,1.4122222222222225,0,1,0,0,0,0,0,1,0,0,,,0,0,1,0,0,1,0,1,0,0,0,0,0,,Italy,ITA,Europe,45.4641943,9.1896346,233.596,1371498.0,59554023.0,5.3,99.0,168.1,48.1,34.8
Milan,ZByZSqoqzaI,Milan_ZByZSqoqzaI,7422,True,0,1,1,0,0,,,0,1.797,1.285,0.0,0,0,0,0,0,0,0,0,0,0,0,0,0,0,0,0,0,shine,Day,0,0,0,0,0,0,3.0,0,1.6450000000000002,0,1,0,0,0,0,0,1,0,0,,,0,0,1,0,0,0,0,1,0,0,1,0,0,,Italy,ITA,Europe,45.4641943,9.1896346,233.596,1371498.0,59554023.0,5.3,99.0,168.1,48.1,34.8
Milan,ZByZSqoqzaI,Milan_ZByZSqoqzaI,7430,True,0,1,1,0,0,male,30.0,0,2.263,1.804,0.0,0,0,0,0,0,0,0,0,0,0,0,0,0,0,0,0,0,shine,Day,0,0,0,0,0,0,3.0,0,1.5699999999999998,0,1,0,0,0,0,0,1,0,0,,,0,0,1,0,0,0,0,1,0,0,1,0,0,,Italy,ITA,Europe,45.4641943,9.1896346,233.596,1371498.0,59554023.0,5.3,99.0,168.1,48.1,34.8
Milan,ZByZSqoqzaI,Milan_ZByZSqoqzaI,7474,True,0,0,1,1,0,,,0,1.37,1.114,0.0,0,0,0,0,1,0,0,0,0,0,0,1,0,0,0,0,0,shine,Day,0,0,0,0,0,0,3.6666666666666665,0,1.0566666666666666,0,1,0,0,0,0,0,1,0,0,,,0,0,1,0,0,0,0,1,0,0,0,0,0,,Italy,ITA,Europe,45.4641943,9.1896346,233.596,1371498.0,59554023.0,5.3,99.0,168.1,48.1,34.8
Milan,ZByZSqoqzaI,Milan_ZByZSqoqzaI,7512,True,1,1,0,0,0,,,0,0.126,0.129,0.0,0,0,0,0,0,1,0,0,0,0,0,1,0,0,0,0,0,cloudy,Day,0,0,0,0,1,0,3.75,0,0.9525,0,1,0,0,0,0,0,1,0,0,,,0,0,1,0,0,0,0,0,0,0,0,0,0,,Italy,ITA,Europe,45.4641943,9.1896346,233.596,1371498.0,59554023.0,5.3,99.0,168.1,48.1,34.8
Milan,ZByZSqoqzaI,Milan_ZByZSqoqzaI,7712,True,0,0,1,0,0,,,0,2.508,2.502,0.0,0,0,0,0,0,0,0,0,0,0,0,0,0,0,0,0,0,shine,Day,0,0,0,0,0,0,1.5,0,2.01,0,1,0,0,0,0,0,1,0,0,,,0,0,0,0,0,0,0,0,0,0,0,0,0,,Italy,ITA,Europe,45.4641943,9.1896346,233.596,1371498.0,59554023.0,5.3,99.0,168.1,48.1,34.8
Milan,ZByZSqoqzaI,Milan_ZByZSqoqzaI,8127,True,0,0,0,0,0,female,37.0,0,0.047,0.315,0.0,0,0,0,0,0,0,0,0,0,0,0,0,0,0,0,0,0,shine,Day,0,0,0,0,0,0,5.0,0,0.5025,0,1,0,0,0,0,0,1,0,0,,,0,0,0,1,0,0,0,1,0,0,1,0,0,,Italy,ITA,Europe,45.4641943,9.1896346,233.596,1371498.0,59554023.0,5.3,99.0,168.1,48.1,34.8
Milan,ZByZSqoqzaI,Milan_ZByZSqoqzaI,8311,True,0,0,1,0,0,female,31.0,0,1.672,2.135,0.0,0,0,0,0,0,1,0,0,0,0,0,0,0,0,0,0,0,rain,Day,0,0,0,0,0,0,10.6,0,0.932,0,0,0,0,0,0,0,1,0,0,,,0,0,1,1,0,0,0,1,0,0,0,0,0,,Italy,ITA,Europe,45.4641943,9.1896346,233.596,1371498.0,59554023.0,5.3,99.0,168.1,48.1,34.8
Milan,ZByZSqoqzaI,Milan_ZByZSqoqzaI,8404,True,2,2,1,0,0,,,0,0.704,0.464,0.0,0,0,0,0,0,0,0,0,0,0,0,0,0,0,0,0,0,rain,Day,0,0,0,0,0,0,4.5,0,1.785,0,1,0,0,0,0,0,1,0,0,,,0,0,1,0,0,0,0,0,0,0,0,0,0,,Italy,ITA,Europe,45.4641943,9.1896346,233.596,1371498.0,59554023.0,5.3,99.0,168.1,48.1,34.8
Milan,ZByZSqoqzaI,Milan_ZByZSqoqzaI,8409,True,1,1,1,0,0,,,0,0.891,0.604,0.0,0,0,0,0,0,0,0,0,0,0,0,0,0,0,0,0,0,rain,Day,0,0,0,0,0,0,3.0,0,1.475,0,1,0,0,0,0,0,1,0,0,,,0,0,0,0,0,0,0,0,0,0,0,0,0,,Italy,ITA,Europe,45.4641943,9.1896346,233.596,1371498.0,59554023.0,5.3,99.0,168.1,48.1,34.8
Milan,ZByZSqoqzaI,Milan_ZByZSqoqzaI,8449,True,0,0,1,0,0,male,32.0,0,1.237,0.799,,0,0,0,0,0,0,0,0,0,0,0,0,0,0,0,0,0,sunrise,Day,0,0,0,0,1,0,5.0,0,0.8133333333333334,0,1,0,0,0,0,0,1,0,0,,,0,0,0,0,0,0,0,0,0,0,0,0,0,,Italy,ITA,Europe,45.4641943,9.1896346,233.596,1371498.0,59554023.0,5.3,99.0,168.1,48.1,34.8
Milan,ZByZSqoqzaI,Milan_ZByZSqoqzaI,8595,True,0,0,1,0,0,,,0,1.027,0.86,0.0,0,0,0,0,0,0,0,0,0,0,0,0,0,0,0,0,0,sunrise,Day,0,0,0,0,0,0,2.0,0,1.545,0,1,0,0,0,0,0,1,0,0,,,0,0,0,0,0,0,0,0,0,0,1,0,0,,Italy,ITA,Europe,45.4641943,9.1896346,233.596,1371498.0,59554023.0,5.3,99.0,168.1,48.1,34.8
Milan,ZByZSqoqzaI,Milan_ZByZSqoqzaI,8618,True,0,0,1,0,0,male,32.0,0,2.17,3.962,0.0,0,0,0,0,0,0,0,0,0,0,0,0,0,0,0,0,0,sunrise,Day,0,0,0,0,0,0,1.3333333333333333,0,1.3666666666666665,0,1,0,0,0,0,0,1,0,0,,,0,0,0,0,0,0,0,0,0,0,0,0,0,,Italy,ITA,Europe,45.4641943,9.1896346,233.596,1371498.0,59554023.0,5.3,99.0,168.1,48.1,34.8
Milan,ZByZSqoqzaI,Milan_ZByZSqoqzaI,8623,True,1,1,1,0,0,,,0,1.888,2.797,0.0,0,0,0,0,0,0,0,0,0,0,0,0,0,0,0,0,0,sunrise,Day,0,0,0,0,0,0,1.5,0,1.67,0,1,0,0,0,0,0,1,0,0,,,0,0,0,0,0,0,0,1,0,0,0,0,0,,Italy,ITA,Europe,45.4641943,9.1896346,233.596,1371498.0,59554023.0,5.3,99.0,168.1,48.1,34.8
Milan,ZByZSqoqzaI,Milan_ZByZSqoqzaI,8632,True,1,1,1,0,0,,,0,2.372,2.194,0.0,0,0,0,0,0,0,0,0,0,0,0,0,0,0,0,0,0,shine,Day,0,0,0,0,0,0,1.5,0,1.3866666666666667,0,1,0,0,0,0,0,1,0,0,,,0,0,0,0,0,0,0,1,0,0,0,0,0,,Italy,ITA,Europe,45.4641943,9.1896346,233.596,1371498.0,59554023.0,5.3,99.0,168.1,48.1,34.8
Milan,ZByZSqoqzaI,Milan_ZByZSqoqzaI,8639,True,0,0,1,0,0,,,0,2.091,2.549,0.0,0,0,0,0,0,0,0,0,0,0,0,0,0,0,0,0,0,shine,Day,0,0,0,0,0,0,1.5,0,1.4175,0,1,0,0,0,0,0,1,0,0,,,0,0,0,0,0,0,0,1,0,0,0,0,0,,Italy,ITA,Europe,45.4641943,9.1896346,233.596,1371498.0,59554023.0,5.3,99.0,168.1,48.1,34.8
Milan,ZByZSqoqzaI,Milan_ZByZSqoqzaI,8676,True,0,0,0,0,0,,,0,1.982,7.686,0.0,0,0,0,0,1,1,0,0,0,0,0,1,0,0,0,0,0,sunrise,Day,0,0,0,0,0,0,2.5,0,1.665,0,1,0,0,0,0,0,1,0,0,,,0,0,1,0,0,0,0,0,0,0,0,0,0,,Italy,ITA,Europe,45.4641943,9.1896346,233.596,1371498.0,59554023.0,5.3,99.0,168.1,48.1,34.8
Monaco,ij6xccYYIuE,Monaco_ij6xccYYIuE,161,True,0,0,1,0,0,,,0,2.758,1.177,0.0,0,0,0,0,0,0,0,0,0,0,0,0,0,0,0,0,0,cloudy,Day,0,0,0,0,0,0,0.0,0,1.6150000000000002,0,1,0,0,0,0,0,0,0,0,,,0,0,0,0,0,0,0,0,0,0,0,0,0,,Monaco,MCO,Europe,43.738418,7.424616,6.816,32965.0,39244.0,5.5,99.0,180.0,56.2,27.5
Monaco,ij6xccYYIuE,Monaco_ij6xccYYIuE,387,True,0,0,1,0,0,,,0,1.815,1.008,0.0,0,0,0,0,0,0,0,0,0,0,0,0,0,0,0,0,0,sunrise,Day,0,0,0,0,0,0,1.3333333333333333,0,1.835,0,1,0,0,0,0,1,1,0,0,,,0,0,0,0,0,0,0,0,0,0,0,0,0,,Monaco,MCO,Europe,43.738418,7.424616,6.816,32965.0,39244.0,5.5,99.0,180.0,56.2,27.5
Monaco,ij6xccYYIuE,Monaco_ij6xccYYIuE,414,True,0,0,1,0,0,,,0,1.769,,0.0,0,0,0,0,1,1,0,0,0,0,0,0,0,0,0,1,0,shine,Night,0,0,0,0,0,0,1.0,0,1.33,0,1,0,0,0,0,0,1,0,0,,,0,0,0,0,0,0,0,0,0,0,0,0,0,,Monaco,MCO,Europe,43.738418,7.424616,6.816,32965.0,39244.0,5.5,99.0,180.0,56.2,27.5
Monaco,ij6xccYYIuE,Monaco_ij6xccYYIuE,476,True,0,0,1,0,0,,,0,1.485,0.553,0.0,0,0,0,0,0,0,0,0,0,0,0,0,0,0,0,0,0,sunrise,Day,0,0,0,0,0,0,1.0,0,2.215,0,1,0,0,0,0,1,1,0,0,,,0,0,1,0,0,0,0,0,0,0,0,0,0,,Monaco,MCO,Europe,43.738418,7.424616,6.816,32965.0,39244.0,5.5,99.0,180.0,56.2,27.5
Monaco,ij6xccYYIuE,Monaco_ij6xccYYIuE,543,True,0,0,1,0,0,,,0,3.665,2.396,0.0,0,0,0,0,0,0,0,0,0,0,0,0,0,0,0,0,0,sunrise,Evening,0,0,0,0,0,0,0.6666666666666666,0,1.9566666666666663,0,1,0,0,0,0,0,1,0,0,,,0,0,0,0,0,0,0,0,0,0,0,0,0,,Monaco,MCO,Europe,43.738418,7.424616,6.816,32965.0,39244.0,5.5,99.0,180.0,56.2,27.5
Monaco,ij6xccYYIuE,Monaco_ij6xccYYIuE,640,True,1,2,0,0,0,,,1,1.267,1.328,0.0,0,0,0,0,0,0,0,0,0,0,0,0,0,0,0,0,0,shine,Evening,0,0,0,0,0,0,1.0,1,1.435,0,0,0,0,0,0,0,1,0,0,,,0,0,0,0,0,0,0,0,0,0,0,0,0,,Monaco,MCO,Europe,43.738418,7.424616,6.816,32965.0,39244.0,5.5,99.0,180.0,56.2,27.5
Monaco,ij6xccYYIuE,Monaco_ij6xccYYIuE,641,True,2,2,1,0,0,,,0,1.159,1.554,0.0,0,0,0,0,0,0,0,0,0,0,0,0,0,0,0,0,0,cloudy,Evening,0,0,0,0,0,0,1.6666666666666667,1,1.3166666666666669,0,0,0,0,0,0,1,1,0,0,,,0,0,1,0,0,1,0,0,0,0,0,0,0,,Monaco,MCO,Europe,43.738418,7.424616,6.816,32965.0,39244.0,5.5,99.0,180.0,56.2,27.5
Monaco,ij6xccYYIuE,Monaco_ij6xccYYIuE,678,True,2,2,1,0,0,,,0,0.849,0.976,0.0,0,0,0,0,0,0,0,0,0,0,0,0,0,0,0,0,0,cloudy,Evening,0,0,0,0,0,0,1.5,0,2.3,0,0,0,0,0,0,1,1,0,0,,,0,0,0,0,0,0,0,0,0,0,0,0,0,,Monaco,MCO,Europe,43.738418,7.424616,6.816,32965.0,39244.0,5.5,99.0,180.0,56.2,27.5
Monaco,ij6xccYYIuE,Monaco_ij6xccYYIuE,681,True,2,2,1,0,0,,,0,0.75,0.59,0.0,0,0,0,0,0,0,0,0,0,0,0,0,0,0,0,0,0,cloudy,Evening,0,0,0,0,0,0,1.5,0,2.3,0,0,0,0,0,0,1,1,0,0,,,0,0,0,0,0,0,0,0,0,0,0,0,0,,Monaco,MCO,Europe,43.738418,7.424616,6.816,32965.0,39244.0,5.5,99.0,180.0,56.2,27.5
Monaco,ij6xccYYIuE,Monaco_ij6xccYYIuE,684,True,1,1,1,0,0,,,0,0.575,1.495,0.4,0,0,0,0,0,0,0,0,0,0,0,0,0,0,0,0,0,shine,Day,0,0,0,0,0,0,1.5,0,1.49,0,1,0,0,0,0,0,1,0,0,,,0,0,0,0,0,0,0,0,0,0,0,0,0,,Monaco,MCO,Europe,43.738418,7.424616,6.816,32965.0,39244.0,5.5,99.0,180.0,56.2,27.5
Monaco,ij6xccYYIuE,Monaco_ij6xccYYIuE,686,True,1,1,1,0,0,,,0,0.621,0.997,0.07,0,0,0,0,0,0,0,0,0,0,0,0,0,0,0,0,0,shine,Day,0,0,0,0,0,0,1.5,0,1.49,0,1,0,0,0,0,0,1,0,0,,,0,0,0,0,0,0,0,0,0,0,0,0,0,,Monaco,MCO,Europe,43.738418,7.424616,6.816,32965.0,39244.0,5.5,99.0,180.0,56.2,27.5
Monaco,ij6xccYYIuE,Monaco_ij6xccYYIuE,693,True,1,1,0,0,0,,,0,2.505,2.481,,0,0,0,0,0,0,0,0,0,0,0,0,0,0,0,0,0,sunrise,Day,0,0,0,0,0,0,0.0,1,1.6233333333333333,0,1,0,0,0,0,0,0,0,0,,,0,0,0,0,0,0,0,0,0,0,0,0,0,,Monaco,MCO,Europe,43.738418,7.424616,6.816,32965.0,39244.0,5.5,99.0,180.0,56.2,27.5
Monaco,ij6xccYYIuE,Monaco_ij6xccYYIuE,773,True,0,0,1,0,0,,,0,0.827,3.635,0.0,0,0,0,0,0,0,0,0,0,0,0,0,0,0,0,0,0,cloudy,Evening,0,0,0,0,0,0,4.333333333333333,0,1.29,0,1,0,0,0,0,1,1,0,0,,,0,0,1,0,0,0,0,0,0,0,1,0,0,,Monaco,MCO,Europe,43.738418,7.424616,6.816,32965.0,39244.0,5.5,99.0,180.0,56.2,27.5
Monaco,ij6xccYYIuE,Monaco_ij6xccYYIuE,792,True,0,0,1,0,0,,,0,1.48,1.038,0.0,0,0,0,0,0,0,0,0,0,0,0,0,0,0,0,0,0,sunrise,Evening,0,0,0,0,0,0,4.0,0,2.215,0,1,0,0,0,0,0,1,0,0,,,0,0,1,0,0,0,0,0,0,0,1,0,0,,Monaco,MCO,Europe,43.738418,7.424616,6.816,32965.0,39244.0,5.5,99.0,180.0,56.2,27.5
Monaco,ij6xccYYIuE,Monaco_ij6xccYYIuE,904,True,1,1,1,0,0,,,0,4.509,4.126,0.0,0,0,0,0,0,0,0,0,0,0,0,0,0,0,0,0,0,shine,Day,0,0,0,0,0,0,1.5,0,1.65,0,1,0,0,0,0,0,1,0,0,,,0,0,0,0,0,0,0,0,0,0,1,0,0,,Monaco,MCO,Europe,43.738418,7.424616,6.816,32965.0,39244.0,5.5,99.0,180.0,56.2,27.5
Monaco,ij6xccYYIuE,Monaco_ij6xccYYIuE,977,True,2,2,1,0,0,,,0,1.234,0.513,0.0,0,0,0,0,0,1,0,0,0,0,0,1,0,0,0,0,0,rain,Day,0,0,0,0,0,0,6.0,0,2.3,0,1,0,0,0,0,0,1,0,0,,,0,0,1,0,0,0,0,1,0,0,0,0,0,,Monaco,MCO,Europe,43.738418,7.424616,6.816,32965.0,39244.0,5.5,99.0,180.0,56.2,27.5
Monaco,ij6xccYYIuE,Monaco_ij6xccYYIuE,1009,True,0,0,1,0,0,,,0,2.206,2.049,0.0,0,0,0,0,0,0,0,0,0,0,0,0,0,0,0,0,0,sunrise,Day,0,0,0,0,0,0,3.0,0,2.4566666666666666,0,1,0,0,0,0,0,1,0,0,,,0,0,1,0,0,1,0,1,0,0,0,0,0,,Monaco,MCO,Europe,43.738418,7.424616,6.816,32965.0,39244.0,5.5,99.0,180.0,56.2,27.5
Monaco,ij6xccYYIuE,Monaco_ij6xccYYIuE,1055,True,0,1,1,0,0,male,43.0,0,1.127,0.207,0.0,0,0,0,0,0,0,0,0,0,0,0,0,0,0,0,0,0,cloudy,Day,0,0,0,0,0,0,1.0,0,1.16,0,1,0,0,0,0,0,1,0,0,,,0,0,0,0,0,0,0,1,0,0,0,0,0,,Monaco,MCO,Europe,43.738418,7.424616,6.816,32965.0,39244.0,5.5,99.0,180.0,56.2,27.5
Monaco,ij6xccYYIuE,Monaco_ij6xccYYIuE,1061,True,0,1,1,0,0,,,0,1.778,0.902,0.0,0,0,0,0,0,0,0,0,0,0,0,0,0,0,0,0,0,cloudy,Day,0,0,0,0,0,0,1.0,0,1.16,0,1,0,0,0,0,0,1,0,0,,,0,0,0,0,0,0,0,1,0,0,0,0,0,,Monaco,MCO,Europe,43.738418,7.424616,6.816,32965.0,39244.0,5.5,99.0,180.0,56.2,27.5
Monaco,ij6xccYYIuE,Monaco_ij6xccYYIuE,1067,True,1,1,1,0,0,,,0,2.595,3.073,0.0,0,0,0,0,0,0,0,0,0,0,0,0,0,0,0,0,0,shine,Day,0,0,0,0,0,0,0.0,0,0.395,0,1,0,0,0,0,0,0,0,0,,,0,0,0,0,0,0,0,0,0,0,0,0,0,,Monaco,MCO,Europe,43.738418,7.424616,6.816,32965.0,39244.0,5.5,99.0,180.0,56.2,27.5
Monaco,ij6xccYYIuE,Monaco_ij6xccYYIuE,1098,True,1,2,1,0,0,,,0,1.055,1.187,0.0,0,0,0,0,0,0,0,0,0,0,0,0,0,0,0,0,0,shine,Evening,0,0,0,0,0,0,2.0,0,2.15,0,1,0,0,0,0,0,1,0,0,,,0,0,1,0,0,0,0,0,0,0,0,0,0,,Monaco,MCO,Europe,43.738418,7.424616,6.816,32965.0,39244.0,5.5,99.0,180.0,56.2,27.5
Monaco,ij6xccYYIuE,Monaco_ij6xccYYIuE,1111,True,1,1,1,0,0,,,0,1.057,0.827,0.0,0,0,0,0,0,0,0,0,0,0,0,0,0,0,0,0,0,rain,Evening,0,0,0,0,0,0,3.0,0,1.445,0,1,0,0,0,0,0,1,0,0,,,0,0,1,0,0,0,0,0,0,0,0,0,0,,Monaco,MCO,Europe,43.738418,7.424616,6.816,32965.0,39244.0,5.5,99.0,180.0,56.2,27.5
Monaco,ij6xccYYIuE,Monaco_ij6xccYYIuE,1115,True,1,1,1,0,0,male,35.0,0,1.168,1.346,0.0,0,0,0,0,0,0,0,0,0,0,0,0,0,0,0,0,0,rain,Evening,0,0,0,0,0,0,3.0,0,1.445,0,1,0,0,0,0,0,1,0,0,,,0,0,1,0,0,0,0,0,0,0,0,0,0,,Monaco,MCO,Europe,43.738418,7.424616,6.816,32965.0,39244.0,5.5,99.0,180.0,56.2,27.5
Monaco,ij6xccYYIuE,Monaco_ij6xccYYIuE,1336,True,1,1,1,0,0,,,0,1.699,0.817,0.0,0,0,0,0,0,0,0,0,0,0,0,0,0,0,0,0,0,sunrise,Evening,0,0,0,0,0,0,1.0,0,0.885,0,1,0,0,0,0,0,0,0,0,,,0,0,0,0,0,0,0,0,0,0,1,0,0,,Monaco,MCO,Europe,43.738418,7.424616,6.816,32965.0,39244.0,5.5,99.0,180.0,56.2,27.5
Monaco,ij6xccYYIuE,Monaco_ij6xccYYIuE,1337,True,1,1,1,0,0,,,0,1.923,0.867,0.0,0,0,0,0,0,0,0,0,0,0,0,0,0,0,0,0,0,sunrise,Evening,0,0,0,0,0,0,1.0,0,0.885,0,1,0,0,0,0,0,0,0,0,,,0,0,0,0,0,0,0,0,0,0,1,0,0,,Monaco,MCO,Europe,43.738418,7.424616,6.816,32965.0,39244.0,5.5,99.0,180.0,56.2,27.5
Monaco,ij6xccYYIuE,Monaco_ij6xccYYIuE,1610,True,1,1,1,1,0,,,0,0.928,1.631,0.0,0,0,0,0,0,0,0,0,0,0,0,0,0,0,0,0,0,shine,Evening,0,0,0,0,0,0,0.6,0,2.3280000000000003,0,1,0,0,0,0,1,0,0,0,,,0,0,0,0,0,0,0,0,0,0,0,0,0,,Monaco,MCO,Europe,43.738418,7.424616,6.816,32965.0,39244.0,5.5,99.0,180.0,56.2,27.5
Monaco,ij6xccYYIuE,Monaco_ij6xccYYIuE,1747,True,0,0,1,0,0,female,30.0,0,2.744,0.966,0.0,0,0,0,0,0,0,0,0,0,0,0,0,0,0,0,0,0,sunrise,Evening,0,0,0,0,0,0,0.6666666666666666,0,2.24,0,1,0,0,0,0,0,1,0,0,,,0,0,1,0,0,0,0,0,0,0,0,0,0,,Monaco,MCO,Europe,43.738418,7.424616,6.816,32965.0,39244.0,5.5,99.0,180.0,56.2,27.5
Monaco,ij6xccYYIuE,Monaco_ij6xccYYIuE,1790,True,2,1,1,0,0,,,0,0.564,0.254,0.0,0,0,0,0,0,0,0,0,0,0,0,0,0,0,0,0,0,shine,Night,0,0,0,0,0,0,2.0,0,2.2825,0,1,0,0,0,0,0,1,0,0,,,0,1,1,1,0,0,0,0,0,0,1,0,0,,Monaco,MCO,Europe,43.738418,7.424616,6.816,32965.0,39244.0,5.5,99.0,180.0,56.2,27.5
Monaco,ij6xccYYIuE,Monaco_ij6xccYYIuE,1889,True,0,0,1,0,0,,,0,1.804,0.646,0.0,0,0,0,0,0,0,0,0,0,0,0,0,0,0,0,0,0,sunrise,Day,0,0,0,0,0,0,3.5,1,2.065,0,1,0,0,0,0,0,1,0,0,,,0,0,0,0,0,0,0,1,0,0,0,0,0,,Monaco,MCO,Europe,43.738418,7.424616,6.816,32965.0,39244.0,5.5,99.0,180.0,56.2,27.5
Monaco,ij6xccYYIuE,Monaco_ij6xccYYIuE,1891,True,2,2,1,0,0,,,0,0.897,0.648,0.0,0,0,0,0,0,0,0,0,0,0,0,0,0,0,0,0,0,rain,Night,0,0,0,0,0,0,2.0,0,2.685,0,1,0,0,0,0,0,1,0,0,,,0,1,1,0,0,0,0,0,0,0,0,0,0,,Monaco,MCO,Europe,43.738418,7.424616,6.816,32965.0,39244.0,5.5,99.0,180.0,56.2,27.5
Monaco,ij6xccYYIuE,Monaco_ij6xccYYIuE,1896,True,0,0,1,0,0,,,0,4.274,,0.0,0,0,0,0,0,0,0,0,0,0,0,0,0,0,0,0,0,rain,Night,0,0,0,0,0,0,3.0,0,2.67,0,1,0,0,0,0,0,1,0,0,,,0,1,1,0,0,0,0,0,0,0,0,0,0,,Monaco,MCO,Europe,43.738418,7.424616,6.816,32965.0,39244.0,5.5,99.0,180.0,56.2,27.5
Monaco,ij6xccYYIuE,Monaco_ij6xccYYIuE,1900,True,2,2,1,0,0,,,0,1.006,0.654,,0,0,0,0,0,0,0,0,0,0,0,0,0,0,0,0,0,rain,Night,0,0,0,0,0,0,2.0,0,2.685,0,1,0,0,0,0,0,1,0,0,,,0,1,1,0,0,0,0,0,0,0,0,0,0,,Monaco,MCO,Europe,43.738418,7.424616,6.816,32965.0,39244.0,5.5,99.0,180.0,56.2,27.5
Monaco,ij6xccYYIuE,Monaco_ij6xccYYIuE,1998,True,0,0,1,0,0,,,0,1.356,5.006,0.0,0,0,0,0,0,0,0,0,0,0,0,0,0,0,0,0,0,sunrise,Night,0,0,0,0,0,0,1.0,0,2.245,0,1,0,0,1,0,0,0,0,0,,,0,0,1,0,0,0,0,0,0,0,0,0,0,,Monaco,MCO,Europe,43.738418,7.424616,6.816,32965.0,39244.0,5.5,99.0,180.0,56.2,27.5
Monaco,ij6xccYYIuE,Monaco_ij6xccYYIuE,2065,True,0,0,1,0,0,,,0,2.678,2.303,0.0,0,0,0,0,0,0,0,0,0,0,0,0,0,0,0,0,0,sunrise,Night,0,0,0,0,0,0,1.0,0,1.0733333333333333,0,1,0,0,0,0,0,1,0,0,,,0,0,0,0,0,0,0,0,0,0,0,0,0,,Monaco,MCO,Europe,43.738418,7.424616,6.816,32965.0,39244.0,5.5,99.0,180.0,56.2,27.5
Monaco,ij6xccYYIuE,Monaco_ij6xccYYIuE,2066,True,0,0,1,0,0,,,0,4.066,3.212,0.0,0,0,0,0,0,0,0,0,0,0,0,0,0,0,0,0,0,sunrise,Night,0,0,0,0,0,0,1.0,0,1.0733333333333333,0,1,0,0,0,0,0,1,0,0,,,0,0,0,0,0,0,0,0,0,0,0,0,0,,Monaco,MCO,Europe,43.738418,7.424616,6.816,32965.0,39244.0,5.5,99.0,180.0,56.2,27.5
Mumbai,hm8yVZF-LHY,Mumbai1_hm8yVZF-LHY,10,True,0,1,1,0,0,,,0,0.08,0.059,1.0,0,0,0,0,1,1,0,0,0,0,0,1,0,0,0,0,0,rain,Day,0,0,0,0,0,0,0.9,1,7.76,0,-1,0,0,0,0,0,1,0,0,,,0,0,0,0,0,1,0,0,0,0,1,0,0,MH,India,IND,Asia,18.938771,72.835335,277.98,12691836.0,1380004385.0,15.6,76.0,160.8,29.5,32.8
Mumbai,hm8yVZF-LHY,Mumbai1_hm8yVZF-LHY,17,True,0,0,1,0,0,male,38.0,0,0.112,0.055,1.0,0,0,0,0,0,1,0,0,0,0,0,1,0,0,0,0,0,sunrise,Day,0,0,0,0,0,0,0.9615384615384616,1,8.305,0,-1,0,0,0,0,1,1,0,0,,,0,0,1,0,0,1,0,0,0,0,1,0,0,MH,India,IND,Asia,18.938771,72.835335,277.98,12691836.0,1380004385.0,15.6,76.0,160.8,29.5,32.8
Mumbai,hm8yVZF-LHY,Mumbai1_hm8yVZF-LHY,20,True,0,0,0,0,0,male,42.0,0,0.029,0.054,5.0,0,0,0,0,1,1,0,0,0,0,0,0,0,0,0,0,0,sunrise,Day,0,0,0,0,0,0,1.3333333333333333,0,8.409999999999998,0,-1,0,0,0,0,0,1,0,0,,,0,0,1,0,0,0,0,0,0,0,0,0,0,MH,India,IND,Asia,18.938771,72.835335,277.98,12691836.0,1380004385.0,15.6,76.0,160.8,29.5,32.8
Mumbai,mJZldCMZhyA,Mumbai2_mJZldCMZhyA,2,True,1,1,1,0,0,male,28.0,0,0.121,0.052,1.0,0,0,0,0,1,0,0,0,0,0,0,1,0,0,0,0,0,rain,Day,0,0,0,0,0,0,3.769230769230769,0,4.905384615384616,0,-1,0,0,0,0,1,1,0,0,,,0,0,1,0,0,1,0,1,0,0,0,0,0,MH,India,IND,Asia,18.938771,72.835335,277.98,12691836.0,1380004385.0,15.6,76.0,160.8,29.5,32.8
New York,_Wyg213IZDI,New York__Wyg213IZDI,104,True,0,1,1,0,0,,,0,0.264,,,0,0,0,0,0,0,0,0,0,0,0,0,0,0,0,0,0,shine,Day,0,0,0,0,0,0,4.333333333333333,0,1.8633333333333333,0,1,0,0,0,0,0,1,0,0,,,0,1,1,0,0,0,0,1,0,0,0,0,0,NY,United States,USA,North America,40.7127281,-74.0060152,2163.208,8804190.0,329484123.0,12.7,86.0,170.1,38.5,41.3
New York,_Wyg213IZDI,New York__Wyg213IZDI,105,True,1,2,1,0,0,,,0,0.434,,0.0,0,0,0,0,0,0,0,0,0,0,0,0,0,0,0,0,0,shine,Day,0,0,0,0,0,0,4.5,0,1.805,0,1,0,0,0,0,0,1,0,0,,,0,0,1,0,0,0,0,1,0,0,0,0,0,NY,United States,USA,North America,40.7127281,-74.0060152,2163.208,8804190.0,329484123.0,12.7,86.0,170.1,38.5,41.3
New York,_Wyg213IZDI,New York__Wyg213IZDI,210,True,0,2,1,0,0,,,0,,,,0,0,0,0,0,0,0,0,0,0,0,0,0,0,0,0,0,shine,Day,0,0,0,0,0,0,4.0,0,1.9766666666666663,0,1,0,0,0,0,0,1,0,0,,,0,0,1,0,0,0,0,1,0,0,0,0,0,NY,United States,USA,North America,40.7127281,-74.0060152,2163.208,8804190.0,329484123.0,12.7,86.0,170.1,38.5,41.3
New York,_Wyg213IZDI,New York__Wyg213IZDI,212,True,0,1,1,0,0,female,53.0,0,,,,0,0,0,0,0,1,0,0,0,0,0,1,0,0,0,0,0,shine,Day,0,0,0,0,0,0,4.0,0,1.9766666666666663,0,1,0,0,0,0,0,1,0,0,,,0,0,1,0,0,0,0,1,0,0,0,0,0,NY,United States,USA,North America,40.7127281,-74.0060152,2163.208,8804190.0,329484123.0,12.7,86.0,170.1,38.5,41.3
New York,_Wyg213IZDI,New York__Wyg213IZDI,358,True,1,1,1,0,0,,,0,,,,0,0,0,0,0,0,0,0,0,0,0,0,0,0,0,0,0,rain,Day,0,0,0,0,0,0,2.5,0,1.8975,0,1,0,0,0,0,1,1,0,0,,,0,1,1,1,0,0,0,1,0,0,0,1,0,NY,United States,USA,North America,40.7127281,-74.0060152,2163.208,8804190.0,329484123.0,12.7,86.0,170.1,38.5,41.3
New York,_Wyg213IZDI,New York__Wyg213IZDI,515,True,0,0,1,0,0,,,0,,,,0,0,0,0,0,0,0,0,0,0,0,0,0,0,0,0,0,sunrise,Day,0,0,0,0,0,0,0.6666666666666666,0,1.8533333333333333,0,1,0,0,0,0,0,1,0,0,,,0,0,1,0,0,0,0,0,0,0,0,0,0,NY,United States,USA,North America,40.7127281,-74.0060152,2163.208,8804190.0,329484123.0,12.7,86.0,170.1,38.5,41.3
New York,_Wyg213IZDI,New York__Wyg213IZDI,551,True,3,2,1,0,0,male,33.0,0,,,,1,0,0,0,0,0,0,0,0,0,0,0,0,0,0,0,0,rain,Day,0,0,0,0,0,0,3.2,0,1.946,0,1,0,0,0,0,0,1,0,0,,,0,0,1,0,0,1,0,0,0,0,0,0,0,NY,United States,USA,North America,40.7127281,-74.0060152,2163.208,8804190.0,329484123.0,12.7,86.0,170.1,38.5,41.3
New York,_Wyg213IZDI,New York__Wyg213IZDI,580,True,2,1,1,0,0,male,32.0,0,,,,0,0,0,0,0,1,0,0,0,0,1,1,0,0,0,0,0,rain,Day,0,0,0,0,0,0,3.8,0,1.918,0,1,0,0,0,0,0,1,0,0,,,0,0,1,0,0,1,0,1,0,0,0,0,0,NY,United States,USA,North America,40.7127281,-74.0060152,2163.208,8804190.0,329484123.0,12.7,86.0,170.1,38.5,41.3
New York,_Wyg213IZDI,New York__Wyg213IZDI,591,True,0,0,1,0,0,male,30.0,0,,,,0,0,0,0,1,1,0,0,0,0,0,1,0,0,0,0,0,cloudy,Day,0,0,0,0,0,0,1.5,0,1.715,0,1,0,0,0,0,0,1,0,0,,,0,0,0,0,0,0,0,0,0,0,0,0,0,NY,United States,USA,North America,40.7127281,-74.0060152,2163.208,8804190.0,329484123.0,12.7,86.0,170.1,38.5,41.3
New York,_Wyg213IZDI,New York__Wyg213IZDI,704,True,0,1,1,0,0,,,0,,,,0,0,0,0,0,0,0,0,0,0,0,0,0,0,0,0,0,rain,Day,0,0,0,0,0,0,5.2,0,1.798,0,1,0,0,0,0,0,1,0,0,,,0,1,0,1,0,0,0,1,0,1,0,0,0,NY,United States,USA,North America,40.7127281,-74.0060152,2163.208,8804190.0,329484123.0,12.7,86.0,170.1,38.5,41.3
New York,_Wyg213IZDI,New York__Wyg213IZDI,1545,True,2,1,1,1,0,,,0,0.078,,0.0,0,0,0,0,0,0,0,0,0,0,0,0,0,0,0,0,0,rain,Day,0,0,0,0,0,0,3.125,0,1.92625,0,1,0,0,0,0,0,1,0,0,,,0,0,1,0,0,0,0,1,0,0,0,0,0,NY,United States,USA,North America,40.7127281,-74.0060152,2163.208,8804190.0,329484123.0,12.7,86.0,170.1,38.5,41.3
New York,_Wyg213IZDI,New York__Wyg213IZDI,1574,True,2,3,1,1,0,male,46.0,0,1.012,,0.0,0,0,0,0,0,0,0,0,0,0,0,0,0,0,0,0,0,rain,Day,0,0,0,0,0,0,3.0,0,2.005,0,1,0,0,0,0,0,1,0,0,,,0,0,1,0,0,0,0,1,0,0,0,0,0,NY,United States,USA,North America,40.7127281,-74.0060152,2163.208,8804190.0,329484123.0,12.7,86.0,170.1,38.5,41.3
New York,_Wyg213IZDI,New York__Wyg213IZDI,1635,True,4,3,1,1,0,female,32.0,0,0.086,0.049,0.0,0,0,0,0,0,0,0,0,0,0,0,0,0,0,0,0,0,rain,Day,0,0,0,0,0,0,2.5,0,1.69,0,1,0,0,0,0,0,1,0,0,,,0,0,1,0,0,0,0,1,0,0,0,0,0,NY,United States,USA,North America,40.7127281,-74.0060152,2163.208,8804190.0,329484123.0,12.7,86.0,170.1,38.5,41.3
New York,_Wyg213IZDI,New York__Wyg213IZDI,1673,True,0,2,1,0,0,male,34.0,0,,,,0,0,0,0,0,1,0,0,0,0,0,1,0,0,0,0,0,shine,Day,0,0,0,0,0,0,3.0,0,2.005,0,1,0,0,0,0,0,1,0,0,,,0,0,1,0,0,0,0,1,0,0,0,0,0,NY,United States,USA,North America,40.7127281,-74.0060152,2163.208,8804190.0,329484123.0,12.7,86.0,170.1,38.5,41.3
New York,_Wyg213IZDI,New York__Wyg213IZDI,1675,True,0,2,1,0,0,female,35.0,0,,,,0,0,0,0,0,1,0,0,0,0,0,1,0,0,0,0,0,shine,Day,0,0,0,0,0,0,3.0,0,2.005,0,1,0,0,0,0,0,1,0,0,,,0,0,1,0,0,0,0,1,0,0,0,0,0,NY,United States,USA,North America,40.7127281,-74.0060152,2163.208,8804190.0,329484123.0,12.7,86.0,170.1,38.5,41.3
New York,_Wyg213IZDI,New York__Wyg213IZDI,2054,True,1,1,1,0,0,male,33.0,0,1.301,,0.0,0,0,0,0,0,1,0,0,0,0,0,1,0,0,0,0,0,sunrise,Day,0,0,0,0,0,0,2.5,0,1.41,0,1,0,0,0,0,1,1,0,0,,,0,0,0,0,0,0,0,0,0,0,0,0,0,NY,United States,USA,North America,40.7127281,-74.0060152,2163.208,8804190.0,329484123.0,12.7,86.0,170.1,38.5,41.3
New York,_Wyg213IZDI,New York__Wyg213IZDI,2059,True,1,1,1,0,0,male,32.0,0,1.345,,0.0,0,0,0,0,0,1,0,0,0,0,0,1,0,0,0,0,0,sunrise,Day,0,0,0,0,0,0,2.5,0,1.41,0,1,0,0,0,0,1,1,0,0,,,0,0,0,0,0,0,0,0,0,0,0,0,0,NY,United States,USA,North America,40.7127281,-74.0060152,2163.208,8804190.0,329484123.0,12.7,86.0,170.1,38.5,41.3
New York,_Wyg213IZDI,New York__Wyg213IZDI,2105,True,1,1,1,0,0,female,33.0,0,0.091,1.198,0.0,0,0,0,0,1,0,0,0,0,0,0,1,0,0,0,0,0,shine,Day,0,0,0,0,0,0,2.5,0,1.965,0,1,0,0,0,0,0,1,0,0,,,0,0,0,0,0,0,0,1,0,0,0,0,0,NY,United States,USA,North America,40.7127281,-74.0060152,2163.208,8804190.0,329484123.0,12.7,86.0,170.1,38.5,41.3
New York,_Wyg213IZDI,New York__Wyg213IZDI,2292,True,4,2,1,0,0,male,32.0,0,1.016,,0.0,1,0,0,0,0,1,0,0,0,0,0,1,0,0,0,0,0,rain,Day,0,0,0,0,0,0,2.0,0,1.9733333333333327,0,1,0,0,0,0,0,1,0,0,,,0,0,0,0,0,0,0,0,0,0,0,0,0,NY,United States,USA,North America,40.7127281,-74.0060152,2163.208,8804190.0,329484123.0,12.7,86.0,170.1,38.5,41.3
New York,_Wyg213IZDI,New York__Wyg213IZDI,2304,True,1,1,1,0,0,male,28.0,0,1.033,,0.0,0,0,1,0,0,1,0,0,0,0,0,1,0,0,0,0,0,shine,Day,0,0,0,0,0,0,2.0,0,2.0,0,1,0,0,0,0,0,1,0,0,,,0,0,0,0,0,0,0,0,0,0,0,0,0,NY,United States,USA,North America,40.7127281,-74.0060152,2163.208,8804190.0,329484123.0,12.7,86.0,170.1,38.5,41.3
New York,_Wyg213IZDI,New York__Wyg213IZDI,2361,True,4,3,1,0,0,male,28.0,0,1.202,1.178,0.0,0,0,0,0,0,0,0,0,0,0,0,1,0,0,0,0,0,shine,Day,0,0,0,0,0,0,2.0,0,2.07,0,1,0,0,0,0,0,1,0,0,,,0,0,0,0,0,0,0,1,0,0,0,0,0,NY,United States,USA,North America,40.7127281,-74.0060152,2163.208,8804190.0,329484123.0,12.7,86.0,170.1,38.5,41.3
New York,_Wyg213IZDI,New York__Wyg213IZDI,2370,True,1,1,1,0,0,,,0,1.528,1.286,0.0,0,0,0,0,1,1,0,0,0,0,0,1,0,0,0,0,0,shine,Day,0,0,0,0,0,0,2.0,0,2.045,0,1,0,0,0,0,0,1,0,0,,,0,0,0,0,0,0,0,1,0,0,0,0,0,NY,United States,USA,North America,40.7127281,-74.0060152,2163.208,8804190.0,329484123.0,12.7,86.0,170.1,38.5,41.3
New York,_Wyg213IZDI,New York__Wyg213IZDI,2404,True,0,1,1,0,0,male,40.0,0,1.711,1.698,0.0,0,0,0,0,0,1,0,0,0,0,0,1,0,0,0,0,0,shine,Day,0,0,0,0,0,0,3.0,0,2.05,0,1,0,0,0,0,0,1,0,0,,,0,0,1,0,0,0,0,0,0,0,0,0,0,NY,United States,USA,North America,40.7127281,-74.0060152,2163.208,8804190.0,329484123.0,12.7,86.0,170.1,38.5,41.3
New York,_Wyg213IZDI,New York__Wyg213IZDI,2486,True,4,5,1,0,0,female,34.0,0,0.513,,0.0,0,0,0,0,0,0,0,0,0,0,0,0,0,0,0,0,0,rain,Day,0,0,0,0,0,0,0.5,0,1.815,0,1,0,0,0,0,0,0,0,0,,,0,0,0,1,0,0,0,0,0,0,0,0,0,NY,United States,USA,North America,40.7127281,-74.0060152,2163.208,8804190.0,329484123.0,12.7,86.0,170.1,38.5,41.3
New York,_Wyg213IZDI,New York__Wyg213IZDI,2487,True,4,5,1,0,0,,,0,0.565,,0.0,0,0,0,0,0,0,0,0,0,0,0,0,0,0,0,0,0,rain,Day,0,0,0,0,0,0,0.5,0,1.815,0,1,0,0,0,0,0,0,0,0,,,0,0,0,1,0,0,0,0,0,0,0,0,0,NY,United States,USA,North America,40.7127281,-74.0060152,2163.208,8804190.0,329484123.0,12.7,86.0,170.1,38.5,41.3
New York,_Wyg213IZDI,New York__Wyg213IZDI,2510,True,0,0,1,0,0,male,57.0,0,,,,0,0,0,0,0,0,0,0,0,0,0,0,0,0,0,0,0,rain,Day,0,0,0,0,0,0,4.0,0,0.94,0,1,0,0,0,0,1,1,0,0,,,0,0,0,1,0,0,0,0,0,0,0,0,0,NY,United States,USA,North America,40.7127281,-74.0060152,2163.208,8804190.0,329484123.0,12.7,86.0,170.1,38.5,41.3
New York,_Wyg213IZDI,New York__Wyg213IZDI,2551,True,0,0,1,0,0,,,0,,,,0,0,0,0,0,0,0,0,0,0,0,0,0,0,0,0,0,rain,Day,0,0,0,0,0,0,2.0,0,1.66,0,1,0,0,0,0,0,1,0,0,,,0,0,1,1,0,0,0,0,0,0,0,0,0,NY,United States,USA,North America,40.7127281,-74.0060152,2163.208,8804190.0,329484123.0,12.7,86.0,170.1,38.5,41.3
New York,_Wyg213IZDI,New York__Wyg213IZDI,3056,True,1,1,1,0,0,,,0,,,,0,0,0,0,0,0,0,0,0,0,0,0,0,0,0,0,0,rain,Day,0,0,0,0,0,0,3.8,0,1.8560000000000003,0,1,0,0,0,0,1,1,0,0,,,0,0,1,0,0,0,0,0,0,0,0,0,0,NY,United States,USA,North America,40.7127281,-74.0060152,2163.208,8804190.0,329484123.0,12.7,86.0,170.1,38.5,41.3
New York,_Wyg213IZDI,New York__Wyg213IZDI,3071,True,1,2,1,0,0,,,0,,,,0,0,0,0,0,0,0,0,0,0,0,0,0,0,0,0,0,rain,Day,0,0,0,0,0,0,3.8,0,1.8560000000000003,0,1,0,0,0,0,1,1,0,0,,,0,0,1,0,0,0,0,0,0,0,0,0,0,NY,United States,USA,North America,40.7127281,-74.0060152,2163.208,8804190.0,329484123.0,12.7,86.0,170.1,38.5,41.3
New York,_Wyg213IZDI,New York__Wyg213IZDI,3080,True,2,3,1,0,0,,,0,,,,0,0,0,0,0,0,0,0,0,0,0,0,0,0,0,0,0,rain,Day,0,0,0,0,0,0,4.25,0,1.8375,0,1,0,0,0,0,1,1,0,0,,,0,0,1,0,0,0,0,0,0,0,0,0,0,NY,United States,USA,North America,40.7127281,-74.0060152,2163.208,8804190.0,329484123.0,12.7,86.0,170.1,38.5,41.3
New York,_Wyg213IZDI,New York__Wyg213IZDI,3083,True,2,3,1,0,0,,,0,,,,0,0,0,0,0,0,0,0,0,0,0,0,0,0,0,0,0,rain,Day,0,0,0,0,0,0,4.25,0,1.8375,0,1,0,0,0,0,1,1,0,0,,,0,0,1,0,0,0,0,0,0,0,0,0,0,NY,United States,USA,North America,40.7127281,-74.0060152,2163.208,8804190.0,329484123.0,12.7,86.0,170.1,38.5,41.3
New York,_Wyg213IZDI,New York__Wyg213IZDI,3095,True,1,1,1,0,0,,,0,,,,0,0,0,0,0,0,0,0,0,0,0,0,0,0,0,0,0,rain,Day,0,0,0,0,0,0,4.25,0,1.8375,0,1,0,0,0,0,1,1,0,0,,,0,0,1,0,0,0,0,0,0,0,0,0,0,NY,United States,USA,North America,40.7127281,-74.0060152,2163.208,8804190.0,329484123.0,12.7,86.0,170.1,38.5,41.3
New York,_Wyg213IZDI,New York__Wyg213IZDI,3129,True,4,3,1,0,0,,,0,,,,0,0,0,0,0,0,0,0,0,0,0,0,0,0,0,0,0,rain,Day,0,0,0,0,0,0,5.0,0,1.8575,0,1,0,0,0,0,1,1,0,0,,,0,0,1,0,0,0,0,0,0,0,0,0,0,NY,United States,USA,North America,40.7127281,-74.0060152,2163.208,8804190.0,329484123.0,12.7,86.0,170.1,38.5,41.3
New York,_Wyg213IZDI,New York__Wyg213IZDI,3134,True,3,3,1,0,0,,,0,,,,0,0,0,0,0,0,0,0,0,0,0,0,0,0,0,0,0,rain,Day,0,0,0,0,0,0,5.0,0,1.895,0,1,0,0,0,0,1,1,0,0,,,0,0,0,0,0,0,0,0,0,0,0,0,0,NY,United States,USA,North America,40.7127281,-74.0060152,2163.208,8804190.0,329484123.0,12.7,86.0,170.1,38.5,41.3
New York,_Wyg213IZDI,New York__Wyg213IZDI,3263,True,0,0,1,1,0,male,67.0,0,0.603,,0.0,0,0,0,0,0,0,0,0,0,0,0,0,0,0,0,0,0,rain,Day,0,0,0,0,0,0,7.5,0,1.955,0,1,0,0,0,0,1,1,0,0,,,0,0,1,1,0,0,0,0,0,0,0,0,0,NY,United States,USA,North America,40.7127281,-74.0060152,2163.208,8804190.0,329484123.0,12.7,86.0,170.1,38.5,41.3
New York,_Wyg213IZDI,New York__Wyg213IZDI,3525,True,1,3,0,1,0,male,50.0,0,,,,0,0,0,0,0,0,0,0,0,0,0,0,0,0,0,0,0,rain,Day,0,0,0,0,0,0,6.8,0,1.83,0,0,0,0,0,0,1,1,0,0,,,0,1,1,1,0,1,0,1,0,0,1,1,0,NY,United States,USA,North America,40.7127281,-74.0060152,2163.208,8804190.0,329484123.0,12.7,86.0,170.1,38.5,41.3
New York,_Wyg213IZDI,New York__Wyg213IZDI,3526,True,3,2,0,0,0,male,29.0,0,,,,0,0,0,0,0,0,0,0,0,0,0,0,0,0,0,0,0,rain,Day,0,0,0,0,0,0,6.5,0,1.6550000000000002,0,0,0,0,0,0,1,1,0,0,,,0,1,1,1,0,1,0,1,0,0,1,1,0,NY,United States,USA,North America,40.7127281,-74.0060152,2163.208,8804190.0,329484123.0,12.7,86.0,170.1,38.5,41.3
New York,_Wyg213IZDI,New York__Wyg213IZDI,3532,True,0,1,0,0,0,,,0,,,,0,0,0,0,0,0,0,0,0,0,0,0,0,0,0,0,0,rain,Day,0,0,0,0,0,0,6.4,0,1.91,0,1,0,0,0,0,1,1,0,0,,,0,1,1,1,0,1,0,1,0,0,1,1,0,NY,United States,USA,North America,40.7127281,-74.0060152,2163.208,8804190.0,329484123.0,12.7,86.0,170.1,38.5,41.3
New York,_Wyg213IZDI,New York__Wyg213IZDI,3916,True,2,3,0,0,0,male,44.0,0,1.283,0.969,0.0,0,0,1,0,1,1,0,0,0,0,0,1,0,0,0,0,0,sunrise,Day,0,0,0,0,0,0,3.5,0,1.9925,0,0,0,0,1,0,0,1,0,0,,,0,1,1,0,0,1,0,1,0,0,0,0,0,NY,United States,USA,North America,40.7127281,-74.0060152,2163.208,8804190.0,329484123.0,12.7,86.0,170.1,38.5,41.3
New York,_Wyg213IZDI,New York__Wyg213IZDI,3919,True,0,3,0,0,0,male,30.0,0,1.332,1.612,0.0,0,0,1,0,0,0,0,0,0,0,0,1,0,0,0,0,0,sunrise,Day,0,0,0,0,0,0,4.0,0,1.9375,0,0,0,0,1,0,0,1,0,0,,,0,0,1,0,0,1,0,0,0,0,0,0,0,NY,United States,USA,North America,40.7127281,-74.0060152,2163.208,8804190.0,329484123.0,12.7,86.0,170.1,38.5,41.3
New York,_Wyg213IZDI,New York__Wyg213IZDI,3922,True,0,2,0,0,0,male,34.0,0,1.357,1.172,0.0,0,0,0,0,0,0,0,0,0,0,0,1,0,0,0,0,0,sunrise,Day,0,0,0,0,0,0,5.0,0,1.9766666666666663,0,1,0,0,1,0,0,1,0,0,,,0,1,1,0,0,1,0,0,0,0,0,0,0,NY,United States,USA,North America,40.7127281,-74.0060152,2163.208,8804190.0,329484123.0,12.7,86.0,170.1,38.5,41.3
New York,_Wyg213IZDI,New York__Wyg213IZDI,3938,True,3,4,0,0,0,male,28.0,0,1.357,1.416,0.0,0,0,0,0,0,0,0,0,0,0,1,0,0,0,0,0,0,sunrise,Day,0,0,0,0,0,0,3.6666666666666665,0,1.968333333333333,0,0,0,0,1,1,0,1,0,0,,,0,0,1,0,0,1,0,0,0,0,0,0,0,NY,United States,USA,North America,40.7127281,-74.0060152,2163.208,8804190.0,329484123.0,12.7,86.0,170.1,38.5,41.3
New York,_Wyg213IZDI,New York__Wyg213IZDI,3939,True,4,4,0,0,0,male,27.0,0,1.34,1.382,0.0,0,0,0,0,0,0,0,0,0,0,0,0,0,0,0,0,0,rain,Day,0,0,0,0,0,0,3.75,0,2.01,0,0,0,0,0,1,0,1,0,0,,,0,0,1,0,0,1,0,0,0,0,0,0,0,NY,United States,USA,North America,40.7127281,-74.0060152,2163.208,8804190.0,329484123.0,12.7,86.0,170.1,38.5,41.3
New York,_Wyg213IZDI,New York__Wyg213IZDI,3942,True,2,4,0,0,0,male,38.0,0,1.054,1.211,,0,0,0,0,0,0,0,0,0,0,0,0,0,0,0,0,0,sunrise,Day,0,0,0,0,0,0,3.6666666666666665,0,1.968333333333333,0,0,0,0,1,1,0,1,0,0,,,0,0,1,0,0,1,0,0,0,0,0,0,0,NY,United States,USA,North America,40.7127281,-74.0060152,2163.208,8804190.0,329484123.0,12.7,86.0,170.1,38.5,41.3
New York,_Wyg213IZDI,New York__Wyg213IZDI,3962,True,3,5,0,0,0,female,28.0,0,1.3,1.4,,0,0,0,0,1,0,0,0,0,0,1,0,0,1,0,0,0,sunrise,Day,0,0,0,0,0,0,3.0,0,1.974,0,0,0,0,0,1,0,1,0,0,,,0,0,1,0,0,0,0,0,0,0,0,0,0,NY,United States,USA,North America,40.7127281,-74.0060152,2163.208,8804190.0,329484123.0,12.7,86.0,170.1,38.5,41.3
New York,_Wyg213IZDI,New York__Wyg213IZDI,3976,True,4,5,0,0,0,female,34.0,0,1.171,1.126,0.0,1,0,0,0,0,1,0,0,0,0,0,1,0,0,0,0,0,rain,Day,0,0,0,0,0,0,3.4,0,2.04,0,0,0,0,0,1,0,1,0,0,,,0,0,1,0,0,0,0,0,0,0,0,0,0,NY,United States,USA,North America,40.7127281,-74.0060152,2163.208,8804190.0,329484123.0,12.7,86.0,170.1,38.5,41.3
New York,_Wyg213IZDI,New York__Wyg213IZDI,3980,True,7,5,0,0,0,female,28.0,1,1.227,1.173,0.0,0,0,0,0,0,0,0,0,0,0,0,0,0,0,0,0,0,rain,Day,0,0,0,0,0,0,4.166666666666667,0,2.0466666666666664,0,0,0,0,0,1,0,1,0,0,,,0,0,1,0,0,1,0,0,0,0,0,0,0,NY,United States,USA,North America,40.7127281,-74.0060152,2163.208,8804190.0,329484123.0,12.7,86.0,170.1,38.5,41.3
New York,_Wyg213IZDI,New York__Wyg213IZDI,3993,True,5,5,0,0,0,male,29.0,0,1.136,1.173,0.0,0,0,1,0,1,1,0,1,0,0,0,1,0,0,0,0,0,rain,Day,0,0,0,0,0,0,3.8,0,2.044,0,0,0,0,0,1,0,1,0,0,,,0,0,1,0,0,1,0,0,0,0,0,0,0,NY,United States,USA,North America,40.7127281,-74.0060152,2163.208,8804190.0,329484123.0,12.7,86.0,170.1,38.5,41.3
New York,_Wyg213IZDI,New York__Wyg213IZDI,3996,True,6,5,0,0,0,male,32.0,0,0.988,1.121,0.0,0,0,0,0,0,0,0,0,0,0,0,0,0,0,0,0,0,rain,Day,0,0,0,0,0,0,4.0,0,2.052857142857143,0,0,0,0,0,1,0,1,0,0,,,0,0,1,0,0,1,0,0,0,0,0,0,0,NY,United States,USA,North America,40.7127281,-74.0060152,2163.208,8804190.0,329484123.0,12.7,86.0,170.1,38.5,41.3
New York,_Wyg213IZDI,New York__Wyg213IZDI,3997,True,4,5,0,0,0,male,28.0,0,1.144,1.093,0.0,0,0,0,0,1,1,0,1,0,0,0,1,0,0,0,0,0,sunrise,Day,0,0,0,0,0,0,2.5,0,2.095,0,0,0,0,0,0,0,1,0,0,,,0,0,1,0,0,0,0,0,0,0,0,0,0,NY,United States,USA,North America,40.7127281,-74.0060152,2163.208,8804190.0,329484123.0,12.7,86.0,170.1,38.5,41.3
New York,_Wyg213IZDI,New York__Wyg213IZDI,4027,True,6,4,0,0,0,male,36.0,0,1.386,1.453,0.0,0,0,0,0,0,0,0,0,0,0,0,0,0,0,0,0,0,rain,Day,0,0,0,0,0,0,3.8,0,2.07,0,0,0,0,0,0,0,1,0,0,,,0,0,1,0,0,1,0,0,0,0,0,0,0,NY,United States,USA,North America,40.7127281,-74.0060152,2163.208,8804190.0,329484123.0,12.7,86.0,170.1,38.5,41.3
New York,_Wyg213IZDI,New York__Wyg213IZDI,4100,True,2,2,0,0,0,female,32.0,0,1.158,1.146,0.07,0,0,0,0,0,0,0,0,0,0,0,0,0,0,0,0,0,sunrise,Day,0,0,0,0,0,0,3.6666666666666665,0,2.08,0,0,0,0,0,0,0,1,0,0,,,0,0,1,0,0,1,0,0,0,0,0,0,0,NY,United States,USA,North America,40.7127281,-74.0060152,2163.208,8804190.0,329484123.0,12.7,86.0,170.1,38.5,41.3
New York,_Wyg213IZDI,New York__Wyg213IZDI,4116,True,3,3,0,0,0,male,32.0,0,1.139,1.183,0.0,0,0,0,0,0,0,0,0,0,0,0,0,0,0,0,0,0,sunrise,Day,0,0,0,0,0,0,4.166666666666667,0,2.065,0,0,0,0,0,0,0,1,0,0,,,0,0,1,0,0,1,0,1,0,0,0,0,0,NY,United States,USA,North America,40.7127281,-74.0060152,2163.208,8804190.0,329484123.0,12.7,86.0,170.1,38.5,41.3
New York,_Wyg213IZDI,New York__Wyg213IZDI,4126,True,2,2,0,0,0,male,40.0,0,1.225,1.174,0.0,0,0,1,0,0,0,0,0,0,0,0,0,0,0,0,0,0,sunrise,Day,0,0,0,0,0,0,4.0,0,2.068571428571428,0,0,0,0,0,0,0,1,0,0,,,0,0,1,0,0,1,0,1,0,0,0,0,0,NY,United States,USA,North America,40.7127281,-74.0060152,2163.208,8804190.0,329484123.0,12.7,86.0,170.1,38.5,41.3
New York,_Wyg213IZDI,New York__Wyg213IZDI,4205,True,3,2,0,0,0,,,0,1.056,1.334,0.0,0,0,0,0,0,0,0,0,0,0,0,0,0,0,0,0,0,sunrise,Day,0,0,0,0,0,0,4.833333333333333,0,2.01,0,0,0,0,0,0,0,1,0,0,,,0,0,1,0,0,1,0,1,0,0,0,0,0,NY,United States,USA,North America,40.7127281,-74.0060152,2163.208,8804190.0,329484123.0,12.7,86.0,170.1,38.5,41.3
New York,_Wyg213IZDI,New York__Wyg213IZDI,4327,True,0,0,1,0,0,,,0,,,,0,0,0,0,0,0,0,0,0,0,0,0,0,0,0,0,0,shine,Day,0,0,0,0,0,0,2.0,0,1.85,0,1,0,0,0,0,0,1,0,0,,,0,0,0,0,0,0,0,1,0,0,0,0,0,NY,United States,USA,North America,40.7127281,-74.0060152,2163.208,8804190.0,329484123.0,12.7,86.0,170.1,38.5,41.3
New York,_Wyg213IZDI,New York__Wyg213IZDI,4442,True,0,3,1,1,0,,,0,,,,0,0,0,0,0,0,0,0,0,0,0,0,0,0,0,0,0,shine,Day,0,0,0,0,0,0,2.0,0,1.9075,0,1,0,0,0,0,1,1,0,0,,,0,0,1,1,0,0,0,0,0,0,1,0,0,NY,United States,USA,North America,40.7127281,-74.0060152,2163.208,8804190.0,329484123.0,12.7,86.0,170.1,38.5,41.3
New York,_Wyg213IZDI,New York__Wyg213IZDI,4450,True,2,3,1,1,0,,,0,,,,0,0,0,0,0,0,0,0,0,0,0,0,0,0,0,0,0,shine,Day,0,0,0,0,0,0,1.6666666666666667,0,1.8333333333333333,0,1,0,0,0,0,1,1,0,0,,,0,0,0,1,0,0,0,0,0,0,1,0,0,NY,United States,USA,North America,40.7127281,-74.0060152,2163.208,8804190.0,329484123.0,12.7,86.0,170.1,38.5,41.3
New York,_Wyg213IZDI,New York__Wyg213IZDI,4464,True,3,5,1,1,0,male,38.0,0,,,,0,0,0,0,0,0,0,0,0,0,0,0,0,0,0,0,0,shine,Day,0,0,0,0,1,0,2.0,0,1.755,0,1,0,0,0,0,1,1,0,0,,,0,0,0,1,0,0,0,0,0,0,1,0,0,NY,United States,USA,North America,40.7127281,-74.0060152,2163.208,8804190.0,329484123.0,12.7,86.0,170.1,38.5,41.3
New York,_Wyg213IZDI,New York__Wyg213IZDI,4473,True,5,5,1,0,0,male,30.0,0,,,,0,0,0,0,0,0,0,0,0,0,0,0,0,0,0,0,0,shine,Day,0,0,0,0,0,0,4.0,0,1.92,0,1,0,0,0,0,0,1,0,0,,,0,0,1,0,0,0,0,0,0,0,0,0,0,NY,United States,USA,North America,40.7127281,-74.0060152,2163.208,8804190.0,329484123.0,12.7,86.0,170.1,38.5,41.3
New York,_Wyg213IZDI,New York__Wyg213IZDI,4483,True,5,5,1,0,0,female,34.0,0,,,,0,0,0,0,0,0,0,0,0,0,0,0,0,0,0,0,0,shine,Day,0,0,0,0,0,0,4.0,0,1.92,0,1,0,0,0,0,0,1,0,0,,,0,0,1,0,0,0,0,0,0,0,0,0,0,NY,United States,USA,North America,40.7127281,-74.0060152,2163.208,8804190.0,329484123.0,12.7,86.0,170.1,38.5,41.3
New York,_Wyg213IZDI,New York__Wyg213IZDI,4552,True,0,0,1,0,0,,,0,,,,0,0,0,0,1,0,0,0,0,0,0,0,0,0,0,0,0,shine,Day,0,0,0,0,0,0,3.0,0,1.965,0,1,0,0,0,0,0,1,0,0,,,0,0,0,0,0,0,0,0,0,0,0,0,0,NY,United States,USA,North America,40.7127281,-74.0060152,2163.208,8804190.0,329484123.0,12.7,86.0,170.1,38.5,41.3
New York,_Wyg213IZDI,New York__Wyg213IZDI,4562,True,2,3,1,0,0,male,38.0,0,,,,0,0,0,0,0,0,0,0,0,0,0,0,0,0,0,0,0,shine,Day,0,0,0,0,0,0,2.333333333333333,0,1.9966666666666668,0,1,0,0,0,0,0,1,0,0,,,0,0,0,0,0,0,0,0,0,0,0,0,0,NY,United States,USA,North America,40.7127281,-74.0060152,2163.208,8804190.0,329484123.0,12.7,86.0,170.1,38.5,41.3
New York,_Wyg213IZDI,New York__Wyg213IZDI,4571,True,1,2,1,0,0,,,0,,,,0,0,0,0,0,0,0,0,0,0,0,0,0,0,0,0,0,shine,Day,0,0,0,0,0,0,2.333333333333333,0,1.9966666666666668,0,1,0,0,0,0,0,1,0,0,,,0,0,0,0,0,0,0,0,0,0,0,0,0,NY,United States,USA,North America,40.7127281,-74.0060152,2163.208,8804190.0,329484123.0,12.7,86.0,170.1,38.5,41.3
New York,_Wyg213IZDI,New York__Wyg213IZDI,4587,True,1,2,1,0,0,,,0,,,,0,0,0,0,0,0,0,0,0,0,0,0,0,0,0,0,0,shine,Day,0,0,0,0,0,0,2.0,0,2.045,0,1,0,0,0,0,0,1,0,0,,,0,0,0,0,0,0,0,0,0,0,0,0,0,NY,United States,USA,North America,40.7127281,-74.0060152,2163.208,8804190.0,329484123.0,12.7,86.0,170.1,38.5,41.3
New York,_Wyg213IZDI,New York__Wyg213IZDI,4605,True,1,2,1,0,0,female,53.0,0,,,,0,0,0,0,0,0,0,0,0,0,0,0,0,0,0,0,0,shine,Day,0,0,1,0,0,0,1.3333333333333333,0,2.03,0,1,0,0,0,0,0,1,0,0,,,0,0,0,0,0,0,0,0,0,0,0,0,0,NY,United States,USA,North America,40.7127281,-74.0060152,2163.208,8804190.0,329484123.0,12.7,86.0,170.1,38.5,41.3
New York,_Wyg213IZDI,New York__Wyg213IZDI,4609,True,1,2,1,0,0,,,0,,,,0,0,0,0,0,0,0,0,0,0,0,0,0,0,0,0,0,shine,Day,0,0,0,0,0,0,2.0,0,2.045,0,1,0,0,0,0,0,1,0,0,,,0,0,0,0,0,0,0,0,0,0,0,0,0,NY,United States,USA,North America,40.7127281,-74.0060152,2163.208,8804190.0,329484123.0,12.7,86.0,170.1,38.5,41.3
New York,_Wyg213IZDI,New York__Wyg213IZDI,4711,True,1,1,1,0,0,,,0,,,,0,0,0,0,0,1,0,0,0,0,0,1,0,0,0,0,0,shine,Day,0,0,0,0,0,0,2.333333333333333,0,2.03,0,1,0,0,0,0,0,1,0,0,,,0,0,0,0,0,0,0,0,0,0,0,0,0,NY,United States,USA,North America,40.7127281,-74.0060152,2163.208,8804190.0,329484123.0,12.7,86.0,170.1,38.5,41.3
New York,_Wyg213IZDI,New York__Wyg213IZDI,4719,True,1,1,1,0,0,male,41.0,0,,,,0,0,0,0,0,0,0,0,0,0,0,0,0,0,0,0,0,shine,Day,0,0,0,0,0,0,2.333333333333333,0,1.95,0,1,0,0,0,0,1,1,0,0,,,0,1,0,1,0,0,0,1,0,0,0,0,0,NY,United States,USA,North America,40.7127281,-74.0060152,2163.208,8804190.0,329484123.0,12.7,86.0,170.1,38.5,41.3
New York,_Wyg213IZDI,New York__Wyg213IZDI,4811,True,2,2,1,0,0,,,0,0.169,,0.0,0,0,0,0,0,0,0,0,0,0,0,0,0,0,0,0,0,shine,Day,0,0,0,0,0,0,3.0,0,1.8733333333333333,0,1,0,0,0,1,0,1,0,0,,,0,1,1,0,0,1,0,1,0,1,0,1,0,NY,United States,USA,North America,40.7127281,-74.0060152,2163.208,8804190.0,329484123.0,12.7,86.0,170.1,38.5,41.3
New York,_Wyg213IZDI,New York__Wyg213IZDI,4860,True,0,1,1,0,0,female,62.0,0,,,,0,0,0,0,1,1,0,0,0,0,0,1,0,0,0,0,0,shine,Day,0,0,0,0,0,0,3.2,0,1.862,0,1,0,0,0,1,1,1,0,0,,,0,0,1,0,0,1,0,1,0,1,0,0,0,NY,United States,USA,North America,40.7127281,-74.0060152,2163.208,8804190.0,329484123.0,12.7,86.0,170.1,38.5,41.3
New York,_Wyg213IZDI,New York__Wyg213IZDI,4941,True,2,2,1,1,0,male,38.0,0,0.289,,0.0,0,0,0,0,0,0,0,0,0,0,0,0,0,0,0,0,0,shine,Day,0,0,0,0,0,0,2.5,0,1.81,0,1,0,0,0,0,0,1,0,0,,,0,0,1,1,0,0,0,0,0,0,0,0,0,NY,United States,USA,North America,40.7127281,-74.0060152,2163.208,8804190.0,329484123.0,12.7,86.0,170.1,38.5,41.3
New York,_Wyg213IZDI,New York__Wyg213IZDI,4958,True,1,1,1,1,0,male,41.0,0,0.564,0.601,0.07,0,0,0,0,1,1,0,0,0,0,0,1,0,0,0,0,0,shine,Day,0,0,0,0,0,0,4.0,0,1.8392857142857144,0,1,0,0,0,0,0,1,0,0,,,0,0,1,1,0,1,0,1,0,0,0,0,0,NY,United States,USA,North America,40.7127281,-74.0060152,2163.208,8804190.0,329484123.0,12.7,86.0,170.1,38.5,41.3
New York,_Wyg213IZDI,New York__Wyg213IZDI,5251,True,0,0,1,0,0,,,0,,,,0,0,0,0,0,0,0,0,0,0,0,0,0,0,0,0,0,rain,Day,0,0,0,0,0,0,3.5,0,1.69,0,1,0,0,0,0,1,0,0,0,,,0,1,1,1,0,0,0,1,0,1,0,0,0,NY,United States,USA,North America,40.7127281,-74.0060152,2163.208,8804190.0,329484123.0,12.7,86.0,170.1,38.5,41.3
New York,_Wyg213IZDI,New York__Wyg213IZDI,5604,True,2,2,1,1,0,male,57.0,0,1.103,0.234,0.0,0,0,0,0,0,1,0,0,0,0,0,1,0,0,0,0,0,rain,Day,0,0,0,0,0,0,2.333333333333333,0,2.023333333333333,0,1,0,0,0,0,1,0,0,0,,,0,0,1,0,0,0,0,0,0,0,0,0,0,NY,United States,USA,North America,40.7127281,-74.0060152,2163.208,8804190.0,329484123.0,12.7,86.0,170.1,38.5,41.3
New York,_Wyg213IZDI,New York__Wyg213IZDI,5735,True,2,2,1,0,0,male,34.0,0,1.702,2.156,0.0,0,0,1,0,0,1,0,0,0,0,0,1,0,0,0,0,0,rain,Day,0,0,0,0,0,0,2.5,0,1.925,0,1,0,0,0,0,0,0,0,0,,,0,0,1,0,0,0,0,0,0,0,0,0,0,NY,United States,USA,North America,40.7127281,-74.0060152,2163.208,8804190.0,329484123.0,12.7,86.0,170.1,38.5,41.3
New York,_Wyg213IZDI,New York__Wyg213IZDI,5755,True,2,3,1,0,0,male,38.0,0,0.765,1.44,0.0,0,0,1,0,0,1,0,0,0,0,0,1,0,0,0,0,0,rain,Day,0,0,0,0,0,0,1.8,0,1.974,0,1,0,0,0,0,0,0,0,0,,,0,0,1,0,0,0,0,0,0,0,0,0,0,NY,United States,USA,North America,40.7127281,-74.0060152,2163.208,8804190.0,329484123.0,12.7,86.0,170.1,38.5,41.3
New York,_Wyg213IZDI,New York__Wyg213IZDI,5759,True,1,2,1,0,0,male,40.0,0,1.295,1.288,0.0,0,0,0,0,0,1,0,0,0,0,0,1,0,0,0,0,0,rain,Day,0,0,0,0,0,0,1.8,0,1.974,0,1,0,0,0,0,0,0,0,0,,,0,0,1,0,0,0,0,0,0,0,0,0,0,NY,United States,USA,North America,40.7127281,-74.0060152,2163.208,8804190.0,329484123.0,12.7,86.0,170.1,38.5,41.3
New York,_Wyg213IZDI,New York__Wyg213IZDI,5786,True,4,4,1,0,0,,,0,0.718,0.579,0.0,0,0,0,0,0,0,0,0,0,0,0,0,0,0,0,0,0,rain,Day,0,0,0,0,0,0,1.3333333333333333,0,2.053333333333333,0,1,0,0,0,0,0,0,0,0,,,0,0,1,0,0,0,0,0,0,0,0,0,0,NY,United States,USA,North America,40.7127281,-74.0060152,2163.208,8804190.0,329484123.0,12.7,86.0,170.1,38.5,41.3
New York,_Wyg213IZDI,New York__Wyg213IZDI,5787,True,1,1,1,0,0,,,0,3.67,,0.0,0,0,0,0,0,0,0,0,0,0,0,0,0,0,0,0,0,rain,Day,0,0,0,0,0,0,1.0,0,2.06,0,1,0,0,0,0,0,0,0,0,,,0,0,1,0,0,0,0,0,0,0,0,0,0,NY,United States,USA,North America,40.7127281,-74.0060152,2163.208,8804190.0,329484123.0,12.7,86.0,170.1,38.5,41.3
New York,_Wyg213IZDI,New York__Wyg213IZDI,5819,True,2,2,1,0,0,male,44.0,0,1.418,1.534,0.0,1,0,0,0,1,0,0,0,0,0,0,1,0,0,0,0,0,rain,Day,0,0,0,0,0,0,2.0,0,2.063333333333333,0,1,0,0,0,0,0,0,0,0,,,0,0,1,0,0,0,0,0,0,0,0,0,0,NY,United States,USA,North America,40.7127281,-74.0060152,2163.208,8804190.0,329484123.0,12.7,86.0,170.1,38.5,41.3
New York,_Wyg213IZDI,New York__Wyg213IZDI,5885,True,1,3,1,0,0,male,32.0,0,0.379,3.498,0.0,0,0,0,0,0,0,0,0,0,0,0,0,0,0,0,0,0,rain,Day,0,0,0,0,0,0,1.6,0,2.028,0,1,0,0,0,0,0,0,0,0,,,0,0,1,0,0,0,0,0,0,0,0,0,0,NY,United States,USA,North America,40.7127281,-74.0060152,2163.208,8804190.0,329484123.0,12.7,86.0,170.1,38.5,41.3
New York,_Wyg213IZDI,New York__Wyg213IZDI,5932,True,1,3,1,0,0,male,60.0,0,1.309,1.339,,0,0,0,0,0,0,0,1,0,0,0,1,0,0,0,0,0,rain,Day,0,0,0,0,0,0,1.3333333333333333,0,1.9566666666666668,0,1,0,0,0,0,0,0,0,0,,,0,0,1,0,0,0,0,0,0,0,0,0,0,NY,United States,USA,North America,40.7127281,-74.0060152,2163.208,8804190.0,329484123.0,12.7,86.0,170.1,38.5,41.3
New York,_Wyg213IZDI,New York__Wyg213IZDI,5973,True,3,3,1,0,0,male,28.0,0,1.096,1.351,0.0,0,0,1,0,0,0,0,0,0,0,0,1,0,0,0,0,0,rain,Day,0,0,0,0,0,0,0.4,1,1.928,0,1,0,0,0,0,0,0,0,0,,,0,0,1,0,0,0,0,0,0,0,0,0,0,NY,United States,USA,North America,40.7127281,-74.0060152,2163.208,8804190.0,329484123.0,12.7,86.0,170.1,38.5,41.3
New York,_Wyg213IZDI,New York__Wyg213IZDI,5998,True,2,3,1,0,0,male,32.0,0,1.287,0.67,0.0,0,0,0,0,0,0,0,0,0,0,0,0,0,0,0,0,0,rain,Day,0,0,0,0,0,0,2.0,0,1.99,0,1,0,0,0,0,0,0,0,0,,,0,0,1,0,0,0,0,0,0,0,0,0,0,NY,United States,USA,North America,40.7127281,-74.0060152,2163.208,8804190.0,329484123.0,12.7,86.0,170.1,38.5,41.3
New York,_Wyg213IZDI,New York__Wyg213IZDI,6088,True,3,2,1,0,0,male,32.0,0,1.325,0.088,0.0,0,0,0,0,0,0,0,0,0,0,0,0,0,0,0,0,0,rain,Day,0,0,0,0,0,0,0.3636363636363636,1,1.9627272727272724,0,1,0,0,0,0,0,0,0,0,,,0,0,1,0,0,0,0,0,0,0,0,0,0,NY,United States,USA,North America,40.7127281,-74.0060152,2163.208,8804190.0,329484123.0,12.7,86.0,170.1,38.5,41.3
New York,_Wyg213IZDI,New York__Wyg213IZDI,6338,True,0,1,1,0,0,female,32.0,0,1.552,1.619,0.0,0,0,1,0,1,1,0,0,0,0,0,1,0,0,0,0,0,rain,Day,0,0,0,0,0,0,0.3333333333333333,0,1.92,0,1,0,0,0,0,0,0,0,0,,,0,0,1,0,0,0,0,0,0,0,0,0,0,NY,United States,USA,North America,40.7127281,-74.0060152,2163.208,8804190.0,329484123.0,12.7,86.0,170.1,38.5,41.3
New York,_Wyg213IZDI,New York__Wyg213IZDI,6348,True,1,1,1,0,0,,,0,1.136,1.117,0.0,0,0,0,0,0,0,0,0,0,0,0,0,0,0,0,0,0,rain,Day,0,0,0,0,0,0,0.6,0,1.96,0,1,0,0,0,0,0,0,0,0,,,0,0,1,0,0,0,0,0,0,0,0,0,0,NY,United States,USA,North America,40.7127281,-74.0060152,2163.208,8804190.0,329484123.0,12.7,86.0,170.1,38.5,41.3
New York,_Wyg213IZDI,New York__Wyg213IZDI,6379,True,1,2,1,0,0,female,36.0,0,1.248,1.186,,1,0,0,0,1,0,0,0,0,0,0,1,0,0,0,0,0,rain,Day,0,0,0,0,0,0,1.0,0,1.9266666666666667,0,1,0,0,0,0,0,0,0,0,,,0,0,1,0,0,0,0,0,0,0,0,0,0,NY,United States,USA,North America,40.7127281,-74.0060152,2163.208,8804190.0,329484123.0,12.7,86.0,170.1,38.5,41.3
New York,_Wyg213IZDI,New York__Wyg213IZDI,6387,True,1,1,1,0,0,male,35.0,0,1.326,2.018,0.0,0,0,0,0,0,1,0,0,0,0,0,1,0,0,0,0,0,rain,Day,0,0,0,0,0,0,1.3333333333333333,0,1.7533333333333332,0,1,0,0,0,0,0,0,0,0,,,0,0,1,0,0,0,0,0,0,0,0,0,0,NY,United States,USA,North America,40.7127281,-74.0060152,2163.208,8804190.0,329484123.0,12.7,86.0,170.1,38.5,41.3
New York,_Wyg213IZDI,New York__Wyg213IZDI,6395,True,1,2,1,0,0,female,50.0,0,0.735,1.733,0.0,0,0,0,0,0,0,0,0,0,0,0,1,0,0,0,0,0,rain,Day,0,0,0,0,0,0,1.1666666666666667,0,1.8966666666666665,0,1,0,0,0,0,0,0,0,0,,,0,0,1,0,0,0,0,0,0,0,0,0,0,NY,United States,USA,North America,40.7127281,-74.0060152,2163.208,8804190.0,329484123.0,12.7,86.0,170.1,38.5,41.3
New York,_Wyg213IZDI,New York__Wyg213IZDI,6454,True,1,1,1,0,0,,,0,0.474,0.886,0.0,0,0,0,0,0,0,0,0,0,0,0,0,0,0,0,0,0,rain,Day,0,0,0,0,0,0,0.75,0,1.995,0,1,0,0,0,0,0,0,0,0,,,0,0,1,0,0,0,0,0,0,0,0,0,0,NY,United States,USA,North America,40.7127281,-74.0060152,2163.208,8804190.0,329484123.0,12.7,86.0,170.1,38.5,41.3
New York,_Wyg213IZDI,New York__Wyg213IZDI,7310,True,3,4,1,1,0,male,32.0,0,0.536,,0.0,0,0,0,0,0,0,0,0,0,0,0,0,0,0,0,0,0,shine,Day,0,0,0,0,0,0,4.666666666666667,0,1.98,0,1,0,0,0,0,0,1,0,0,,,0,0,1,0,0,0,0,0,0,0,0,0,0,NY,United States,USA,North America,40.7127281,-74.0060152,2163.208,8804190.0,329484123.0,12.7,86.0,170.1,38.5,41.3
New York,_Wyg213IZDI,New York__Wyg213IZDI,7357,True,3,3,1,1,0,male,38.0,0,0.818,,0.0,0,0,0,0,0,0,0,0,0,0,0,0,0,0,0,0,0,sunrise,Day,0,0,0,0,0,0,4.5,0,2.1,0,1,0,0,0,0,0,1,0,0,,,0,1,0,0,0,0,0,1,0,0,0,0,0,NY,United States,USA,North America,40.7127281,-74.0060152,2163.208,8804190.0,329484123.0,12.7,86.0,170.1,38.5,41.3
New York,_Wyg213IZDI,New York__Wyg213IZDI,7400,True,3,4,1,0,0,male,36.0,0,0.688,0.775,0.6,0,0,0,0,0,0,0,0,0,0,0,0,0,0,0,0,0,shine,Day,0,0,0,0,0,0,3.5625,0,1.95125,0,1,0,0,0,0,0,1,0,0,,,0,0,1,0,0,1,0,0,0,0,0,0,0,NY,United States,USA,North America,40.7127281,-74.0060152,2163.208,8804190.0,329484123.0,12.7,86.0,170.1,38.5,41.3
New York,_Wyg213IZDI,New York__Wyg213IZDI,7465,True,2,4,1,0,0,male,30.0,0,0.957,0.738,0.2,1,0,0,0,0,0,0,0,0,0,0,1,0,0,0,0,0,shine,Day,0,0,0,0,0,0,2.625,0,1.975,0,0,0,0,0,0,0,1,0,0,,,0,0,1,0,0,0,0,0,0,0,0,0,0,NY,United States,USA,North America,40.7127281,-74.0060152,2163.208,8804190.0,329484123.0,12.7,86.0,170.1,38.5,41.3
New York,_Wyg213IZDI,New York__Wyg213IZDI,7498,True,5,5,1,0,0,male,36.0,0,1.412,1.532,0.0,0,0,1,1,0,0,0,0,0,0,0,0,0,0,0,0,0,rain,Day,0,0,0,0,0,0,2.833333333333333,0,1.9933333333333327,0,0,0,0,0,0,0,1,0,0,,,0,0,1,0,0,0,0,0,0,0,0,0,0,NY,United States,USA,North America,40.7127281,-74.0060152,2163.208,8804190.0,329484123.0,12.7,86.0,170.1,38.5,41.3
New York,_Wyg213IZDI,New York__Wyg213IZDI,7501,True,5,4,1,0,0,male,35.0,0,1.093,1.18,0.0,0,0,0,0,0,0,0,0,0,0,0,0,0,0,0,0,0,shine,Day,0,0,0,0,0,0,3.0,0,1.9527272727272729,0,1,0,0,0,0,0,1,0,0,,,0,0,1,0,0,0,0,0,0,0,0,0,0,NY,United States,USA,North America,40.7127281,-74.0060152,2163.208,8804190.0,329484123.0,12.7,86.0,170.1,38.5,41.3
New York,_Wyg213IZDI,New York__Wyg213IZDI,7502,True,4,5,1,0,0,male,32.0,0,1.209,1.256,0.0,0,0,0,0,1,0,0,0,0,0,0,0,0,0,0,0,0,shine,Day,0,0,0,0,0,0,2.875,0,1.97,0,0,0,0,0,0,0,1,0,0,,,0,0,1,0,0,0,0,0,0,0,0,0,0,NY,United States,USA,North America,40.7127281,-74.0060152,2163.208,8804190.0,329484123.0,12.7,86.0,170.1,38.5,41.3
New York,_Wyg213IZDI,New York__Wyg213IZDI,7506,True,4,3,1,0,0,female,33.0,0,1.487,1.512,0.0,0,0,0,0,0,0,0,0,0,0,0,0,0,0,0,0,0,rain,Day,0,0,0,0,0,0,2.6,0,1.968,0,0,0,0,0,0,0,1,0,0,,,0,0,1,0,0,0,0,0,0,0,0,0,0,NY,United States,USA,North America,40.7127281,-74.0060152,2163.208,8804190.0,329484123.0,12.7,86.0,170.1,38.5,41.3
New York,_Wyg213IZDI,New York__Wyg213IZDI,7518,True,2,2,1,0,0,male,38.0,0,1.17,1.192,0.0,0,0,0,0,0,1,0,0,0,0,0,1,0,0,0,0,0,shine,Day,0,0,0,0,0,0,3.363636363636364,0,1.9545454545454548,0,1,0,0,0,0,0,1,0,0,,,0,0,1,0,0,0,0,0,0,0,0,0,0,NY,United States,USA,North America,40.7127281,-74.0060152,2163.208,8804190.0,329484123.0,12.7,86.0,170.1,38.5,41.3
New York,_Wyg213IZDI,New York__Wyg213IZDI,7520,True,4,4,1,0,0,male,39.0,0,1.22,1.214,0.0,1,0,0,0,0,0,0,0,0,0,0,1,0,0,0,0,0,shine,Day,0,0,0,0,0,0,3.0,0,1.98125,0,1,0,0,0,0,0,1,0,0,,,0,0,1,0,0,0,0,0,0,0,0,0,0,NY,United States,USA,North America,40.7127281,-74.0060152,2163.208,8804190.0,329484123.0,12.7,86.0,170.1,38.5,41.3
New York,_Wyg213IZDI,New York__Wyg213IZDI,7526,True,2,2,1,0,0,male,32.0,0,1.138,1.234,0.0,0,0,0,0,0,1,0,0,0,0,0,1,0,0,0,0,0,shine,Day,0,0,0,0,0,0,3.0,0,1.985,0,1,0,0,0,0,0,1,0,0,,,0,0,1,0,0,0,0,0,0,0,0,0,0,NY,United States,USA,North America,40.7127281,-74.0060152,2163.208,8804190.0,329484123.0,12.7,86.0,170.1,38.5,41.3
New York,_Wyg213IZDI,New York__Wyg213IZDI,7539,True,0,0,1,0,0,male,31.0,0,1.142,1.178,0.0,0,0,0,0,0,0,0,0,0,0,0,0,0,0,0,0,0,shine,Day,0,0,0,0,0,0,3.1666666666666665,0,1.855,0,1,0,0,0,0,0,1,0,0,,,0,0,1,0,0,0,0,0,0,1,0,0,0,NY,United States,USA,North America,40.7127281,-74.0060152,2163.208,8804190.0,329484123.0,12.7,86.0,170.1,38.5,41.3
New York,_Wyg213IZDI,New York__Wyg213IZDI,7550,True,2,2,1,0,0,male,34.0,0,1.252,1.27,0.0,0,0,0,0,0,1,0,0,0,0,0,1,0,0,0,0,0,shine,Day,0,0,0,0,0,0,3.333333333333333,0,1.94,0,1,0,0,0,0,0,1,0,0,,,0,0,1,0,0,0,0,0,0,1,0,0,0,NY,United States,USA,North America,40.7127281,-74.0060152,2163.208,8804190.0,329484123.0,12.7,86.0,170.1,38.5,41.3
New York,_Wyg213IZDI,New York__Wyg213IZDI,7602,True,2,1,1,0,0,male,45.0,0,1.354,1.25,0.0,0,0,0,0,0,0,0,0,0,0,0,0,0,0,0,0,0,shine,Day,0,0,0,0,0,0,3.142857142857143,0,1.8728571428571428,0,1,0,0,0,0,0,1,0,0,,,0,0,1,0,0,0,0,0,0,1,0,0,0,NY,United States,USA,North America,40.7127281,-74.0060152,2163.208,8804190.0,329484123.0,12.7,86.0,170.1,38.5,41.3
New York,_Wyg213IZDI,New York__Wyg213IZDI,7623,True,2,1,1,0,0,male,36.0,0,1.147,1.225,0.0,0,0,0,0,0,0,0,0,0,0,0,1,0,0,0,0,0,shine,Day,0,0,0,0,0,0,3.1666666666666665,0,1.8416666666666668,0,1,0,0,0,0,0,1,0,0,,,0,0,1,0,0,0,0,0,0,1,0,0,0,NY,United States,USA,North America,40.7127281,-74.0060152,2163.208,8804190.0,329484123.0,12.7,86.0,170.1,38.5,41.3
New York,_Wyg213IZDI,New York__Wyg213IZDI,7807,True,3,2,0,0,0,male,32.0,0,1.402,1.36,0.0,0,0,0,0,0,0,0,0,0,0,0,0,0,0,0,0,0,shine,Day,0,0,0,0,0,0,3.4,0,1.908,0,1,0,0,0,0,0,1,0,0,,,0,0,0,0,0,0,0,0,0,0,0,0,0,NY,United States,USA,North America,40.7127281,-74.0060152,2163.208,8804190.0,329484123.0,12.7,86.0,170.1,38.5,41.3
New York,_Wyg213IZDI,New York__Wyg213IZDI,7808,True,2,2,0,0,0,male,32.0,0,1.35,1.679,0.0,0,0,1,0,0,0,0,0,0,0,0,1,0,0,0,0,0,shine,Day,0,0,0,0,0,0,3.571428571428572,0,1.9342857142857144,0,1,0,0,0,0,0,1,0,0,,,0,1,0,0,0,0,0,0,0,0,0,0,0,NY,United States,USA,North America,40.7127281,-74.0060152,2163.208,8804190.0,329484123.0,12.7,86.0,170.1,38.5,41.3
New York,_Wyg213IZDI,New York__Wyg213IZDI,7900,True,3,1,0,0,0,male,38.0,0,1.742,,0.07,0,0,0,0,0,1,0,0,0,0,0,0,0,0,0,0,0,sunrise,Day,0,0,0,0,0,0,3.4285714285714284,0,1.92,0,1,0,0,0,0,0,1,0,0,,,0,0,1,0,0,0,0,0,0,0,0,0,0,NY,United States,USA,North America,40.7127281,-74.0060152,2163.208,8804190.0,329484123.0,12.7,86.0,170.1,38.5,41.3
New York,_Wyg213IZDI,New York__Wyg213IZDI,7971,True,2,1,1,1,0,,,0,1.52,,0.0,0,0,0,0,0,0,0,0,0,0,0,1,0,0,0,0,0,shine,Day,0,0,0,0,0,0,4.714285714285714,0,1.83,0,1,0,0,0,0,1,1,0,0,,,0,0,1,0,0,0,0,1,0,0,0,0,0,NY,United States,USA,North America,40.7127281,-74.0060152,2163.208,8804190.0,329484123.0,12.7,86.0,170.1,38.5,41.3
New York,_Wyg213IZDI,New York__Wyg213IZDI,8382,True,0,1,1,0,0,male,32.0,0,2.127,,0.0,0,0,0,0,0,0,0,0,0,0,0,0,0,0,0,0,0,sunrise,Day,0,0,0,0,0,0,3.8333333333333335,0,2.098333333333333,0,0,0,0,0,0,0,1,0,0,,,0,0,1,0,0,0,0,0,0,0,0,0,0,NY,United States,USA,North America,40.7127281,-74.0060152,2163.208,8804190.0,329484123.0,12.7,86.0,170.1,38.5,41.3
New York,_Wyg213IZDI,New York__Wyg213IZDI,8542,True,0,1,1,0,0,female,30.0,0,1.093,1.208,0.0,0,0,0,0,0,1,0,0,0,0,0,0,1,0,0,0,0,shine,Day,0,0,0,0,0,0,3.2857142857142856,0,2.0685714285714285,0,0,0,0,0,0,0,1,0,0,,,0,0,1,0,0,0,0,0,0,0,0,0,0,NY,United States,USA,North America,40.7127281,-74.0060152,2163.208,8804190.0,329484123.0,12.7,86.0,170.1,38.5,41.3
New York,_Wyg213IZDI,New York__Wyg213IZDI,9492,True,2,2,1,0,0,,,0,0.136,,0.0,0,0,0,0,0,0,0,0,0,0,0,0,0,0,0,0,0,rain,Day,0,0,0,0,0,0,2.0,0,1.9166666666666667,0,1,0,0,0,0,0,1,0,0,,,0,0,0,1,0,0,0,0,0,0,0,0,0,NY,United States,USA,North America,40.7127281,-74.0060152,2163.208,8804190.0,329484123.0,12.7,86.0,170.1,38.5,41.3
New York,_Wyg213IZDI,New York__Wyg213IZDI,9712,True,0,1,1,1,0,female,29.0,0,,,,0,0,0,0,0,0,0,0,0,0,0,0,0,0,0,0,0,shine,Day,0,0,0,0,0,0,1.6,0,1.842,0,1,0,0,0,0,1,1,0,0,,,0,1,0,0,0,0,0,1,0,0,1,0,0,NY,United States,USA,North America,40.7127281,-74.0060152,2163.208,8804190.0,329484123.0,12.7,86.0,170.1,38.5,41.3
New York,_Wyg213IZDI,New York__Wyg213IZDI,9722,True,0,1,1,1,0,male,31.0,0,,,,0,0,0,0,0,0,0,0,0,0,0,0,0,0,0,0,0,rain,Day,0,0,0,0,0,0,2.0,0,1.8725,0,1,0,0,0,0,1,1,0,0,,,0,1,0,0,0,0,0,1,0,0,1,0,0,NY,United States,USA,North America,40.7127281,-74.0060152,2163.208,8804190.0,329484123.0,12.7,86.0,170.1,38.5,41.3
New York,_Wyg213IZDI,New York__Wyg213IZDI,9758,True,0,0,1,0,0,,,0,,,,0,0,0,0,0,0,0,0,0,0,0,0,0,0,0,0,0,shine,Day,0,0,0,0,0,0,1.6666666666666667,0,1.3333333333333333,0,1,0,0,0,0,0,1,0,0,,,0,0,1,0,0,0,0,0,0,0,1,0,0,NY,United States,USA,North America,40.7127281,-74.0060152,2163.208,8804190.0,329484123.0,12.7,86.0,170.1,38.5,41.3
New York,_Wyg213IZDI,New York__Wyg213IZDI,9761,True,1,1,1,0,0,,,0,,,,0,0,0,0,0,0,0,0,0,0,0,0,0,0,0,0,0,shine,Day,0,0,0,0,0,0,1.5,0,1.87,0,1,0,0,0,0,0,1,0,0,,,0,0,1,0,0,0,0,0,0,0,1,0,0,NY,United States,USA,North America,40.7127281,-74.0060152,2163.208,8804190.0,329484123.0,12.7,86.0,170.1,38.5,41.3
New York,_Wyg213IZDI,New York__Wyg213IZDI,9771,True,4,4,1,0,0,,,0,,,,0,0,0,0,0,0,0,0,0,0,0,0,0,0,0,0,0,cloudy,Day,0,0,0,0,0,0,1.0,0,1.7000000000000002,0,1,0,0,0,0,0,1,0,0,,,0,0,0,0,0,0,0,0,0,0,0,0,0,NY,United States,USA,North America,40.7127281,-74.0060152,2163.208,8804190.0,329484123.0,12.7,86.0,170.1,38.5,41.3
New York,_Wyg213IZDI,New York__Wyg213IZDI,9774,True,3,3,1,0,0,,,0,0.401,,0.0,0,0,0,0,0,0,0,0,0,0,0,1,0,0,0,0,0,cloudy,Day,0,0,0,0,0,0,1.0,0,1.7000000000000002,0,1,0,0,0,0,0,1,0,0,,,0,0,0,0,0,0,0,0,0,0,0,0,0,NY,United States,USA,North America,40.7127281,-74.0060152,2163.208,8804190.0,329484123.0,12.7,86.0,170.1,38.5,41.3
New York,_Wyg213IZDI,New York__Wyg213IZDI,9779,True,0,1,1,0,0,,,0,0.362,,0.0,0,0,0,0,0,0,0,0,0,0,0,1,0,0,0,0,0,cloudy,Day,0,0,0,0,0,0,1.0,0,1.7000000000000002,0,1,0,0,0,0,0,1,0,0,,,0,0,0,0,0,0,0,0,0,0,0,0,0,NY,United States,USA,North America,40.7127281,-74.0060152,2163.208,8804190.0,329484123.0,12.7,86.0,170.1,38.5,41.3
New York,_Wyg213IZDI,New York__Wyg213IZDI,9918,True,0,0,1,0,0,,,0,,,,0,0,1,0,0,1,0,0,0,0,0,0,0,0,0,0,0,rain,Day,0,0,0,0,0,0,4.5,0,1.6800000000000002,0,1,0,0,0,0,0,1,0,0,,,0,0,0,0,0,0,0,0,0,0,0,0,0,NY,United States,USA,North America,40.7127281,-74.0060152,2163.208,8804190.0,329484123.0,12.7,86.0,170.1,38.5,41.3
New York,_Wyg213IZDI,New York__Wyg213IZDI,10337,True,0,0,1,0,0,male,30.0,0,1.433,,0.0,0,0,0,0,0,1,0,0,0,0,0,1,0,0,0,0,0,rain,Day,0,0,0,0,0,0,5.0,0,1.83,0,1,0,0,0,0,1,1,0,0,,,0,0,1,0,0,0,0,0,0,0,0,0,0,NY,United States,USA,North America,40.7127281,-74.0060152,2163.208,8804190.0,329484123.0,12.7,86.0,170.1,38.5,41.3
New York,_Wyg213IZDI,New York__Wyg213IZDI,10428,True,1,1,1,0,0,male,33.0,0,1.203,1.353,0.0,0,0,0,0,0,0,0,0,0,0,0,0,0,0,0,0,0,rain,Day,0,0,0,0,0,0,4.25,0,1.785,0,1,0,0,0,0,0,1,0,0,,,0,0,0,0,0,0,0,0,0,1,0,0,0,NY,United States,USA,North America,40.7127281,-74.0060152,2163.208,8804190.0,329484123.0,12.7,86.0,170.1,38.5,41.3
New York,_Wyg213IZDI,New York__Wyg213IZDI,10612,True,0,0,1,0,0,,,0,,,,0,0,0,0,1,0,0,0,0,0,0,1,0,0,0,0,0,sunrise,Day,0,0,0,0,0,0,2.0,0,2.0,0,1,0,0,0,0,0,0,0,0,,,0,0,0,0,0,0,0,0,0,0,1,0,0,NY,United States,USA,North America,40.7127281,-74.0060152,2163.208,8804190.0,329484123.0,12.7,86.0,170.1,38.5,41.3
New York,_Wyg213IZDI,New York__Wyg213IZDI,10671,True,0,1,1,0,0,male,38.0,0,,,,0,0,0,0,0,0,0,0,0,0,0,0,0,0,0,0,0,rain,Day,0,0,0,0,0,0,3.0,0,2.0266666666666664,0,1,0,0,0,0,0,1,0,0,,,0,0,1,0,0,0,0,1,0,0,0,0,0,NY,United States,USA,North America,40.7127281,-74.0060152,2163.208,8804190.0,329484123.0,12.7,86.0,170.1,38.5,41.3
New York,_Wyg213IZDI,New York__Wyg213IZDI,10704,True,0,1,1,0,0,male,68.0,0,,,,0,0,0,0,0,0,0,0,0,0,0,0,0,0,0,0,0,rain,Day,0,0,0,0,0,0,1.5,0,1.86,0,1,0,0,0,0,0,1,0,0,,,0,0,1,0,0,0,0,1,0,0,0,0,0,NY,United States,USA,North America,40.7127281,-74.0060152,2163.208,8804190.0,329484123.0,12.7,86.0,170.1,38.5,41.3
New York,_Wyg213IZDI,New York__Wyg213IZDI,10837,True,0,0,1,0,0,,,0,1.15,,0.0,0,0,0,0,0,0,0,0,0,0,0,0,0,0,0,0,0,shine,Day,0,0,0,0,0,0,6.0,0,1.6940000000000002,0,1,0,0,0,0,1,1,0,0,,,0,1,0,1,0,0,0,1,0,0,0,1,0,NY,United States,USA,North America,40.7127281,-74.0060152,2163.208,8804190.0,329484123.0,12.7,86.0,170.1,38.5,41.3
New York,_Wyg213IZDI,New York__Wyg213IZDI,10936,True,1,4,1,1,0,,,0,,,,0,0,0,0,0,0,0,0,0,0,0,1,0,0,0,0,0,rain,Day,0,0,0,0,0,0,4.2,0,1.858,0,1,0,0,0,0,1,1,0,0,,,0,0,1,0,0,1,0,1,0,0,0,0,0,NY,United States,USA,North America,40.7127281,-74.0060152,2163.208,8804190.0,329484123.0,12.7,86.0,170.1,38.5,41.3
New York,_Wyg213IZDI,New York__Wyg213IZDI,11261,True,0,0,1,0,0,,,0,1.166,,0.0,0,0,0,0,0,0,0,0,0,0,0,0,0,0,0,0,0,rain,Day,0,0,0,0,0,0,2.333333333333333,0,1.7966666666666669,0,1,0,0,0,0,0,1,0,0,,,0,0,1,0,0,0,0,1,0,0,0,0,0,NY,United States,USA,North America,40.7127281,-74.0060152,2163.208,8804190.0,329484123.0,12.7,86.0,170.1,38.5,41.3
New York,_Wyg213IZDI,New York__Wyg213IZDI,11305,True,0,1,1,0,0,,,0,1.574,1.557,0.0,0,0,0,0,0,0,0,0,0,0,0,0,0,0,0,0,0,sunrise,Day,0,0,0,0,0,0,2.4,0,2.002,0,1,0,0,0,0,0,1,0,0,,,0,0,0,0,0,0,0,0,0,0,0,0,0,NY,United States,USA,North America,40.7127281,-74.0060152,2163.208,8804190.0,329484123.0,12.7,86.0,170.1,38.5,41.3
New York,_Wyg213IZDI,New York__Wyg213IZDI,11308,True,1,1,1,0,0,,,0,1.22,1.27,0.0,0,0,0,0,0,0,0,0,0,0,0,0,0,0,0,0,0,sunrise,Day,0,0,0,0,0,0,2.5,0,1.9875,0,1,0,0,0,0,0,1,0,0,,,0,0,0,0,0,0,0,0,0,0,0,0,0,NY,United States,USA,North America,40.7127281,-74.0060152,2163.208,8804190.0,329484123.0,12.7,86.0,170.1,38.5,41.3
New York,_Wyg213IZDI,New York__Wyg213IZDI,11369,True,1,1,1,0,0,,,0,0.013,,0.13,0,0,0,0,0,0,0,0,0,0,0,0,0,0,0,0,0,cloudy,Day,0,0,0,0,0,0,2.642857142857143,0,1.956071428571428,0,1,0,0,0,0,1,1,0,0,,,0,0,0,0,0,0,0,1,0,0,0,0,0,NY,United States,USA,North America,40.7127281,-74.0060152,2163.208,8804190.0,329484123.0,12.7,86.0,170.1,38.5,41.3
New York,_Wyg213IZDI,New York__Wyg213IZDI,11382,True,1,1,1,0,0,,,0,0.012,0.01,0.13,0,0,0,0,0,0,0,0,0,0,0,0,0,0,0,0,0,cloudy,Day,0,0,0,0,0,0,2.5294117647058822,0,1.9476470588235293,0,1,0,0,0,0,0,1,0,0,,,0,0,0,0,0,0,0,0,0,0,0,0,0,NY,United States,USA,North America,40.7127281,-74.0060152,2163.208,8804190.0,329484123.0,12.7,86.0,170.1,38.5,41.3
New York,_Wyg213IZDI,New York__Wyg213IZDI,11394,True,0,1,1,0,0,male,26.0,0,1.839,1.673,0.0,0,0,0,0,0,0,0,0,0,0,0,0,0,0,0,0,0,cloudy,Day,0,0,0,0,0,0,2.1666666666666665,0,1.945,0,1,0,0,0,0,0,1,0,0,,,0,0,0,0,0,0,0,0,0,0,0,0,0,NY,United States,USA,North America,40.7127281,-74.0060152,2163.208,8804190.0,329484123.0,12.7,86.0,170.1,38.5,41.3
New York,_Wyg213IZDI,New York__Wyg213IZDI,11432,True,1,1,1,0,0,female,39.0,0,,,,0,0,0,0,0,0,0,0,0,0,0,0,0,0,0,0,0,rain,Day,0,0,0,0,0,0,3.6666666666666665,0,2.11,0,0,0,0,0,0,1,1,0,0,,,0,0,0,0,0,0,0,1,0,0,0,0,0,NY,United States,USA,North America,40.7127281,-74.0060152,2163.208,8804190.0,329484123.0,12.7,86.0,170.1,38.5,41.3
New York,_Wyg213IZDI,New York__Wyg213IZDI,11453,True,0,1,1,0,0,,,0,0.38,,0.0,0,0,0,0,0,0,0,0,0,0,0,0,0,0,0,0,0,sunrise,Day,0,0,0,0,0,0,5.0,0,2.015,0,1,0,0,0,0,0,1,0,0,,,0,0,0,0,0,0,0,1,0,0,0,0,0,NY,United States,USA,North America,40.7127281,-74.0060152,2163.208,8804190.0,329484123.0,12.7,86.0,170.1,38.5,41.3
New York,_Wyg213IZDI,New York__Wyg213IZDI,11455,True,2,2,1,0,0,male,38.0,0,2.201,,0.0,0,0,0,0,0,0,0,0,0,0,0,0,0,0,0,0,0,sunrise,Day,0,0,0,0,0,0,6.428571428571429,0,1.9814285714285715,0,1,0,0,0,0,0,1,0,0,,,0,0,1,0,0,0,0,1,0,0,0,0,0,NY,United States,USA,North America,40.7127281,-74.0060152,2163.208,8804190.0,329484123.0,12.7,86.0,170.1,38.5,41.3
New York,_Wyg213IZDI,New York__Wyg213IZDI,11573,True,2,2,1,1,0,,,0,,,,0,0,0,0,0,0,0,0,0,0,0,0,0,0,0,0,0,shine,Day,0,0,0,0,0,0,5.6,0,1.862,0,1,0,0,0,0,0,1,0,0,,,0,1,1,0,0,0,0,0,0,0,0,0,0,NY,United States,USA,North America,40.7127281,-74.0060152,2163.208,8804190.0,329484123.0,12.7,86.0,170.1,38.5,41.3
New York,_Wyg213IZDI,New York__Wyg213IZDI,11576,True,1,2,1,1,0,,,0,,,,0,0,0,0,0,0,0,0,0,0,0,0,0,0,0,0,0,shine,Day,0,0,0,0,0,0,5.6,0,1.862,0,1,0,0,0,0,0,1,0,0,,,0,1,1,0,0,0,0,0,0,0,0,0,0,NY,United States,USA,North America,40.7127281,-74.0060152,2163.208,8804190.0,329484123.0,12.7,86.0,170.1,38.5,41.3
New York,_Wyg213IZDI,New York__Wyg213IZDI,11580,True,1,3,1,0,0,,,0,,,,0,0,0,0,0,0,0,0,0,0,0,0,0,0,0,0,0,shine,Day,0,0,0,0,0,0,5.0,0,1.8475,0,1,0,0,0,0,0,1,0,0,,,0,0,1,0,0,0,0,0,0,0,0,0,0,NY,United States,USA,North America,40.7127281,-74.0060152,2163.208,8804190.0,329484123.0,12.7,86.0,170.1,38.5,41.3
New York,_Wyg213IZDI,New York__Wyg213IZDI,11881,True,1,2,1,0,0,,,0,,,,0,0,0,0,0,0,0,0,0,0,0,0,0,0,0,0,0,rain,Day,0,0,0,0,0,0,7.0,0,1.8275,0,1,0,0,0,0,1,1,0,0,,,0,0,1,0,0,0,0,1,0,0,0,1,0,NY,United States,USA,North America,40.7127281,-74.0060152,2163.208,8804190.0,329484123.0,12.7,86.0,170.1,38.5,41.3
New York,_Wyg213IZDI,New York__Wyg213IZDI,11883,True,1,2,1,0,0,,,0,,,,0,0,1,0,0,0,0,0,0,0,0,0,0,0,0,0,0,rain,Day,0,0,0,0,0,0,7.0,0,1.8275,0,1,0,0,0,0,1,1,0,0,,,0,0,1,0,0,0,0,1,0,0,0,1,0,NY,United States,USA,North America,40.7127281,-74.0060152,2163.208,8804190.0,329484123.0,12.7,86.0,170.1,38.5,41.3
New York,_Wyg213IZDI,New York__Wyg213IZDI,11917,True,0,1,1,0,0,,,0,,,,0,0,0,0,0,0,0,0,0,0,0,0,0,0,0,0,0,shine,Day,0,0,0,0,0,0,8.571428571428571,0,1.9385714285714288,0,0,0,0,0,0,1,1,0,0,,,0,1,1,1,0,0,0,1,0,0,1,1,0,NY,United States,USA,North America,40.7127281,-74.0060152,2163.208,8804190.0,329484123.0,12.7,86.0,170.1,38.5,41.3
New York,_Wyg213IZDI,New York__Wyg213IZDI,11964,True,0,1,0,0,0,,,0,1.143,,0.0,0,0,0,0,0,0,0,0,0,0,0,0,0,0,0,0,0,shine,Day,0,0,0,0,0,0,5.0,0,1.894,0,1,0,0,0,0,0,1,0,0,,,0,1,0,0,0,0,0,1,0,0,0,0,0,NY,United States,USA,North America,40.7127281,-74.0060152,2163.208,8804190.0,329484123.0,12.7,86.0,170.1,38.5,41.3
New York,_Wyg213IZDI,New York__Wyg213IZDI,11999,True,0,0,0,0,0,,,0,1.703,,0.0,0,0,0,0,0,0,0,0,0,0,0,0,0,0,0,0,0,rain,Day,0,0,0,0,0,0,5.0,0,1.88,0,1,0,0,0,0,0,1,0,0,,,0,0,0,0,0,0,0,1,0,0,0,0,0,NY,United States,USA,North America,40.7127281,-74.0060152,2163.208,8804190.0,329484123.0,12.7,86.0,170.1,38.5,41.3
New York,_Wyg213IZDI,New York__Wyg213IZDI,12013,True,1,1,0,0,0,,,0,1.417,1.482,,0,0,0,0,0,0,0,0,0,0,0,0,0,0,0,0,0,rain,Day,0,0,0,0,0,0,5.333333333333333,0,1.8016666666666667,0,1,0,0,0,0,0,1,0,0,,,0,0,1,0,0,0,0,1,0,0,0,0,0,NY,United States,USA,North America,40.7127281,-74.0060152,2163.208,8804190.0,329484123.0,12.7,86.0,170.1,38.5,41.3
New York,_Wyg213IZDI,New York__Wyg213IZDI,12131,True,0,1,1,0,0,,,0,,,,0,0,0,0,0,0,0,0,0,0,0,0,0,0,0,0,0,shine,Day,0,0,0,0,0,0,2.5,0,1.9675,0,1,0,0,0,0,1,1,0,0,,,0,0,0,1,0,0,0,0,0,0,0,0,0,NY,United States,USA,North America,40.7127281,-74.0060152,2163.208,8804190.0,329484123.0,12.7,86.0,170.1,38.5,41.3
New York,_Wyg213IZDI,New York__Wyg213IZDI,12283,True,0,0,1,0,0,male,32.0,0,,,,0,0,0,0,0,0,0,1,0,0,0,0,0,0,0,0,0,shine,Day,0,0,0,0,0,0,4.25,0,2.0625,0,1,0,0,0,0,1,1,0,0,,,0,1,0,1,0,1,0,1,0,0,0,0,0,NY,United States,USA,North America,40.7127281,-74.0060152,2163.208,8804190.0,329484123.0,12.7,86.0,170.1,38.5,41.3
New York,_Wyg213IZDI,New York__Wyg213IZDI,12420,True,0,1,1,0,0,,,0,,,,0,0,0,0,0,0,0,0,0,0,0,1,0,0,0,0,0,rain,Day,0,0,0,0,0,0,2.0,0,2.085,0,1,0,0,0,0,0,1,0,0,,,0,0,0,0,0,0,0,0,0,0,0,0,0,NY,United States,USA,North America,40.7127281,-74.0060152,2163.208,8804190.0,329484123.0,12.7,86.0,170.1,38.5,41.3
New York,_Wyg213IZDI,New York__Wyg213IZDI,12630,True,0,1,1,0,0,,,0,,,,0,0,0,0,0,0,0,0,0,0,0,0,0,0,0,0,0,rain,Day,0,0,0,0,0,0,4.0,0,1.9733333333333327,0,1,0,0,0,0,1,1,0,0,,,0,0,1,0,0,0,0,0,0,0,0,0,0,NY,United States,USA,North America,40.7127281,-74.0060152,2163.208,8804190.0,329484123.0,12.7,86.0,170.1,38.5,41.3
New York,_Wyg213IZDI,New York__Wyg213IZDI,12641,True,0,0,1,0,0,,,0,,,,0,0,0,0,0,0,0,0,0,0,0,0,0,0,0,0,0,rain,Day,0,0,0,0,0,0,4.0,0,1.985,0,1,0,0,0,0,1,1,0,0,,,0,0,1,0,0,0,0,0,0,0,0,0,0,NY,United States,USA,North America,40.7127281,-74.0060152,2163.208,8804190.0,329484123.0,12.7,86.0,170.1,38.5,41.3
New York,_Wyg213IZDI,New York__Wyg213IZDI,12683,True,0,0,1,0,0,,,0,,,,0,0,0,0,0,0,0,0,0,0,0,0,0,0,0,0,0,rain,Day,0,0,0,0,0,0,4.8,0,1.906,0,1,0,0,0,0,0,1,0,0,,,0,0,1,0,0,0,0,1,0,0,1,0,0,NY,United States,USA,North America,40.7127281,-74.0060152,2163.208,8804190.0,329484123.0,12.7,86.0,170.1,38.5,41.3
New York,_Wyg213IZDI,New York__Wyg213IZDI,12909,True,1,1,1,0,0,,,0,,,,0,0,0,0,0,1,0,0,0,0,0,1,0,0,0,0,0,rain,Day,0,0,0,0,0,0,1.5,0,1.93,0,1,0,0,0,0,0,1,0,0,,,0,0,1,0,0,0,0,0,0,0,1,0,0,NY,United States,USA,North America,40.7127281,-74.0060152,2163.208,8804190.0,329484123.0,12.7,86.0,170.1,38.5,41.3
New York,_Wyg213IZDI,New York__Wyg213IZDI,12924,True,1,2,1,0,0,female,32.0,0,,,,0,0,0,0,0,0,0,0,0,0,0,0,0,0,0,0,0,rain,Day,0,0,0,0,0,0,2.0,0,1.925,0,1,0,0,0,0,0,1,0,0,,,0,0,1,0,0,0,0,0,0,0,1,0,0,NY,United States,USA,North America,40.7127281,-74.0060152,2163.208,8804190.0,329484123.0,12.7,86.0,170.1,38.5,41.3
New York,_Wyg213IZDI,New York__Wyg213IZDI,13310,True,0,1,1,0,0,,,0,0.428,0.189,0.67,0,0,0,0,0,0,0,0,0,0,0,0,0,0,0,0,0,shine,Day,0,0,0,0,0,0,1.0,0,1.954285714285714,0,1,0,0,0,0,0,0,0,0,,,0,0,1,0,0,0,0,0,0,0,0,0,0,NY,United States,USA,North America,40.7127281,-74.0060152,2163.208,8804190.0,329484123.0,12.7,86.0,170.1,38.5,41.3
New York,_Wyg213IZDI,New York__Wyg213IZDI,13314,True,0,1,1,0,0,,,0,1.336,,0.0,0,0,0,0,0,0,0,0,0,0,0,0,0,0,0,0,0,shine,Day,0,0,0,0,0,0,0.5714285714285714,0,1.921428571428572,0,1,0,0,0,0,0,1,0,0,,,0,0,1,0,0,0,0,0,0,0,0,0,0,NY,United States,USA,North America,40.7127281,-74.0060152,2163.208,8804190.0,329484123.0,12.7,86.0,170.1,38.5,41.3
New York,_Wyg213IZDI,New York__Wyg213IZDI,13327,True,2,2,1,0,0,female,34.0,0,1.174,1.231,0.0,0,0,0,0,0,0,0,0,0,0,0,1,0,0,0,0,0,shine,Day,0,0,0,0,0,0,0.8,0,1.926,0,1,0,0,0,0,0,0,0,0,,,0,0,1,0,0,0,0,0,0,0,0,0,0,NY,United States,USA,North America,40.7127281,-74.0060152,2163.208,8804190.0,329484123.0,12.7,86.0,170.1,38.5,41.3
New York,_Wyg213IZDI,New York__Wyg213IZDI,13332,True,2,2,1,0,0,male,23.0,0,0.142,0.059,0.13,0,0,0,0,0,0,0,0,0,0,0,0,0,0,0,0,0,shine,Day,0,0,0,0,0,0,1.5,0,1.83,0,1,0,0,0,0,0,0,0,0,,,0,0,1,0,0,0,0,0,0,0,0,0,0,NY,United States,USA,North America,40.7127281,-74.0060152,2163.208,8804190.0,329484123.0,12.7,86.0,170.1,38.5,41.3
New York,_Wyg213IZDI,New York__Wyg213IZDI,13337,True,1,2,1,0,0,male,70.0,0,1.406,1.809,0.0,0,0,0,0,0,0,0,0,0,0,0,1,0,0,0,0,0,shine,Day,0,0,0,0,0,0,0.75,0,1.92,0,1,0,0,0,0,0,0,0,0,,,0,0,1,0,0,0,0,0,0,0,0,0,0,NY,United States,USA,North America,40.7127281,-74.0060152,2163.208,8804190.0,329484123.0,12.7,86.0,170.1,38.5,41.3
New York,_Wyg213IZDI,New York__Wyg213IZDI,13348,True,2,2,1,0,0,,,0,1.044,,0.0,0,0,0,0,0,0,0,0,0,0,0,0,0,0,0,0,0,shine,Day,0,0,0,0,0,0,0.75,0,1.91875,0,1,0,0,0,0,0,0,0,0,,,0,0,1,0,0,0,0,0,0,0,0,0,0,NY,United States,USA,North America,40.7127281,-74.0060152,2163.208,8804190.0,329484123.0,12.7,86.0,170.1,38.5,41.3
New York,_Wyg213IZDI,New York__Wyg213IZDI,13362,True,2,2,1,0,0,,,0,1.271,1.175,0.0,0,0,0,0,0,0,0,0,0,0,0,0,0,0,0,0,0,shine,Day,0,0,0,0,0,0,0.875,0,1.94375,0,1,0,0,0,0,0,0,0,0,,,0,0,1,0,0,0,0,0,0,0,0,0,0,NY,United States,USA,North America,40.7127281,-74.0060152,2163.208,8804190.0,329484123.0,12.7,86.0,170.1,38.5,41.3
New York,_Wyg213IZDI,New York__Wyg213IZDI,13392,True,2,2,1,0,0,male,35.0,0,3.816,3.593,0.0,0,0,0,0,0,0,0,0,0,0,0,0,0,0,0,0,0,shine,Day,0,0,0,0,0,0,0.6,0,1.944,0,1,0,0,0,0,0,0,0,0,,,0,0,1,0,0,0,0,0,0,0,0,0,0,NY,United States,USA,North America,40.7127281,-74.0060152,2163.208,8804190.0,329484123.0,12.7,86.0,170.1,38.5,41.3
New York,_Wyg213IZDI,New York__Wyg213IZDI,13417,True,0,1,1,0,0,female,36.0,0,1.068,1.221,0.0,0,0,0,0,0,0,0,0,0,0,0,0,0,0,0,0,0,shine,Day,0,0,0,0,0,0,0.7777777777777778,0,1.9833333333333327,0,1,0,0,0,0,0,0,0,0,,,0,0,1,0,0,0,0,0,0,0,0,0,0,NY,United States,USA,North America,40.7127281,-74.0060152,2163.208,8804190.0,329484123.0,12.7,86.0,170.1,38.5,41.3
New York,_Wyg213IZDI,New York__Wyg213IZDI,13449,True,0,1,1,0,0,male,35.0,0,5.638,6.504,0.0,0,0,0,0,0,0,0,0,0,0,0,0,0,0,0,0,0,shine,Day,0,0,0,0,0,0,2.333333333333333,0,1.913333333333333,0,1,0,0,0,0,0,0,0,0,,,0,0,1,0,0,0,0,0,0,0,0,0,0,NY,United States,USA,North America,40.7127281,-74.0060152,2163.208,8804190.0,329484123.0,12.7,86.0,170.1,38.5,41.3
New York,_Wyg213IZDI,New York__Wyg213IZDI,13497,True,1,1,1,0,0,male,36.0,0,0.897,0.414,0.0,0,0,0,0,0,0,0,0,0,0,0,0,0,0,0,0,0,shine,Day,0,0,0,0,0,0,0.4285714285714285,0,2.0357142857142856,0,1,0,0,0,0,0,0,0,0,,,0,0,1,0,0,0,0,0,0,0,0,0,0,NY,United States,USA,North America,40.7127281,-74.0060152,2163.208,8804190.0,329484123.0,12.7,86.0,170.1,38.5,41.3
New York,_Wyg213IZDI,New York__Wyg213IZDI,13536,True,3,2,1,0,0,male,34.0,0,0.989,1.279,0.0,0,0,0,0,0,1,0,0,0,0,0,1,0,0,0,0,0,shine,Day,0,0,0,0,0,0,0.75,0,1.9725,0,1,0,0,1,0,0,0,0,0,,,0,0,1,0,0,0,0,0,0,0,1,0,0,NY,United States,USA,North America,40.7127281,-74.0060152,2163.208,8804190.0,329484123.0,12.7,86.0,170.1,38.5,41.3
New York,_Wyg213IZDI,New York__Wyg213IZDI,13546,True,2,2,1,0,0,female,52.0,1,1.07,1.269,0.0,0,0,1,0,0,0,0,0,0,0,0,1,0,0,0,0,0,shine,Day,0,0,0,0,0,0,2.571428571428572,0,1.95,0,1,0,0,0,0,0,1,0,0,,,0,0,1,1,0,0,0,0,0,0,1,0,0,NY,United States,USA,North America,40.7127281,-74.0060152,2163.208,8804190.0,329484123.0,12.7,86.0,170.1,38.5,41.3
New York,_Wyg213IZDI,New York__Wyg213IZDI,13559,True,0,0,1,0,0,male,55.0,0,3.971,5.194,0.0,0,0,0,0,0,0,0,0,0,0,0,0,0,0,0,0,0,shine,Day,0,0,0,0,0,0,4.0,0,1.905,0,1,0,0,0,0,0,0,0,0,,,0,0,1,0,0,0,0,0,0,0,1,0,0,NY,United States,USA,North America,40.7127281,-74.0060152,2163.208,8804190.0,329484123.0,12.7,86.0,170.1,38.5,41.3
New York,_Wyg213IZDI,New York__Wyg213IZDI,13578,True,1,1,1,0,0,male,37.0,0,2.72,,0.0,0,0,0,0,0,0,0,0,0,0,0,0,0,0,0,0,0,shine,Day,0,0,0,0,0,0,3.0,0,1.71,0,1,0,0,0,0,0,1,0,0,,,0,0,1,1,0,0,0,0,0,0,0,0,0,NY,United States,USA,North America,40.7127281,-74.0060152,2163.208,8804190.0,329484123.0,12.7,86.0,170.1,38.5,41.3
New York,_Wyg213IZDI,New York__Wyg213IZDI,13579,True,1,2,1,0,0,male,32.0,0,0.546,0.573,0.0,0,0,0,0,0,0,0,0,0,0,0,1,0,0,0,0,0,shine,Day,0,0,0,0,0,0,3.5,0,1.9892857142857143,0,1,0,0,0,0,0,1,0,0,,,0,0,1,0,0,0,0,1,0,0,0,0,0,NY,United States,USA,North America,40.7127281,-74.0060152,2163.208,8804190.0,329484123.0,12.7,86.0,170.1,38.5,41.3
New York,_Wyg213IZDI,New York__Wyg213IZDI,13583,True,1,2,1,0,0,,,0,1.436,1.484,0.0,0,0,0,0,0,0,0,0,0,0,0,0,0,0,0,0,0,shine,Day,0,0,0,0,0,0,4.0,0,1.936,0,1,0,0,0,0,0,1,0,0,,,0,0,1,1,0,0,0,0,0,0,1,0,0,NY,United States,USA,North America,40.7127281,-74.0060152,2163.208,8804190.0,329484123.0,12.7,86.0,170.1,38.5,41.3
New York,_Wyg213IZDI,New York__Wyg213IZDI,13587,True,2,2,1,0,0,,,0,0.473,0.544,0.0,0,0,0,0,0,1,0,0,0,0,0,1,0,0,0,0,0,shine,Day,0,0,0,0,0,0,2.6666666666666665,0,1.956,0,1,0,0,0,0,0,1,0,0,,,0,0,1,0,0,0,0,1,0,0,0,0,0,NY,United States,USA,North America,40.7127281,-74.0060152,2163.208,8804190.0,329484123.0,12.7,86.0,170.1,38.5,41.3
New York,_Wyg213IZDI,New York__Wyg213IZDI,13607,True,2,2,1,0,0,male,33.0,0,1.422,1.533,0.0,1,0,1,0,0,1,0,0,0,0,0,0,0,0,0,0,0,shine,Day,0,0,0,0,0,0,3.6666666666666665,0,2.0033333333333334,0,1,0,0,0,0,0,1,0,0,,,0,0,1,0,0,0,0,0,0,0,0,0,0,NY,United States,USA,North America,40.7127281,-74.0060152,2163.208,8804190.0,329484123.0,12.7,86.0,170.1,38.5,41.3
New York,_Wyg213IZDI,New York__Wyg213IZDI,13683,True,1,1,1,0,0,,,0,0.783,1.08,0.0,0,0,0,0,0,0,0,0,0,0,0,0,0,0,0,0,0,shine,Day,0,0,0,0,0,0,0.6666666666666666,0,1.87,0,1,0,0,0,0,0,1,0,0,,,0,0,0,0,0,1,0,0,0,0,0,0,0,NY,United States,USA,North America,40.7127281,-74.0060152,2163.208,8804190.0,329484123.0,12.7,86.0,170.1,38.5,41.3
New York,_Wyg213IZDI,New York__Wyg213IZDI,13993,True,1,2,0,0,0,male,26.0,0,0.631,0.174,0.73,0,0,0,0,0,0,0,0,0,0,0,1,0,0,0,0,0,shine,Day,0,0,0,0,0,0,5.25,0,1.895,0,1,0,0,0,0,1,1,0,0,,,0,0,1,0,0,0,0,1,0,0,1,0,0,NY,United States,USA,North America,40.7127281,-74.0060152,2163.208,8804190.0,329484123.0,12.7,86.0,170.1,38.5,41.3
New York,_Wyg213IZDI,New York__Wyg213IZDI,14002,True,1,1,0,0,0,male,34.0,0,1.121,0.9,0.0,0,0,0,0,0,0,0,0,0,0,0,0,0,0,0,0,0,shine,Day,0,0,0,0,0,0,4.133333333333334,0,1.9126666666666663,0,1,0,0,0,0,1,1,0,0,,,0,0,1,0,0,0,0,1,0,0,1,0,0,NY,United States,USA,North America,40.7127281,-74.0060152,2163.208,8804190.0,329484123.0,12.7,86.0,170.1,38.5,41.3
New York,_Wyg213IZDI,New York__Wyg213IZDI,14016,True,1,1,0,0,0,,,0,5.338,4.984,0.0,0,0,0,0,0,0,0,0,0,0,0,0,0,0,0,0,0,shine,Day,0,0,0,0,0,0,5.75,0,1.86,0,1,0,0,0,1,1,1,0,0,,,0,0,1,0,0,0,0,1,0,0,1,0,0,NY,United States,USA,North America,40.7127281,-74.0060152,2163.208,8804190.0,329484123.0,12.7,86.0,170.1,38.5,41.3
New York,_Wyg213IZDI,New York__Wyg213IZDI,14045,True,0,2,0,0,0,male,28.0,0,1.837,0.609,0.0,0,0,0,0,0,0,0,0,0,0,0,0,0,0,0,0,0,shine,Day,0,0,0,0,0,0,5.2,0,1.898,0,1,0,0,0,1,1,1,0,0,,,0,0,1,0,0,0,0,1,0,0,1,0,0,NY,United States,USA,North America,40.7127281,-74.0060152,2163.208,8804190.0,329484123.0,12.7,86.0,170.1,38.5,41.3
New York,_Wyg213IZDI,New York__Wyg213IZDI,14052,True,0,1,0,0,0,female,30.0,0,4.727,4.992,0.0,0,0,0,0,0,0,0,0,0,0,0,0,0,0,0,0,0,shine,Day,0,0,0,0,0,0,4.0,0,1.8733333333333333,0,1,0,0,0,0,1,1,0,0,,,0,0,1,0,0,0,0,0,0,0,1,0,0,NY,United States,USA,North America,40.7127281,-74.0060152,2163.208,8804190.0,329484123.0,12.7,86.0,170.1,38.5,41.3
New York,_Wyg213IZDI,New York__Wyg213IZDI,14077,True,2,2,0,0,0,male,40.0,0,0.897,1.143,0.0,0,0,0,0,0,0,0,0,0,0,0,0,0,0,0,0,0,shine,Day,0,0,0,0,0,0,3.6666666666666665,0,1.95,0,1,0,0,0,0,0,1,0,0,,,0,0,1,0,0,0,0,1,0,0,0,0,0,NY,United States,USA,North America,40.7127281,-74.0060152,2163.208,8804190.0,329484123.0,12.7,86.0,170.1,38.5,41.3
New York,_Wyg213IZDI,New York__Wyg213IZDI,14088,True,1,2,0,0,0,male,36.0,0,1.156,1.249,0.07,0,0,1,0,0,1,0,0,0,0,0,1,0,0,0,0,0,shine,Day,0,0,0,0,0,0,3.0,0,1.944,0,1,0,0,0,0,0,1,0,0,,,0,0,1,0,0,0,0,0,0,0,0,0,0,NY,United States,USA,North America,40.7127281,-74.0060152,2163.208,8804190.0,329484123.0,12.7,86.0,170.1,38.5,41.3
New York,_Wyg213IZDI,New York__Wyg213IZDI,14123,True,3,2,0,0,0,female,32.0,0,0.852,0.956,0.0,0,0,0,0,0,1,0,0,0,0,0,1,0,0,0,0,0,shine,Day,0,0,0,0,0,0,2.5,0,1.9725,0,1,0,0,0,0,0,1,0,0,,,0,0,1,0,0,0,0,0,0,0,0,0,0,NY,United States,USA,North America,40.7127281,-74.0060152,2163.208,8804190.0,329484123.0,12.7,86.0,170.1,38.5,41.3
New York,_Wyg213IZDI,New York__Wyg213IZDI,14201,True,0,1,0,0,0,female,34.0,0,1.226,1.339,0.0,0,0,0,0,0,1,0,0,0,0,0,1,0,0,0,0,0,sunrise,Day,0,0,0,0,0,0,3.0,0,1.825,0,1,0,0,0,0,0,1,0,0,,,0,0,1,0,0,0,0,1,0,0,0,0,0,NY,United States,USA,North America,40.7127281,-74.0060152,2163.208,8804190.0,329484123.0,12.7,86.0,170.1,38.5,41.3
New York,_Wyg213IZDI,New York__Wyg213IZDI,14218,True,0,1,0,0,0,,,0,1.371,1.363,0.0,0,0,0,0,0,1,0,0,0,0,0,1,0,0,0,0,0,shine,Day,0,0,0,0,0,0,4.0,0,1.895,0,1,0,0,0,0,0,1,0,0,,,0,0,1,0,0,0,0,0,0,0,0,0,0,NY,United States,USA,North America,40.7127281,-74.0060152,2163.208,8804190.0,329484123.0,12.7,86.0,170.1,38.5,41.3
New York,_Wyg213IZDI,New York__Wyg213IZDI,14227,True,2,2,0,0,0,male,32.0,0,1.473,1.548,0.0,0,0,0,0,0,0,0,0,0,0,0,0,0,0,0,0,0,shine,Day,0,0,0,0,0,0,4.6,0,1.904,0,1,0,0,0,0,1,1,0,0,,,0,0,1,1,0,0,0,1,0,0,1,0,0,NY,United States,USA,North America,40.7127281,-74.0060152,2163.208,8804190.0,329484123.0,12.7,86.0,170.1,38.5,41.3
New York,_Wyg213IZDI,New York__Wyg213IZDI,14237,True,2,1,0,0,0,,,0,1.316,1.618,0.0,0,0,0,0,0,0,0,0,0,0,0,0,0,0,0,0,0,shine,Day,0,0,0,0,0,0,4.875,0,1.91375,0,1,0,0,0,0,0,1,0,0,,,0,0,1,1,0,0,0,0,0,0,0,0,0,NY,United States,USA,North America,40.7127281,-74.0060152,2163.208,8804190.0,329484123.0,12.7,86.0,170.1,38.5,41.3
New York,_Wyg213IZDI,New York__Wyg213IZDI,14263,True,1,2,0,0,0,,,0,1.094,1.37,0.0,0,1,0,0,0,0,0,0,0,0,0,0,0,0,0,0,0,shine,Day,0,0,0,0,0,0,6.0,0,2.0166666666666666,0,1,0,0,0,0,0,1,0,0,,,0,0,1,0,0,0,0,0,0,0,0,0,0,NY,United States,USA,North America,40.7127281,-74.0060152,2163.208,8804190.0,329484123.0,12.7,86.0,170.1,38.5,41.3
New York,_Wyg213IZDI,New York__Wyg213IZDI,14316,True,1,2,0,0,0,,,0,0.34,0.242,0.53,0,0,0,0,0,0,0,0,0,0,0,0,0,0,0,0,0,shine,Day,0,0,0,0,0,0,5.333333333333333,0,2.05,0,0,0,0,0,0,0,1,0,0,,,0,0,1,0,0,0,0,1,0,0,0,0,0,NY,United States,USA,North America,40.7127281,-74.0060152,2163.208,8804190.0,329484123.0,12.7,86.0,170.1,38.5,41.3
New York,_Wyg213IZDI,New York__Wyg213IZDI,14399,True,1,1,1,0,0,,,0,,,,0,0,0,0,0,0,0,0,0,0,0,0,0,0,0,0,0,sunrise,Day,0,0,0,0,0,0,1.5,0,2.055,0,1,0,0,0,0,0,1,0,0,,,0,0,0,0,0,0,0,0,0,0,0,0,0,NY,United States,USA,North America,40.7127281,-74.0060152,2163.208,8804190.0,329484123.0,12.7,86.0,170.1,38.5,41.3
New York,_Wyg213IZDI,New York__Wyg213IZDI,14489,True,2,2,1,0,0,,,0,0.05,,0.0,0,0,0,0,1,1,0,0,0,0,0,1,0,0,0,0,0,shine,Day,0,0,0,0,0,0,3.1818181818181817,0,1.9490909090909088,0,1,0,0,0,0,0,1,0,0,,,0,1,0,0,0,0,0,1,0,0,0,0,0,NY,United States,USA,North America,40.7127281,-74.0060152,2163.208,8804190.0,329484123.0,12.7,86.0,170.1,38.5,41.3
New York,_Wyg213IZDI,New York__Wyg213IZDI,14513,True,1,2,1,0,0,,,0,,,,0,0,0,0,0,0,0,0,0,0,0,0,0,0,0,0,0,rain,Day,0,0,0,0,0,0,1.8,0,2.01,0,0,0,0,0,0,0,1,0,0,,,0,1,0,0,0,0,0,1,0,0,0,0,0,NY,United States,USA,North America,40.7127281,-74.0060152,2163.208,8804190.0,329484123.0,12.7,86.0,170.1,38.5,41.3
New York,_Wyg213IZDI,New York__Wyg213IZDI,14666,True,2,2,0,1,0,,,0,1.35,,0.0,0,0,0,0,0,0,0,0,0,0,0,1,0,0,0,0,0,shine,Day,0,0,0,0,0,0,4.0,0,1.947,0,0,0,0,0,0,0,1,0,0,,,0,0,1,0,0,0,0,0,0,0,0,0,0,NY,United States,USA,North America,40.7127281,-74.0060152,2163.208,8804190.0,329484123.0,12.7,86.0,170.1,38.5,41.3
New York,_Wyg213IZDI,New York__Wyg213IZDI,14699,True,3,2,1,0,0,female,28.0,0,1.553,,0.0,0,0,0,0,0,0,0,0,0,0,0,0,0,0,0,0,0,rain,Day,0,0,0,0,0,0,4.5,0,1.905,0,0,0,0,0,1,0,1,0,0,,,0,0,0,0,0,0,0,0,0,0,0,0,0,NY,United States,USA,North America,40.7127281,-74.0060152,2163.208,8804190.0,329484123.0,12.7,86.0,170.1,38.5,41.3
New York,_Wyg213IZDI,New York__Wyg213IZDI,14739,True,1,2,0,0,0,female,34.0,0,1.327,1.414,0.0,0,0,0,0,0,0,0,0,0,0,0,0,0,0,0,0,0,shine,Day,0,0,0,0,0,0,4.75,0,1.94875,0,0,0,0,0,0,0,1,0,0,,,0,0,1,0,0,1,0,1,0,0,0,0,0,NY,United States,USA,North America,40.7127281,-74.0060152,2163.208,8804190.0,329484123.0,12.7,86.0,170.1,38.5,41.3
New York,_Wyg213IZDI,New York__Wyg213IZDI,14748,True,3,3,0,0,0,male,46.0,0,0.978,1.117,0.0,0,0,1,0,0,1,0,0,0,0,0,1,0,0,0,0,0,shine,Day,0,0,0,0,0,0,4.75,0,1.94875,0,0,0,0,0,0,0,1,0,0,,,0,0,1,0,0,1,0,1,0,0,0,0,0,NY,United States,USA,North America,40.7127281,-74.0060152,2163.208,8804190.0,329484123.0,12.7,86.0,170.1,38.5,41.3
New York,_Wyg213IZDI,New York__Wyg213IZDI,14750,True,2,3,0,0,0,male,28.0,0,1.037,1.443,0.0,0,0,0,0,0,0,0,0,0,0,0,0,1,0,0,0,0,shine,Day,0,0,0,0,0,0,3.333333333333333,0,2.0,0,0,0,0,0,0,0,1,0,0,,,0,0,1,0,0,0,0,0,0,0,0,0,0,NY,United States,USA,North America,40.7127281,-74.0060152,2163.208,8804190.0,329484123.0,12.7,86.0,170.1,38.5,41.3
New York,_Wyg213IZDI,New York__Wyg213IZDI,14782,True,1,2,0,0,0,,,0,0.996,0.993,0.0,0,0,0,0,0,1,0,0,0,0,0,1,0,0,0,0,0,shine,Day,0,0,0,0,0,0,5.222222222222222,0,1.923333333333333,0,0,0,0,0,0,0,1,0,0,,,0,0,1,0,0,1,0,1,0,0,0,0,0,NY,United States,USA,North America,40.7127281,-74.0060152,2163.208,8804190.0,329484123.0,12.7,86.0,170.1,38.5,41.3
New York,_Wyg213IZDI,New York__Wyg213IZDI,14932,True,1,1,0,0,0,female,33.0,0,1.651,1.728,0.0,0,0,0,0,0,0,0,0,0,0,0,0,0,0,0,0,0,shine,Day,0,0,0,0,0,0,5.111111111111111,0,1.9544444444444444,0,1,0,0,0,0,0,1,0,0,,,0,0,1,0,0,1,0,1,0,0,0,0,0,NY,United States,USA,North America,40.7127281,-74.0060152,2163.208,8804190.0,329484123.0,12.7,86.0,170.1,38.5,41.3
New York,_Wyg213IZDI,New York__Wyg213IZDI,14970,True,1,1,0,0,0,male,38.0,0,1.442,1.588,0.0,0,0,0,0,0,0,0,0,0,0,0,0,0,0,0,0,0,shine,Day,0,0,0,0,0,0,5.857142857142857,0,1.9942857142857144,0,0,0,0,0,0,0,1,0,0,,,0,0,1,0,0,1,0,1,0,0,0,0,0,NY,United States,USA,North America,40.7127281,-74.0060152,2163.208,8804190.0,329484123.0,12.7,86.0,170.1,38.5,41.3
New York,_Wyg213IZDI,New York__Wyg213IZDI,15202,True,0,1,1,0,0,female,36.0,0,,,,0,0,0,0,0,0,0,0,0,0,0,0,0,0,0,0,0,shine,Day,0,0,0,0,0,0,5.5,0,1.92375,0,1,0,0,0,0,0,1,0,0,,,0,1,1,0,0,0,0,1,0,0,0,1,0,NY,United States,USA,North America,40.7127281,-74.0060152,2163.208,8804190.0,329484123.0,12.7,86.0,170.1,38.5,41.3
New York,_Wyg213IZDI,New York__Wyg213IZDI,15208,True,1,1,1,0,0,,,0,0.134,,0.0,0,0,0,0,1,0,0,0,0,0,0,0,0,0,0,0,0,shine,Day,0,0,0,0,0,0,6.7368421052631575,0,1.973684210526316,0,0,0,0,0,0,0,1,0,0,,,0,1,1,1,0,0,0,1,0,0,1,0,0,NY,United States,USA,North America,40.7127281,-74.0060152,2163.208,8804190.0,329484123.0,12.7,86.0,170.1,38.5,41.3
New York,_Wyg213IZDI,New York__Wyg213IZDI,15306,True,2,3,0,0,0,male,33.0,0,0.981,,0.0,0,0,0,0,0,1,0,0,0,0,0,1,0,0,0,0,0,sunrise,Day,0,0,0,0,0,0,2.142857142857143,0,1.9692857142857143,0,1,0,0,0,0,0,1,0,0,,,0,0,1,1,0,0,0,0,0,0,1,0,0,NY,United States,USA,North America,40.7127281,-74.0060152,2163.208,8804190.0,329484123.0,12.7,86.0,170.1,38.5,41.3
New York,_Wyg213IZDI,New York__Wyg213IZDI,15366,True,3,3,0,0,0,female,35.0,0,1.488,,0.0,0,0,0,0,0,0,0,0,0,0,0,0,0,0,0,0,0,sunrise,Day,0,0,0,0,0,0,2.2857142857142856,0,2.0,0,1,0,0,0,1,1,1,0,0,,,0,0,1,1,0,0,0,0,0,0,1,0,0,NY,United States,USA,North America,40.7127281,-74.0060152,2163.208,8804190.0,329484123.0,12.7,86.0,170.1,38.5,41.3
New York,_Wyg213IZDI,New York__Wyg213IZDI,15372,True,2,3,0,0,0,,,0,1.148,,,0,0,0,0,0,0,0,0,0,0,0,0,0,0,0,0,0,sunrise,Day,0,0,0,0,0,0,1.6666666666666667,0,1.9966666666666668,0,1,0,0,0,0,0,0,0,0,,,0,0,1,1,0,0,0,0,0,0,0,0,0,NY,United States,USA,North America,40.7127281,-74.0060152,2163.208,8804190.0,329484123.0,12.7,86.0,170.1,38.5,41.3
New York,_Wyg213IZDI,New York__Wyg213IZDI,15393,True,4,4,0,0,0,male,39.0,0,0.584,,,0,0,0,0,0,1,0,0,0,0,0,1,0,0,0,0,0,sunrise,Day,0,0,0,0,0,0,1.5454545454545454,0,2.01,0,1,0,0,0,0,0,0,0,0,,,0,0,1,0,0,0,0,0,0,0,0,0,0,NY,United States,USA,North America,40.7127281,-74.0060152,2163.208,8804190.0,329484123.0,12.7,86.0,170.1,38.5,41.3
New York,_Wyg213IZDI,New York__Wyg213IZDI,15434,True,4,2,0,0,0,,,0,1.08,,0.0,0,0,0,0,0,0,0,0,0,0,0,0,0,0,0,0,0,rain,Day,0,0,0,0,0,0,1.0,0,2.0033333333333334,0,1,0,0,0,0,0,1,0,0,,,0,0,1,0,0,1,0,0,0,0,0,0,0,NY,United States,USA,North America,40.7127281,-74.0060152,2163.208,8804190.0,329484123.0,12.7,86.0,170.1,38.5,41.3
New York,_Wyg213IZDI,New York__Wyg213IZDI,15467,True,3,3,0,0,0,male,32.0,0,1.3,,0.0,0,0,0,0,0,0,0,0,0,0,0,0,0,0,0,0,0,rain,Day,0,0,0,0,0,0,0.75,0,1.985,0,1,0,0,0,0,0,0,0,0,,,0,0,1,0,0,0,0,0,0,0,0,0,0,NY,United States,USA,North America,40.7127281,-74.0060152,2163.208,8804190.0,329484123.0,12.7,86.0,170.1,38.5,41.3
New York,_Wyg213IZDI,New York__Wyg213IZDI,15469,True,2,3,0,0,0,male,31.0,0,1.144,,0.0,1,0,0,0,0,0,0,0,0,0,0,1,0,0,0,0,0,rain,Day,0,0,0,0,0,0,0.8571428571428571,0,1.944285714285714,0,1,0,0,0,0,0,1,0,0,,,0,0,1,0,0,1,0,0,0,0,0,0,0,NY,United States,USA,North America,40.7127281,-74.0060152,2163.208,8804190.0,329484123.0,12.7,86.0,170.1,38.5,41.3
New York,_Wyg213IZDI,New York__Wyg213IZDI,15475,True,3,3,0,0,0,male,34.0,1,1.14,1.239,0.0,0,0,1,1,0,0,0,0,0,0,0,0,0,0,0,0,0,rain,Day,0,0,0,0,0,0,0.75,0,1.905,0,1,0,0,0,0,0,1,0,0,,,0,0,1,0,0,1,0,0,0,0,0,0,0,NY,United States,USA,North America,40.7127281,-74.0060152,2163.208,8804190.0,329484123.0,12.7,86.0,170.1,38.5,41.3
New York,_Wyg213IZDI,New York__Wyg213IZDI,15495,True,2,2,0,0,0,male,35.0,0,0.779,0.943,0.0,0,0,0,0,0,1,0,0,0,0,0,1,0,0,0,0,0,rain,Day,0,0,0,0,0,0,1.1666666666666667,0,1.9175,0,1,0,0,0,0,0,1,0,0,,,0,0,1,0,0,0,0,0,0,0,0,0,0,NY,United States,USA,North America,40.7127281,-74.0060152,2163.208,8804190.0,329484123.0,12.7,86.0,170.1,38.5,41.3
New York,_Wyg213IZDI,New York__Wyg213IZDI,15542,True,1,1,0,0,0,male,32.0,0,0.907,0.998,0.0,0,0,0,0,0,1,0,0,0,0,0,1,0,0,0,0,0,rain,Day,0,0,0,0,0,0,1.4444444444444444,0,1.9122222222222225,0,1,0,0,0,0,0,1,0,0,,,0,0,1,0,0,0,0,0,0,0,0,0,0,NY,United States,USA,North America,40.7127281,-74.0060152,2163.208,8804190.0,329484123.0,12.7,86.0,170.1,38.5,41.3
New York,_Wyg213IZDI,New York__Wyg213IZDI,15572,True,2,2,0,0,0,,,0,0.695,1.118,0.0,0,0,0,0,0,1,0,0,0,0,0,1,0,0,0,0,0,rain,Day,0,0,0,0,0,0,1.8888888888888888,0,1.94,0,1,0,0,0,0,0,1,0,0,,,0,0,1,0,0,0,0,0,0,0,0,0,0,NY,United States,USA,North America,40.7127281,-74.0060152,2163.208,8804190.0,329484123.0,12.7,86.0,170.1,38.5,41.3
New York,_Wyg213IZDI,New York__Wyg213IZDI,15574,True,1,2,0,0,0,male,36.0,0,1.379,1.515,0.0,0,0,1,0,0,0,0,0,0,0,0,1,0,0,0,0,0,rain,Day,0,0,0,0,0,0,2.0,0,1.9385714285714288,0,1,0,0,0,0,0,1,0,0,,,0,0,1,0,0,0,0,0,0,0,0,0,0,NY,United States,USA,North America,40.7127281,-74.0060152,2163.208,8804190.0,329484123.0,12.7,86.0,170.1,38.5,41.3
New York,_Wyg213IZDI,New York__Wyg213IZDI,15622,True,2,2,0,0,0,male,30.0,1,1.11,0.946,0.0,0,0,0,0,0,1,0,0,0,0,0,0,0,0,0,0,0,rain,Day,0,0,0,0,0,0,2.0,0,1.9283333333333328,0,1,0,0,0,0,0,1,0,0,,,0,0,1,0,0,0,0,0,0,0,0,0,0,NY,United States,USA,North America,40.7127281,-74.0060152,2163.208,8804190.0,329484123.0,12.7,86.0,170.1,38.5,41.3
New York,_Wyg213IZDI,New York__Wyg213IZDI,15629,True,2,1,0,0,0,male,42.0,0,1.209,1.294,0.0,0,0,0,0,0,0,0,0,0,0,0,1,0,0,0,0,0,shine,Day,0,0,0,0,0,0,1.6666666666666667,0,1.933333333333333,0,1,0,0,0,0,0,1,0,0,,,0,0,1,0,0,0,0,0,0,0,0,0,0,NY,United States,USA,North America,40.7127281,-74.0060152,2163.208,8804190.0,329484123.0,12.7,86.0,170.1,38.5,41.3
New York,_Wyg213IZDI,New York__Wyg213IZDI,15663,True,4,4,0,0,0,male,43.0,1,0.147,,0.0,0,0,0,0,0,0,0,0,0,0,0,0,0,0,0,0,0,shine,Day,0,0,0,0,0,0,0.8571428571428571,0,1.911428571428572,0,1,0,0,0,0,0,1,0,0,,,0,0,1,0,0,0,0,1,0,0,0,0,0,NY,United States,USA,North America,40.7127281,-74.0060152,2163.208,8804190.0,329484123.0,12.7,86.0,170.1,38.5,41.3
New York,_Wyg213IZDI,New York__Wyg213IZDI,15818,True,0,1,1,0,0,,,0,1.365,,0.0,0,0,0,0,0,0,0,0,0,0,0,1,0,0,0,0,0,rain,Day,0,0,0,0,0,0,3.5,0,1.825,0,1,0,0,0,0,0,1,0,0,,,0,0,1,0,0,0,0,1,0,0,0,0,0,NY,United States,USA,North America,40.7127281,-74.0060152,2163.208,8804190.0,329484123.0,12.7,86.0,170.1,38.5,41.3
New York,_Wyg213IZDI,New York__Wyg213IZDI,15867,True,1,2,1,0,0,,,0,0.017,,0.0,0,0,0,0,0,0,0,0,0,0,0,0,0,0,0,0,0,rain,Day,0,0,0,0,0,0,6.130434782608695,0,2.0039130434782613,0,0,0,0,0,0,1,1,0,0,,,0,1,1,0,0,0,0,1,0,0,0,0,0,NY,United States,USA,North America,40.7127281,-74.0060152,2163.208,8804190.0,329484123.0,12.7,86.0,170.1,38.5,41.3
New York,_Wyg213IZDI,New York__Wyg213IZDI,15884,True,1,1,1,0,0,female,33.0,1,1.706,1.793,0.0,0,0,0,0,1,0,0,0,0,0,0,0,1,0,0,0,0,rain,Day,0,0,0,0,0,0,7.166666666666667,0,2.05,0,0,0,0,0,0,0,1,0,0,,,0,0,1,0,0,0,0,1,0,0,0,0,0,NY,United States,USA,North America,40.7127281,-74.0060152,2163.208,8804190.0,329484123.0,12.7,86.0,170.1,38.5,41.3
New York,_Wyg213IZDI,New York__Wyg213IZDI,15885,True,1,1,1,0,0,male,32.0,0,3.405,3.997,0.0,0,0,1,0,0,1,0,0,0,0,0,0,0,0,0,0,0,rain,Day,0,0,0,0,0,0,7.333333333333333,0,2.066666666666667,0,0,0,0,0,0,0,1,0,0,,,0,0,1,0,0,0,0,1,0,0,0,0,0,NY,United States,USA,North America,40.7127281,-74.0060152,2163.208,8804190.0,329484123.0,12.7,86.0,170.1,38.5,41.3
New York,_Wyg213IZDI,New York__Wyg213IZDI,15942,True,0,1,1,0,0,,,0,,,,0,0,0,0,0,0,0,0,0,0,0,0,0,0,0,0,0,shine,Day,0,0,0,0,0,0,4.428571428571429,0,1.8685714285714283,0,1,0,0,0,0,0,1,0,0,,,0,0,0,0,0,0,0,0,0,0,0,0,0,NY,United States,USA,North America,40.7127281,-74.0060152,2163.208,8804190.0,329484123.0,12.7,86.0,170.1,38.5,41.3
New York,_Wyg213IZDI,New York__Wyg213IZDI,15957,True,1,1,1,0,0,,,0,,,,0,0,1,0,1,1,0,0,0,0,0,1,0,0,0,0,0,shine,Day,0,0,0,0,0,0,4.6,0,1.834,0,1,0,0,0,0,0,1,0,0,,,0,0,0,0,0,0,0,0,0,0,0,0,0,NY,United States,USA,North America,40.7127281,-74.0060152,2163.208,8804190.0,329484123.0,12.7,86.0,170.1,38.5,41.3
New York,_Wyg213IZDI,New York__Wyg213IZDI,15992,True,3,2,1,0,0,,,0,,,,0,0,0,0,0,0,0,0,0,0,0,0,0,0,0,0,0,shine,Day,0,0,0,0,0,0,3.0,0,1.903333333333333,0,1,0,0,0,0,0,1,0,0,,,0,0,0,0,0,0,0,0,0,0,0,0,0,NY,United States,USA,North America,40.7127281,-74.0060152,2163.208,8804190.0,329484123.0,12.7,86.0,170.1,38.5,41.3
New York,_Wyg213IZDI,New York__Wyg213IZDI,16034,True,0,0,1,0,0,,,0,,,,0,0,0,0,0,0,0,0,0,0,0,0,0,0,0,0,0,rain,Day,0,0,0,0,0,0,3.0,0,1.895,0,1,0,0,0,0,0,1,0,0,,,0,1,0,0,0,0,0,1,0,0,0,0,0,NY,United States,USA,North America,40.7127281,-74.0060152,2163.208,8804190.0,329484123.0,12.7,86.0,170.1,38.5,41.3
New York,_Wyg213IZDI,New York__Wyg213IZDI,16102,True,2,2,1,0,0,,,0,1.007,1.017,0.0,0,0,0,0,0,0,0,0,0,0,0,0,0,0,0,0,0,shine,Day,0,0,0,0,0,0,5.571428571428571,0,1.817142857142857,0,1,0,0,0,0,1,1,0,0,,,0,0,1,1,0,0,0,1,0,1,0,0,0,NY,United States,USA,North America,40.7127281,-74.0060152,2163.208,8804190.0,329484123.0,12.7,86.0,170.1,38.5,41.3
New York,_Wyg213IZDI,New York__Wyg213IZDI,16316,True,0,0,1,0,0,,,0,1.358,1.218,0.0,0,0,0,0,0,0,0,0,0,0,0,0,0,0,0,0,0,shine,Day,0,0,0,0,0,0,5.0,0,1.925,0,1,0,0,0,0,1,1,0,0,,,0,0,1,0,0,0,0,1,0,0,0,0,0,NY,United States,USA,North America,40.7127281,-74.0060152,2163.208,8804190.0,329484123.0,12.7,86.0,170.1,38.5,41.3
New York,_Wyg213IZDI,New York__Wyg213IZDI,16477,True,1,1,1,0,0,male,28.0,0,1.72,,0.0,0,0,0,0,1,1,0,0,0,0,0,1,0,0,0,0,0,shine,Day,0,0,0,0,0,0,5.0,0,1.9,0,1,0,0,0,0,1,1,0,0,,,0,0,0,0,0,0,0,1,0,0,0,0,0,NY,United States,USA,North America,40.7127281,-74.0060152,2163.208,8804190.0,329484123.0,12.7,86.0,170.1,38.5,41.3
New York,_Wyg213IZDI,New York__Wyg213IZDI,16591,True,0,0,1,0,0,,,0,,,,0,0,0,0,0,0,0,0,0,0,0,0,0,0,0,0,0,shine,Day,0,0,0,0,1,0,1.5,0,1.865,0,1,0,0,0,0,0,1,0,0,,,0,0,1,0,0,0,0,0,0,0,0,0,0,NY,United States,USA,North America,40.7127281,-74.0060152,2163.208,8804190.0,329484123.0,12.7,86.0,170.1,38.5,41.3
New York,_Wyg213IZDI,New York__Wyg213IZDI,16678,True,0,1,1,0,0,,,0,,,,0,0,0,0,0,0,0,0,0,0,0,0,0,0,0,0,0,shine,Day,0,0,0,0,0,0,4.75,0,2.0175,0,1,0,0,0,0,1,1,0,0,,,0,1,1,0,0,0,0,1,0,1,0,0,0,NY,United States,USA,North America,40.7127281,-74.0060152,2163.208,8804190.0,329484123.0,12.7,86.0,170.1,38.5,41.3
New York,_Wyg213IZDI,New York__Wyg213IZDI,16690,True,0,0,1,0,0,,,0,,,,0,0,0,0,0,0,0,0,0,0,0,0,0,0,0,0,0,shine,Day,0,0,0,0,0,0,4.666666666666667,0,1.9316666666666664,0,1,0,0,0,0,1,1,0,0,,,0,1,1,1,0,0,0,1,0,1,0,1,0,NY,United States,USA,North America,40.7127281,-74.0060152,2163.208,8804190.0,329484123.0,12.7,86.0,170.1,38.5,41.3
New York,_Wyg213IZDI,New York__Wyg213IZDI,16847,True,2,2,1,0,0,,,0,1.192,,0.0,0,0,0,0,0,0,0,0,0,0,0,1,0,0,0,0,0,sunrise,Day,0,0,0,0,0,0,5.0,0,1.85,0,1,0,0,0,0,1,1,0,0,,,0,1,0,0,0,0,0,1,0,1,0,1,0,NY,United States,USA,North America,40.7127281,-74.0060152,2163.208,8804190.0,329484123.0,12.7,86.0,170.1,38.5,41.3
New York,_Wyg213IZDI,New York__Wyg213IZDI,16856,True,2,2,1,0,0,female,35.0,0,0.76,,0.0,0,0,1,0,0,0,0,0,0,0,0,1,0,0,0,0,0,sunrise,Day,0,0,0,0,0,0,5.0,0,1.85,0,1,0,0,0,0,1,1,0,0,,,0,1,0,0,0,0,0,1,0,1,0,1,0,NY,United States,USA,North America,40.7127281,-74.0060152,2163.208,8804190.0,329484123.0,12.7,86.0,170.1,38.5,41.3
New York,_Wyg213IZDI,New York__Wyg213IZDI,16860,True,1,2,1,0,0,male,36.0,0,1.035,,,0,0,0,0,0,0,0,0,0,0,0,1,0,0,0,0,0,sunrise,Day,0,0,0,0,0,0,5.0,0,1.85,0,1,0,0,0,0,1,1,0,0,,,0,1,0,0,0,0,0,1,0,1,0,1,0,NY,United States,USA,North America,40.7127281,-74.0060152,2163.208,8804190.0,329484123.0,12.7,86.0,170.1,38.5,41.3
New York,_Wyg213IZDI,New York__Wyg213IZDI,16878,True,2,1,0,0,0,male,35.0,0,0.478,,0.0,0,0,0,0,1,1,0,0,0,0,0,1,0,0,0,0,0,shine,Day,0,0,0,0,0,0,4.857142857142857,0,1.8085714285714285,0,1,0,0,0,0,0,1,0,0,,,0,1,1,1,0,0,0,1,0,0,0,1,0,NY,United States,USA,North America,40.7127281,-74.0060152,2163.208,8804190.0,329484123.0,12.7,86.0,170.1,38.5,41.3
NewYork,m_wznfPqd0I,NewYork1_m_wznfPqd0I,3,True,2,1,1,0,0,,,0,0.059,0.059,1.0,0,0,0,0,0,0,0,0,0,0,0,0,0,0,0,0,0,rain,Day,0,0,0,0,0,0,0.7954545454545454,0,5.819047619047619,0,-1,0,0,0,0,1,1,0,0,,,0,0,0,0,0,0,0,0,0,0,0,0,0,,,,,,,,,,,,,,
NewYork,8Tee4dzv0Bs,NewYork3_8Tee4dzv0Bs,1,True,2,2,1,0,0,male,44.0,0,0.116,0.096,,0,0,0,0,1,0,0,1,0,0,0,0,0,0,0,0,0,rain,Day,0,0,0,0,0,0,1.7857142857142858,0,19.82214285714286,0,-1,0,0,0,0,1,1,0,0,,,0,0,0,0,0,1,0,1,0,0,0,0,0,,,,,,,,,,,,,,
NewYork,8Tee4dzv0Bs,NewYork3_8Tee4dzv0Bs,2,True,2,2,1,0,0,female,34.0,0,0.076,0.105,,0,0,0,0,1,0,0,0,1,0,0,0,0,0,0,0,0,rain,Day,0,0,0,0,0,0,1.7857142857142858,0,19.82214285714286,0,-1,0,0,0,0,1,1,0,0,,,0,0,0,0,0,1,0,1,0,0,0,0,0,,,,,,,,,,,,,,
NewYork,8Tee4dzv0Bs,NewYork3_8Tee4dzv0Bs,114,True,1,1,1,0,0,male,28.0,0,0.064,0.022,24.03,0,0,0,0,1,1,0,1,0,0,0,0,0,0,0,0,0,rain,Day,0,0,0,0,0,0,1.320754716981132,0,12.560377358490566,0,-1,0,0,0,0,0,1,0,0,,,0,0,0,0,0,1,0,0,0,0,0,0,0,,,,,,,,,,,,,,
Paris,UElofxU8Nvo,Paris1_UElofxU8Nvo,4,True,1,2,1,0,0,,,0,0.034,0.043,18.0,0,0,0,0,0,1,0,1,0,0,0,1,0,0,0,0,0,rain,Day,0,0,0,0,0,0,0.5641025641025641,0,17.011025641025643,0,-1,0,0,0,0,1,0,0,0,,,0,0,1,0,0,0,0,0,0,0,0,0,0,,France,FRA,Europe,48.8588897,2.320041022,934.168,2138551.0,67391582.0,5.1,99.0,171.5,42.4,31.5
Paris,UElofxU8Nvo,Paris1_UElofxU8Nvo,59,True,2,2,1,0,0,,,0,0.068,0.024,31.0,0,0,0,0,0,1,0,0,0,0,0,1,0,0,0,0,0,rain,Day,0,0,0,0,0,0,0.979591836734694,0,13.025578231292515,0,-1,0,0,0,0,1,0,0,0,,,0,0,1,0,0,1,0,0,0,0,0,0,0,,France,FRA,Europe,48.8588897,2.320041022,934.168,2138551.0,67391582.0,5.1,99.0,171.5,42.4,31.5
Paris,UElofxU8Nvo,Paris1_UElofxU8Nvo,66,True,0,0,1,0,0,male,48.0,0,0.073,0.009,1.0,0,0,0,0,0,1,0,0,0,0,0,1,0,0,0,0,0,rain,Day,0,0,0,0,0,0,0.5909090909090909,0,16.996363636363636,0,-1,0,0,0,0,1,1,0,0,,,0,0,1,0,0,0,0,0,0,0,0,0,0,,France,FRA,Europe,48.8588897,2.320041022,934.168,2138551.0,67391582.0,5.1,99.0,171.5,42.4,31.5
Paris,UElofxU8Nvo,Paris1_UElofxU8Nvo,103,True,1,1,1,0,0,female,30.0,0,0.015,0.03,3.0,0,0,0,0,0,1,0,0,0,0,0,1,0,0,0,0,0,sunrise,Day,0,0,0,0,0,0,0.7666666666666667,0,14.459,0,-1,0,0,0,0,1,0,0,0,,,0,0,0,0,0,1,0,0,0,0,0,0,0,,France,FRA,Europe,48.8588897,2.320041022,934.168,2138551.0,67391582.0,5.1,99.0,171.5,42.4,31.5
Paris,UElofxU8Nvo,Paris1_UElofxU8Nvo,212,True,0,1,1,0,0,male,56.0,0,0.016,0.021,125.0,0,0,0,0,0,1,0,0,0,0,0,0,0,0,0,0,0,sunrise,Day,0,0,0,0,0,0,0.8421052631578947,0,14.240526315789474,0,-1,0,0,0,0,0,1,0,0,,,0,0,1,1,0,1,0,0,0,0,0,0,0,,France,FRA,Europe,48.8588897,2.320041022,934.168,2138551.0,67391582.0,5.1,99.0,171.5,42.4,31.5
Paris,UElofxU8Nvo,Paris1_UElofxU8Nvo,394,True,0,1,1,0,0,,,0,0.193,0.139,6.0,0,0,0,0,0,0,0,0,0,0,0,0,0,0,0,0,0,rain,Day,0,0,0,0,0,0,0.5714285714285714,0,11.543714285714286,0,-1,0,0,0,0,1,0,0,0,,,0,0,0,0,0,1,0,0,0,0,0,0,0,,France,FRA,Europe,48.8588897,2.320041022,934.168,2138551.0,67391582.0,5.1,99.0,171.5,42.4,31.5
Paris,UElofxU8Nvo,Paris1_UElofxU8Nvo,469,True,2,2,1,0,0,male,44.0,0,0.039,0.033,,0,0,0,0,0,0,0,0,0,0,0,0,0,0,0,0,0,sunrise,Day,0,0,0,0,0,0,0.9836065573770492,0,12.958606557377047,0,-1,0,0,0,0,1,1,0,0,,,0,0,1,0,0,0,0,0,0,0,0,0,0,,France,FRA,Europe,48.8588897,2.320041022,934.168,2138551.0,67391582.0,5.1,99.0,171.5,42.4,31.5
Paris,UElofxU8Nvo,Paris1_UElofxU8Nvo,542,True,3,1,1,0,0,male,33.0,0,0.032,0.029,11.0,0,0,0,0,0,1,0,1,0,0,0,1,0,0,0,0,0,sunrise,Day,0,0,0,0,0,0,1.3389830508474576,0,13.83186440677966,0,-1,0,0,0,0,0,1,0,0,,,0,0,1,1,0,1,0,0,0,0,0,0,0,,France,FRA,Europe,48.8588897,2.320041022,934.168,2138551.0,67391582.0,5.1,99.0,171.5,42.4,31.5
Paris,UElofxU8Nvo,Paris1_UElofxU8Nvo,549,True,2,1,1,0,0,female,27.0,0,0.063,0.057,2.0,0,0,0,0,0,0,0,0,0,0,0,0,0,0,0,0,0,sunrise,Day,0,0,0,0,0,0,1.0925925925925926,0,14.366481481481484,0,-1,0,0,0,0,1,1,0,0,,,0,0,1,1,0,1,0,0,0,0,0,0,0,,France,FRA,Europe,48.8588897,2.320041022,934.168,2138551.0,67391582.0,5.1,99.0,171.5,42.4,31.5
Paris,UElofxU8Nvo,Paris1_UElofxU8Nvo,588,True,1,3,1,0,0,female,36.0,0,0.072,0.035,84.0,0,0,0,0,0,1,0,1,0,0,0,1,0,0,0,0,0,sunrise,Day,0,0,0,0,0,0,0.6136363636363636,0,13.788181818181815,0,-1,0,0,0,0,0,0,0,0,,,0,0,1,0,0,0,0,0,0,0,0,0,0,,France,FRA,Europe,48.8588897,2.320041022,934.168,2138551.0,67391582.0,5.1,99.0,171.5,42.4,31.5
Paris,UElofxU8Nvo,Paris1_UElofxU8Nvo,771,True,2,2,1,1,0,,,0,0.096,0.088,72.0,0,0,0,0,0,1,0,0,0,0,0,1,0,0,0,0,0,rain,Day,0,0,0,0,0,0,1.020408163265306,1,13.27816326530612,0,-1,0,0,0,0,0,1,0,0,,,0,0,1,0,0,1,0,0,0,0,1,0,0,,France,FRA,Europe,48.8588897,2.320041022,934.168,2138551.0,67391582.0,5.1,99.0,171.5,42.4,31.5
Paris,UElofxU8Nvo,Paris1_UElofxU8Nvo,796,True,3,3,1,1,0,male,33.0,0,0.094,0.069,47.0,0,0,0,0,0,1,0,0,0,0,0,1,0,0,0,0,0,rain,Day,0,0,0,0,0,0,1.088235294117647,1,13.506176470588237,0,-1,0,0,0,0,0,0,0,0,,,0,0,1,1,0,1,0,0,0,0,1,0,0,,France,FRA,Europe,48.8588897,2.320041022,934.168,2138551.0,67391582.0,5.1,99.0,171.5,42.4,31.5
Paris,UElofxU8Nvo,Paris1_UElofxU8Nvo,1154,True,1,1,1,0,0,female,33.0,0,0.051,0.025,3.0,1,0,1,0,0,1,0,1,0,0,0,1,1,0,0,0,0,rain,Day,0,0,0,0,0,0,1.28125,0,14.982500000000002,0,-1,0,0,0,0,1,1,0,0,,,0,0,0,1,0,1,0,0,0,0,0,0,0,,France,FRA,Europe,48.8588897,2.320041022,934.168,2138551.0,67391582.0,5.1,99.0,171.5,42.4,31.5
Sydney,wMu6Va5PhGY,Sydney_wMu6Va5PhGY,395,True,0,0,1,0,0,,,0,1.677,,0.0,0,0,0,0,0,0,0,0,0,0,0,0,0,0,0,0,0,shine,Evening,0,0,0,0,0,0,8.0,0,2.53,0,1,0,0,0,0,0,1,0,0,,,0,1,0,1,0,0,0,1,0,0,1,0,0,,Australia,AUS,Oceania,-33.8698439,151.2082848,398.037,5231147.0,25687041.0,4.9,99.0,171.7,37.9,34.3
Sydney,wMu6Va5PhGY,Sydney_wMu6Va5PhGY,470,True,0,0,1,1,0,,,0,1.97,3.607,0.0,0,0,0,0,0,0,0,0,0,0,0,0,0,0,0,0,0,rain,Evening,0,0,0,0,0,0,2.4,0,2.056,0,1,0,0,0,0,0,0,0,0,,,0,1,1,1,0,0,0,0,0,1,1,1,0,,Australia,AUS,Oceania,-33.8698439,151.2082848,398.037,5231147.0,25687041.0,4.9,99.0,171.7,37.9,34.3
Sydney,wMu6Va5PhGY,Sydney_wMu6Va5PhGY,481,True,0,1,1,0,0,,,0,2.251,1.581,0.0,0,1,0,0,0,0,0,0,0,0,0,0,0,0,0,0,0,cloudy,Night,0,0,0,0,0,0,4.666666666666667,0,2.5033333333333334,0,1,0,0,0,0,0,1,0,0,,,0,1,0,0,0,0,0,1,0,1,0,0,0,,Australia,AUS,Oceania,-33.8698439,151.2082848,398.037,5231147.0,25687041.0,4.9,99.0,171.7,37.9,34.3
Sydney,wMu6Va5PhGY,Sydney_wMu6Va5PhGY,530,True,0,1,1,0,0,male,75.0,0,2.074,1.364,0.0,0,0,0,0,0,0,0,0,0,0,0,0,0,0,0,0,0,rain,Day,0,0,0,0,0,0,0.5,0,1.205,0,1,0,0,0,0,0,0,0,0,,,0,0,0,0,0,0,0,0,0,0,1,0,0,,Australia,AUS,Oceania,-33.8698439,151.2082848,398.037,5231147.0,25687041.0,4.9,99.0,171.7,37.9,34.3
Sydney,wMu6Va5PhGY,Sydney_wMu6Va5PhGY,780,True,0,1,1,0,0,female,64.0,0,1.166,0.819,0.07,0,0,0,0,0,0,0,0,0,0,0,0,0,0,0,0,0,shine,Evening,0,0,0,0,0,0,1.75,0,2.38,0,1,0,0,0,0,0,1,0,0,,,0,0,1,0,0,0,0,0,0,0,0,0,0,,Australia,AUS,Oceania,-33.8698439,151.2082848,398.037,5231147.0,25687041.0,4.9,99.0,171.7,37.9,34.3
Sydney,wMu6Va5PhGY,Sydney_wMu6Va5PhGY,796,True,0,0,1,0,0,male,48.0,0,1.437,1.5,0.0,0,0,0,0,0,0,0,0,0,0,0,0,0,0,0,0,0,shine,Evening,0,0,0,0,0,0,1.4,0,2.63,0,1,0,0,0,0,0,1,0,0,,,0,0,0,0,0,0,0,1,0,0,0,0,0,,Australia,AUS,Oceania,-33.8698439,151.2082848,398.037,5231147.0,25687041.0,4.9,99.0,171.7,37.9,34.3
Sydney,wMu6Va5PhGY,Sydney_wMu6Va5PhGY,877,True,0,0,1,0,0,male,67.0,0,3.153,3.2,0.0,0,0,0,0,0,0,0,0,0,0,0,0,0,0,0,0,0,shine,Evening,0,0,0,0,0,0,0.0,0,0.94,0,1,0,0,0,0,0,0,0,0,,,0,0,0,0,0,0,0,0,0,0,0,0,0,,Australia,AUS,Oceania,-33.8698439,151.2082848,398.037,5231147.0,25687041.0,4.9,99.0,171.7,37.9,34.3
Sydney,wMu6Va5PhGY,Sydney_wMu6Va5PhGY,987,True,0,0,1,0,0,,,0,1.273,1.582,0.0,0,0,0,0,0,0,0,0,0,0,0,0,0,0,0,0,0,shine,Night,0,0,0,0,0,0,3.2222222222222223,0,2.5088888888888885,0,1,0,0,0,0,0,1,0,0,,,0,0,1,0,0,0,0,1,0,0,0,0,0,,Australia,AUS,Oceania,-33.8698439,151.2082848,398.037,5231147.0,25687041.0,4.9,99.0,171.7,37.9,34.3
Sydney,wMu6Va5PhGY,Sydney_wMu6Va5PhGY,988,True,0,0,1,0,0,female,45.0,0,1.514,1.829,0.0,0,0,0,0,0,0,0,0,0,0,0,0,0,0,0,0,0,shine,Night,0,0,0,0,0,0,2.4,0,2.475,0,1,0,0,0,0,0,1,0,0,,,0,0,0,0,0,0,0,1,0,0,0,0,0,,Australia,AUS,Oceania,-33.8698439,151.2082848,398.037,5231147.0,25687041.0,4.9,99.0,171.7,37.9,34.3
Sydney,wMu6Va5PhGY,Sydney_wMu6Va5PhGY,1302,True,0,0,1,0,0,,,0,1.768,0.621,0.0,0,0,0,0,0,0,0,0,0,0,0,0,0,0,0,0,0,rain,Night,0,0,0,0,0,0,4.0,0,2.36,0,1,0,0,0,0,0,1,0,0,,,0,0,1,1,0,0,0,0,0,1,0,0,0,,Australia,AUS,Oceania,-33.8698439,151.2082848,398.037,5231147.0,25687041.0,4.9,99.0,171.7,37.9,34.3
Sydney,wMu6Va5PhGY,Sydney_wMu6Va5PhGY,1341,True,2,2,1,0,0,,,0,1.97,0.733,0.0,0,0,0,0,0,0,0,0,0,0,0,0,0,0,0,0,0,shine,Night,0,1,1,0,0,0,1.0,0,2.643333333333333,0,1,0,0,0,0,0,1,0,0,,,0,1,0,0,0,0,0,0,0,0,0,0,0,,Australia,AUS,Oceania,-33.8698439,151.2082848,398.037,5231147.0,25687041.0,4.9,99.0,171.7,37.9,34.3
Sydney,wMu6Va5PhGY,Sydney_wMu6Va5PhGY,1405,True,0,0,0,0,0,,,0,1.551,1.623,0.0,0,0,0,0,0,0,0,0,0,0,0,0,0,0,0,0,0,rain,Night,0,0,0,0,0,0,3.0,0,1.855,0,1,0,0,0,0,0,1,0,0,,,0,0,0,0,0,0,0,0,0,0,0,0,0,,Australia,AUS,Oceania,-33.8698439,151.2082848,398.037,5231147.0,25687041.0,4.9,99.0,171.7,37.9,34.3
Sydney,wMu6Va5PhGY,Sydney_wMu6Va5PhGY,1503,True,1,2,1,1,0,,,1,0.834,1.838,0.0,0,0,0,0,0,0,0,0,0,0,0,1,0,0,0,0,0,rain,Night,0,0,0,0,0,0,3.0,0,2.43,0,1,0,0,0,0,0,1,0,0,,,0,0,0,0,0,0,0,0,0,0,0,0,0,,Australia,AUS,Oceania,-33.8698439,151.2082848,398.037,5231147.0,25687041.0,4.9,99.0,171.7,37.9,34.3
Sydney,wMu6Va5PhGY,Sydney_wMu6Va5PhGY,1597,True,0,0,1,1,0,male,38.0,0,0.779,0.536,0.0,0,0,0,0,0,0,0,0,0,0,0,0,0,0,0,0,0,rain,Evening,0,0,0,0,0,0,2.0,0,2.4675,0,1,0,0,0,0,0,1,0,0,,,0,0,0,0,0,1,0,0,0,0,0,0,0,,Australia,AUS,Oceania,-33.8698439,151.2082848,398.037,5231147.0,25687041.0,4.9,99.0,171.7,37.9,34.3
Sydney,wMu6Va5PhGY,Sydney_wMu6Va5PhGY,1739,True,1,2,1,0,0,,,0,2.19,2.22,0.0,0,0,0,0,0,0,0,0,0,0,0,0,0,0,0,0,0,rain,Day,0,0,0,0,0,0,4.384615384615385,0,2.422307692307692,0,1,0,0,0,0,1,1,0,0,,,0,0,0,1,0,0,0,1,0,0,0,0,0,,Australia,AUS,Oceania,-33.8698439,151.2082848,398.037,5231147.0,25687041.0,4.9,99.0,171.7,37.9,34.3
Sydney,wMu6Va5PhGY,Sydney_wMu6Va5PhGY,2070,True,1,1,1,1,0,,,0,0.991,0.836,0.0,0,0,0,0,0,0,0,0,0,0,0,0,0,0,0,0,0,rain,Day,0,0,0,0,0,0,3.5,0,2.23625,0,1,0,0,0,1,1,1,0,0,,,0,0,1,1,0,0,0,1,0,0,0,0,0,,Australia,AUS,Oceania,-33.8698439,151.2082848,398.037,5231147.0,25687041.0,4.9,99.0,171.7,37.9,34.3
Sydney,wMu6Va5PhGY,Sydney_wMu6Va5PhGY,2265,True,1,2,1,1,0,male,33.0,0,1.953,1.642,0.0,0,0,0,0,1,0,0,0,0,0,0,1,0,0,0,0,0,rain,Day,0,0,0,0,0,0,3.333333333333333,0,1.4533333333333334,0,1,0,0,0,0,1,1,0,0,,,0,0,1,0,0,0,0,0,0,0,0,0,0,,Australia,AUS,Oceania,-33.8698439,151.2082848,398.037,5231147.0,25687041.0,4.9,99.0,171.7,37.9,34.3
Sydney,wMu6Va5PhGY,Sydney_wMu6Va5PhGY,2268,True,1,2,1,1,0,female,48.0,0,2.056,1.684,0.0,0,0,0,0,0,0,0,0,0,0,0,1,0,0,0,0,0,rain,Day,0,0,0,0,0,0,3.333333333333333,0,1.4533333333333334,0,1,0,0,0,0,1,1,0,0,,,0,0,1,0,0,0,0,0,0,0,0,0,0,,Australia,AUS,Oceania,-33.8698439,151.2082848,398.037,5231147.0,25687041.0,4.9,99.0,171.7,37.9,34.3
Sydney,wMu6Va5PhGY,Sydney_wMu6Va5PhGY,2277,True,1,1,1,1,0,female,70.0,0,1.704,1.398,0.0,0,0,0,0,0,0,0,0,0,0,0,0,0,0,0,0,0,rain,Day,0,0,0,0,0,0,3.0,0,1.255,0,1,0,0,0,0,1,1,0,0,,,0,0,1,0,0,0,0,0,0,0,0,0,0,,Australia,AUS,Oceania,-33.8698439,151.2082848,398.037,5231147.0,25687041.0,4.9,99.0,171.7,37.9,34.3
Sydney,wMu6Va5PhGY,Sydney_wMu6Va5PhGY,2281,True,1,1,1,1,0,male,56.0,0,2.036,1.556,0.0,0,0,0,0,0,0,0,0,0,0,0,0,0,0,0,0,0,rain,Day,0,0,0,0,0,0,3.0,0,1.255,0,1,0,0,0,0,1,1,0,0,,,0,0,1,0,0,0,0,0,0,0,0,0,0,,Australia,AUS,Oceania,-33.8698439,151.2082848,398.037,5231147.0,25687041.0,4.9,99.0,171.7,37.9,34.3
Sydney,wMu6Va5PhGY,Sydney_wMu6Va5PhGY,2286,True,1,1,1,1,0,male,43.0,0,2.061,2.967,,0,0,0,0,0,0,0,0,0,0,0,0,0,0,0,0,0,rain,Day,0,0,0,0,0,0,3.0,0,1.255,0,1,0,0,0,0,1,1,0,0,,,0,0,1,0,0,0,0,0,0,0,0,0,0,,Australia,AUS,Oceania,-33.8698439,151.2082848,398.037,5231147.0,25687041.0,4.9,99.0,171.7,37.9,34.3
Sydney,wMu6Va5PhGY,Sydney_wMu6Va5PhGY,2299,True,0,0,1,0,0,,,1,1.015,0.485,0.0,0,0,0,0,0,0,0,0,0,0,0,0,0,0,0,0,0,rain,Evening,0,0,0,0,0,0,4.666666666666667,0,2.105,0,1,0,0,0,0,1,1,0,0,,,0,0,1,1,0,1,0,1,0,1,1,1,0,,Australia,AUS,Oceania,-33.8698439,151.2082848,398.037,5231147.0,25687041.0,4.9,99.0,171.7,37.9,34.3
Sydney,wMu6Va5PhGY,Sydney_wMu6Va5PhGY,2830,True,1,2,1,1,0,,,0,2.462,1.495,0.0,0,0,0,0,1,0,0,0,0,0,0,0,0,0,0,0,0,cloudy,Night,0,0,0,0,0,0,2.0,0,2.715,0,1,0,0,0,0,0,1,0,0,,,0,0,0,0,0,0,0,0,0,0,0,0,0,,Australia,AUS,Oceania,-33.8698439,151.2082848,398.037,5231147.0,25687041.0,4.9,99.0,171.7,37.9,34.3
Sydney,wMu6Va5PhGY,Sydney_wMu6Va5PhGY,3283,True,0,0,1,1,0,,,0,1.101,0.738,0.0,0,0,0,0,0,0,0,0,0,0,0,0,0,0,0,0,0,rain,Evening,0,0,0,0,0,0,4.5,0,2.5683333333333334,0,1,0,0,0,0,0,1,0,0,,,0,0,1,0,0,0,0,1,0,0,0,0,0,,Australia,AUS,Oceania,-33.8698439,151.2082848,398.037,5231147.0,25687041.0,4.9,99.0,171.7,37.9,34.3
Sydney,wMu6Va5PhGY,Sydney_wMu6Va5PhGY,3303,True,2,1,1,1,0,,,0,1.787,1.84,0.0,0,0,0,0,0,0,0,0,0,0,0,0,0,0,0,0,0,rain,Day,0,0,0,0,0,0,5.222222222222222,0,2.457777777777778,0,1,0,0,0,0,1,1,0,0,,,0,0,0,0,0,0,0,0,0,0,0,0,0,,Australia,AUS,Oceania,-33.8698439,151.2082848,398.037,5231147.0,25687041.0,4.9,99.0,171.7,37.9,34.3
Sydney,wMu6Va5PhGY,Sydney_wMu6Va5PhGY,3337,True,0,0,1,1,0,,,0,1.65,1.749,0.0,0,0,0,0,0,0,0,0,0,0,0,0,0,0,0,0,0,rain,Day,0,0,0,0,0,0,7.636363636363637,0,2.5445454545454544,0,1,0,0,0,0,0,1,0,0,,,0,0,0,0,0,0,0,0,0,0,0,0,0,,Australia,AUS,Oceania,-33.8698439,151.2082848,398.037,5231147.0,25687041.0,4.9,99.0,171.7,37.9,34.3
Sydney,wMu6Va5PhGY,Sydney_wMu6Va5PhGY,3378,True,0,0,1,1,0,,,0,1.027,0.53,0.0,0,0,0,0,0,0,0,0,0,0,0,0,0,0,0,0,0,shine,Day,0,0,0,0,0,0,6.6,0,2.57,0,0,0,0,0,0,1,1,0,0,,,0,0,0,0,0,0,0,0,0,0,0,0,0,,Australia,AUS,Oceania,-33.8698439,151.2082848,398.037,5231147.0,25687041.0,4.9,99.0,171.7,37.9,34.3
Sydney,wMu6Va5PhGY,Sydney_wMu6Va5PhGY,3434,True,0,0,1,0,0,,,0,1.292,0.501,0.13,0,0,0,0,0,0,0,0,0,0,0,0,0,0,0,0,0,cloudy,Evening,0,0,0,0,0,0,1.0,0,1.265,0,1,0,0,0,0,0,1,0,0,,,0,0,0,0,0,0,0,0,0,0,0,0,0,,Australia,AUS,Oceania,-33.8698439,151.2082848,398.037,5231147.0,25687041.0,4.9,99.0,171.7,37.9,34.3
Sydney,wMu6Va5PhGY,Sydney_wMu6Va5PhGY,3443,True,0,1,1,0,0,,,0,1.422,1.406,0.0,0,0,0,0,0,0,0,0,0,0,0,0,0,0,0,0,0,shine,Evening,0,0,0,0,0,0,4.6,0,1.4460000000000002,0,1,0,0,0,0,0,1,0,0,,,0,0,1,0,0,0,0,0,0,0,0,0,0,,Australia,AUS,Oceania,-33.8698439,151.2082848,398.037,5231147.0,25687041.0,4.9,99.0,171.7,37.9,34.3
Sydney,wMu6Va5PhGY,Sydney_wMu6Va5PhGY,3449,True,0,1,1,0,0,,,0,1.731,1.579,0.0,0,0,0,0,0,0,0,0,0,0,0,0,0,0,0,0,0,shine,Evening,0,0,0,0,0,0,4.625,0,1.1425,0,1,0,0,0,0,0,1,0,0,,,0,0,1,0,0,0,0,0,0,0,0,0,0,,Australia,AUS,Oceania,-33.8698439,151.2082848,398.037,5231147.0,25687041.0,4.9,99.0,171.7,37.9,34.3
Sydney,wMu6Va5PhGY,Sydney_wMu6Va5PhGY,3467,True,1,1,1,0,0,,,0,1.713,1.568,0.0,0,0,0,0,0,0,0,0,0,0,0,0,0,0,0,0,0,shine,Evening,0,0,0,0,0,0,4.285714285714286,0,1.364285714285714,0,1,0,0,0,0,0,1,0,0,,,0,0,1,0,0,0,0,0,0,0,0,0,0,,Australia,AUS,Oceania,-33.8698439,151.2082848,398.037,5231147.0,25687041.0,4.9,99.0,171.7,37.9,34.3
Sydney,wMu6Va5PhGY,Sydney_wMu6Va5PhGY,3483,True,1,1,1,0,0,,,0,1.256,1.228,0.0,0,0,0,0,0,0,0,0,0,0,0,0,0,0,0,0,0,shine,Evening,0,0,0,0,0,0,4.3,0,1.283,0,1,0,0,0,0,0,1,0,0,,,0,0,0,0,0,0,0,0,0,0,0,0,0,,Australia,AUS,Oceania,-33.8698439,151.2082848,398.037,5231147.0,25687041.0,4.9,99.0,171.7,37.9,34.3
Sydney,wMu6Va5PhGY,Sydney_wMu6Va5PhGY,3649,True,0,0,1,0,0,,,0,0.163,0.401,0.0,0,0,0,0,0,0,0,0,0,0,0,0,0,0,0,0,0,sunrise,Day,0,0,0,0,0,0,0.4130434782608695,0,1.061304347826087,0,1,0,0,0,0,0,1,0,0,,,0,0,0,0,0,0,0,0,0,0,0,0,0,,Australia,AUS,Oceania,-33.8698439,151.2082848,398.037,5231147.0,25687041.0,4.9,99.0,171.7,37.9,34.3
Sydney,wMu6Va5PhGY,Sydney_wMu6Va5PhGY,3670,True,1,1,1,0,0,,,0,0.322,0.407,0.2,0,0,0,0,0,0,0,0,0,0,0,0,0,0,0,0,0,rain,Day,0,0,0,0,0,0,0.0,0,2.49,0,1,0,0,0,0,0,0,0,0,,,0,0,0,0,0,0,0,0,0,0,0,0,0,,Australia,AUS,Oceania,-33.8698439,151.2082848,398.037,5231147.0,25687041.0,4.9,99.0,171.7,37.9,34.3
Sydney,wMu6Va5PhGY,Sydney_wMu6Va5PhGY,3798,True,0,0,1,0,0,,,0,2.897,3.0,0.0,0,0,0,0,0,0,0,0,0,0,0,0,0,0,0,0,0,shine,Day,0,0,0,0,0,0,0.0,0,2.182857142857143,0,1,0,0,0,0,0,0,0,0,,,0,0,0,0,0,0,0,0,0,0,0,0,0,,Australia,AUS,Oceania,-33.8698439,151.2082848,398.037,5231147.0,25687041.0,4.9,99.0,171.7,37.9,34.3
Sydney,wMu6Va5PhGY,Sydney_wMu6Va5PhGY,3922,True,0,0,1,0,0,,,0,1.433,2.547,0.0,0,0,0,0,0,0,0,0,0,0,0,1,0,0,0,0,0,sunrise,Day,0,0,0,0,0,0,2.0,0,2.76,0,1,0,0,0,0,0,1,0,0,,,0,0,1,0,0,0,0,0,0,0,0,0,0,,Australia,AUS,Oceania,-33.8698439,151.2082848,398.037,5231147.0,25687041.0,4.9,99.0,171.7,37.9,34.3
Sydney,wMu6Va5PhGY,Sydney_wMu6Va5PhGY,3932,True,2,2,1,1,0,male,35.0,0,1.245,0.716,0.0,0,0,0,0,0,0,0,0,0,0,0,0,0,0,0,0,0,shine,Day,0,0,0,0,0,0,1.875,0,2.56875,0,1,0,0,0,0,0,1,0,0,,,0,0,1,0,0,0,0,0,0,0,0,0,0,,Australia,AUS,Oceania,-33.8698439,151.2082848,398.037,5231147.0,25687041.0,4.9,99.0,171.7,37.9,34.3
Sydney,wMu6Va5PhGY,Sydney_wMu6Va5PhGY,3939,True,2,2,1,1,0,,,0,0.987,0.775,,0,0,0,0,0,0,0,0,0,0,0,0,0,0,0,0,0,shine,Day,0,0,0,0,0,0,1.875,0,2.56875,0,1,0,0,0,0,0,1,0,0,,,0,0,1,0,0,0,0,0,0,0,0,0,0,,Australia,AUS,Oceania,-33.8698439,151.2082848,398.037,5231147.0,25687041.0,4.9,99.0,171.7,37.9,34.3
Sydney,wMu6Va5PhGY,Sydney_wMu6Va5PhGY,4383,True,0,1,1,0,0,,,0,1.686,1.582,0.0,0,0,0,0,0,0,0,0,0,0,0,0,0,0,0,0,0,shine,Day,0,0,0,0,0,0,3.333333333333333,0,2.4250000000000003,0,1,0,0,0,0,0,1,0,0,,,0,1,0,0,0,0,0,1,0,1,0,0,0,,Australia,AUS,Oceania,-33.8698439,151.2082848,398.037,5231147.0,25687041.0,4.9,99.0,171.7,37.9,34.3
Sydney,wMu6Va5PhGY,Sydney_wMu6Va5PhGY,4710,True,0,1,1,0,0,,,0,1.379,1.526,0.0,0,0,0,0,0,0,0,0,0,0,0,0,0,0,0,0,0,rain,Day,0,0,0,0,0,0,0.8333333333333334,0,2.4233333333333333,0,1,0,0,0,0,0,1,0,0,,,0,0,0,0,0,0,0,0,0,0,0,0,0,,Australia,AUS,Oceania,-33.8698439,151.2082848,398.037,5231147.0,25687041.0,4.9,99.0,171.7,37.9,34.3
Sydney,wMu6Va5PhGY,Sydney_wMu6Va5PhGY,5007,True,0,0,1,0,0,,,0,4.915,4.681,0.0,0,0,0,0,0,0,0,0,0,0,0,0,0,0,0,0,0,shine,Day,0,0,0,0,0,0,8.25,0,2.35,0,0,0,0,0,0,1,1,0,0,,,0,0,1,0,0,0,0,1,0,0,0,0,0,,Australia,AUS,Oceania,-33.8698439,151.2082848,398.037,5231147.0,25687041.0,4.9,99.0,171.7,37.9,34.3
Sydney,wMu6Va5PhGY,Sydney_wMu6Va5PhGY,5107,True,0,1,1,0,0,,,0,3.657,3.909,0.0,0,0,0,0,0,0,0,0,0,0,0,0,0,0,0,0,0,shine,Day,0,0,0,0,0,0,1.6666666666666667,0,2.4233333333333333,0,0,0,0,0,0,0,1,0,0,,,0,0,1,0,0,0,0,0,0,0,0,0,0,,Australia,AUS,Oceania,-33.8698439,151.2082848,398.037,5231147.0,25687041.0,4.9,99.0,171.7,37.9,34.3
Sydney,wMu6Va5PhGY,Sydney_wMu6Va5PhGY,5114,True,0,0,1,0,0,male,38.0,0,3.274,3.273,0.0,0,0,0,0,0,1,0,0,0,0,0,1,0,0,0,0,0,shine,Day,0,0,0,0,0,0,3.6666666666666665,0,2.373333333333333,0,0,0,0,0,0,0,1,0,0,,,0,0,1,0,0,0,0,0,0,0,0,0,0,,Australia,AUS,Oceania,-33.8698439,151.2082848,398.037,5231147.0,25687041.0,4.9,99.0,171.7,37.9,34.3
Sydney,wMu6Va5PhGY,Sydney_wMu6Va5PhGY,5120,True,3,3,1,0,0,,,0,2.982,,0.0,0,0,0,0,1,0,0,0,0,0,1,0,0,0,0,0,0,shine,Day,0,0,0,0,0,0,3.0,0,2.63,0,1,0,0,0,0,1,1,0,0,,,0,0,0,0,0,0,0,0,0,0,0,0,0,,Australia,AUS,Oceania,-33.8698439,151.2082848,398.037,5231147.0,25687041.0,4.9,99.0,171.7,37.9,34.3
Sydney,wMu6Va5PhGY,Sydney_wMu6Va5PhGY,5121,True,2,2,1,0,0,male,41.0,0,1.947,1.942,0.0,0,0,0,0,1,1,0,0,0,0,0,1,0,0,0,0,0,shine,Day,0,0,0,0,0,0,3.5,0,1.9775,0,0,0,0,0,0,1,1,0,0,,,0,0,1,0,0,0,0,0,0,0,0,0,0,,Australia,AUS,Oceania,-33.8698439,151.2082848,398.037,5231147.0,25687041.0,4.9,99.0,171.7,37.9,34.3
Sydney,wMu6Va5PhGY,Sydney_wMu6Va5PhGY,5130,True,3,4,1,0,0,male,48.0,1,1.359,1.472,0.0,1,0,1,0,0,1,0,0,0,0,0,1,0,0,0,0,0,shine,Day,0,0,0,0,0,0,2.333333333333333,0,2.1416666666666666,0,0,0,0,0,0,1,1,0,0,,,0,0,1,0,0,0,0,0,0,0,0,0,0,,Australia,AUS,Oceania,-33.8698439,151.2082848,398.037,5231147.0,25687041.0,4.9,99.0,171.7,37.9,34.3
Sydney,wMu6Va5PhGY,Sydney_wMu6Va5PhGY,5140,True,0,1,1,0,0,male,54.0,0,1.499,1.6,0.0,0,0,0,0,0,0,0,0,0,0,0,0,0,0,0,0,0,shine,Day,0,0,0,0,0,0,4.5,0,2.485,0,0,0,0,0,0,1,1,0,0,,,0,0,1,0,0,0,0,0,0,0,0,0,0,,Australia,AUS,Oceania,-33.8698439,151.2082848,398.037,5231147.0,25687041.0,4.9,99.0,171.7,37.9,34.3
Sydney,wMu6Va5PhGY,Sydney_wMu6Va5PhGY,5142,True,3,5,1,0,0,male,60.0,0,1.496,1.423,0.0,0,0,0,0,0,0,0,0,0,0,0,1,0,0,0,0,0,sunrise,Day,0,0,0,0,0,0,2.0,0,2.27375,0,0,0,0,0,0,1,1,0,0,,,0,0,1,0,0,0,0,0,0,0,0,0,0,,Australia,AUS,Oceania,-33.8698439,151.2082848,398.037,5231147.0,25687041.0,4.9,99.0,171.7,37.9,34.3
Sydney,wMu6Va5PhGY,Sydney_wMu6Va5PhGY,5143,True,4,5,1,0,0,female,45.0,1,1.486,1.558,0.0,0,0,0,0,0,0,0,0,0,0,0,1,0,0,0,0,0,sunrise,Day,0,0,0,0,0,0,1.5,0,2.1866666666666665,0,0,0,0,0,0,1,1,0,0,,,0,0,1,0,0,0,0,0,0,0,0,0,0,,Australia,AUS,Oceania,-33.8698439,151.2082848,398.037,5231147.0,25687041.0,4.9,99.0,171.7,37.9,34.3
Sydney,wMu6Va5PhGY,Sydney_wMu6Va5PhGY,5161,True,3,5,1,0,0,male,51.0,0,1.71,1.752,0.0,0,0,0,0,0,0,0,0,0,0,0,0,0,0,0,0,0,sunrise,Day,0,0,0,0,0,0,1.6666666666666667,0,1.7899999999999998,0,0,0,0,0,0,1,1,0,0,,,0,0,1,0,0,0,0,0,0,0,0,0,0,,Australia,AUS,Oceania,-33.8698439,151.2082848,398.037,5231147.0,25687041.0,4.9,99.0,171.7,37.9,34.3
Sydney,wMu6Va5PhGY,Sydney_wMu6Va5PhGY,5162,True,5,4,1,0,0,male,38.0,0,2.162,2.19,0.0,0,0,0,0,1,0,0,0,0,0,0,1,0,0,0,0,0,sunrise,Day,0,0,0,0,0,0,1.25,0,1.97,0,0,0,0,0,0,1,1,0,0,,,0,0,1,0,0,0,0,0,0,0,0,0,0,,Australia,AUS,Oceania,-33.8698439,151.2082848,398.037,5231147.0,25687041.0,4.9,99.0,171.7,37.9,34.3
Sydney,wMu6Va5PhGY,Sydney_wMu6Va5PhGY,5165,True,3,5,1,0,0,male,36.0,1,1.374,1.454,0.0,0,0,0,0,0,1,0,0,0,0,0,1,0,0,0,0,0,sunrise,Day,0,0,0,0,0,0,1.1666666666666667,0,2.203333333333333,0,0,0,0,0,0,1,1,0,0,,,0,0,1,0,0,0,0,0,0,0,0,0,0,,Australia,AUS,Oceania,-33.8698439,151.2082848,398.037,5231147.0,25687041.0,4.9,99.0,171.7,37.9,34.3
Sydney,wMu6Va5PhGY,Sydney_wMu6Va5PhGY,5171,True,2,4,1,0,0,male,48.0,0,1.39,1.286,0.07,0,0,1,0,0,0,0,0,0,0,0,0,0,0,0,0,0,sunrise,Day,0,0,0,0,0,0,1.625,0,2.20375,0,0,0,0,0,0,1,1,0,0,,,0,0,1,0,0,0,0,0,0,0,0,0,0,,Australia,AUS,Oceania,-33.8698439,151.2082848,398.037,5231147.0,25687041.0,4.9,99.0,171.7,37.9,34.3
Sydney,wMu6Va5PhGY,Sydney_wMu6Va5PhGY,5173,True,3,4,1,0,0,male,58.0,0,1.366,1.463,0.0,0,0,0,0,0,0,0,0,0,0,0,1,0,0,0,0,0,sunrise,Day,0,0,0,0,0,0,1.625,0,2.20375,0,0,0,0,0,0,1,1,0,0,,,0,0,1,0,0,0,0,0,0,0,0,0,0,,Australia,AUS,Oceania,-33.8698439,151.2082848,398.037,5231147.0,25687041.0,4.9,99.0,171.7,37.9,34.3
Sydney,wMu6Va5PhGY,Sydney_wMu6Va5PhGY,5189,True,1,3,1,0,0,male,44.0,0,1.37,1.452,0.0,0,0,0,0,0,0,0,0,0,0,0,1,0,0,0,0,0,sunrise,Day,0,0,0,0,0,0,2.0,0,2.3999999999999995,0,0,0,0,0,0,1,1,0,0,,,0,0,1,0,0,0,0,0,0,0,0,0,0,,Australia,AUS,Oceania,-33.8698439,151.2082848,398.037,5231147.0,25687041.0,4.9,99.0,171.7,37.9,34.3
Sydney,wMu6Va5PhGY,Sydney_wMu6Va5PhGY,5198,True,4,5,1,0,0,male,43.0,0,1.273,1.194,0.0,1,0,0,0,0,1,0,0,0,0,0,0,0,0,0,0,0,sunrise,Day,0,0,0,0,0,0,1.6666666666666667,0,2.4716666666666667,0,0,0,0,0,0,1,1,0,0,,,0,0,1,0,0,0,0,0,0,0,0,0,0,,Australia,AUS,Oceania,-33.8698439,151.2082848,398.037,5231147.0,25687041.0,4.9,99.0,171.7,37.9,34.3
Sydney,wMu6Va5PhGY,Sydney_wMu6Va5PhGY,5209,True,3,4,1,0,0,,,0,1.16,1.315,0.0,1,0,1,0,0,1,0,0,0,0,0,1,0,0,0,0,0,sunrise,Day,0,0,0,0,0,0,2.142857142857143,0,2.4385714285714286,0,0,0,0,0,0,1,1,0,0,,,0,0,1,0,0,0,0,0,0,0,0,0,0,,Australia,AUS,Oceania,-33.8698439,151.2082848,398.037,5231147.0,25687041.0,4.9,99.0,171.7,37.9,34.3
Sydney,wMu6Va5PhGY,Sydney_wMu6Va5PhGY,5280,True,3,4,1,0,0,female,40.0,0,1.342,1.743,0.07,0,0,1,0,0,0,0,0,0,0,0,1,0,0,0,0,0,sunrise,Day,0,0,0,0,0,0,1.5,0,2.605,0,0,0,0,0,0,0,1,0,0,,,0,0,0,0,0,0,0,0,0,0,0,0,0,,Australia,AUS,Oceania,-33.8698439,151.2082848,398.037,5231147.0,25687041.0,4.9,99.0,171.7,37.9,34.3
Sydney,wMu6Va5PhGY,Sydney_wMu6Va5PhGY,5287,True,4,3,1,0,0,male,54.0,0,1.099,1.241,0.0,0,0,0,0,0,0,0,0,0,0,0,1,0,0,0,0,0,shine,Day,0,0,0,0,0,0,2.333333333333333,0,2.106666666666667,0,0,0,0,0,0,1,1,0,0,,,0,0,0,0,0,0,0,0,0,0,0,0,0,,Australia,AUS,Oceania,-33.8698439,151.2082848,398.037,5231147.0,25687041.0,4.9,99.0,171.7,37.9,34.3
Sydney,wMu6Va5PhGY,Sydney_wMu6Va5PhGY,5292,True,4,3,1,0,0,male,42.0,0,1.216,1.292,0.0,0,0,0,0,0,0,0,0,0,0,0,1,0,0,0,0,0,shine,Day,0,0,0,0,0,0,2.6,0,2.088,0,0,0,0,0,0,1,1,0,0,,,0,0,0,0,0,0,0,0,0,0,0,0,0,,Australia,AUS,Oceania,-33.8698439,151.2082848,398.037,5231147.0,25687041.0,4.9,99.0,171.7,37.9,34.3
Sydney,wMu6Va5PhGY,Sydney_wMu6Va5PhGY,5304,True,1,2,1,0,0,,,0,1.206,1.282,0.0,0,0,0,0,0,1,0,0,0,0,0,1,0,0,0,0,0,shine,Day,0,0,0,0,0,0,1.875,0,2.23875,0,0,0,0,0,1,1,1,0,0,,,0,0,1,0,0,0,0,0,0,0,0,0,0,,Australia,AUS,Oceania,-33.8698439,151.2082848,398.037,5231147.0,25687041.0,4.9,99.0,171.7,37.9,34.3
Sydney,wMu6Va5PhGY,Sydney_wMu6Va5PhGY,5307,True,1,2,1,0,0,male,40.0,0,1.297,1.491,0.0,1,0,0,0,0,0,0,0,0,0,0,1,0,0,0,0,0,shine,Day,0,0,0,0,0,0,0.75,0,2.34625,0,0,0,0,0,1,0,1,0,0,,,0,0,1,0,0,0,0,0,0,0,0,0,0,,Australia,AUS,Oceania,-33.8698439,151.2082848,398.037,5231147.0,25687041.0,4.9,99.0,171.7,37.9,34.3
Sydney,wMu6Va5PhGY,Sydney_wMu6Va5PhGY,5403,True,0,0,1,0,0,,,0,2.674,1.74,0.0,0,0,0,0,0,0,0,0,0,0,0,0,0,0,0,0,0,shine,Day,0,0,0,0,0,0,0.5,0,2.58,0,1,0,0,0,0,0,1,0,0,,,0,0,0,0,0,0,0,0,0,0,0,0,0,,Australia,AUS,Oceania,-33.8698439,151.2082848,398.037,5231147.0,25687041.0,4.9,99.0,171.7,37.9,34.3
Sydney,wMu6Va5PhGY,Sydney_wMu6Va5PhGY,5428,True,0,1,1,0,0,male,43.0,0,0.77,0.843,0.0,1,0,0,0,0,0,0,0,0,0,0,1,0,0,0,0,0,rain,Day,0,0,0,0,0,0,1.0,0,2.54125,0,1,0,0,0,1,0,1,0,0,,,0,0,1,0,0,0,0,0,0,0,0,0,0,,Australia,AUS,Oceania,-33.8698439,151.2082848,398.037,5231147.0,25687041.0,4.9,99.0,171.7,37.9,34.3
Sydney,wMu6Va5PhGY,Sydney_wMu6Va5PhGY,5438,True,0,1,1,0,0,male,52.0,0,1.377,1.569,0.0,1,0,0,0,0,0,0,0,0,0,0,1,0,0,0,0,0,rain,Day,0,0,0,0,0,0,1.5,0,2.55,0,1,0,0,0,1,0,1,0,0,,,0,0,1,0,0,0,0,0,0,0,0,0,0,,Australia,AUS,Oceania,-33.8698439,151.2082848,398.037,5231147.0,25687041.0,4.9,99.0,171.7,37.9,34.3
Sydney,wMu6Va5PhGY,Sydney_wMu6Va5PhGY,5445,True,0,0,1,0,0,female,71.0,0,1.338,1.12,0.0,0,0,0,0,0,1,0,0,0,0,0,1,0,0,0,0,0,rain,Day,0,0,0,0,0,0,1.5,0,2.505,0,1,0,0,0,0,0,1,0,0,,,0,0,1,0,0,0,0,0,0,0,0,0,0,,Australia,AUS,Oceania,-33.8698439,151.2082848,398.037,5231147.0,25687041.0,4.9,99.0,171.7,37.9,34.3
Sydney,wMu6Va5PhGY,Sydney_wMu6Va5PhGY,5460,True,2,2,1,0,0,,,0,1.693,1.661,0.0,1,0,0,0,0,0,0,1,0,0,0,0,1,0,0,0,0,rain,Day,0,0,0,0,0,0,1.5,0,2.595,0,1,0,0,0,1,0,0,0,0,,,0,0,1,0,0,0,0,0,0,0,0,0,0,,Australia,AUS,Oceania,-33.8698439,151.2082848,398.037,5231147.0,25687041.0,4.9,99.0,171.7,37.9,34.3
Sydney,wMu6Va5PhGY,Sydney_wMu6Va5PhGY,5464,True,2,2,1,0,0,male,42.0,0,1.571,1.605,0.0,0,0,0,0,0,1,0,1,0,0,0,0,0,0,0,0,0,rain,Day,0,0,0,0,0,0,1.0,0,2.5875,0,1,0,0,0,1,0,0,0,0,,,0,0,1,0,0,0,0,0,0,0,0,0,0,,Australia,AUS,Oceania,-33.8698439,151.2082848,398.037,5231147.0,25687041.0,4.9,99.0,171.7,37.9,34.3
Sydney,wMu6Va5PhGY,Sydney_wMu6Va5PhGY,5607,True,0,0,1,1,0,,,0,1.099,0.032,0.0,0,0,0,0,0,0,0,0,0,0,0,0,0,0,0,0,0,rain,Day,0,0,0,0,0,0,2.333333333333333,0,2.556666666666666,0,1,0,0,0,0,0,1,0,0,,,0,0,0,0,0,0,0,1,0,0,0,0,0,,Australia,AUS,Oceania,-33.8698439,151.2082848,398.037,5231147.0,25687041.0,4.9,99.0,171.7,37.9,34.3
Sydney,wMu6Va5PhGY,Sydney_wMu6Va5PhGY,5672,True,2,1,1,0,0,male,32.0,0,3.386,0.406,0.0,0,0,0,0,0,0,0,0,0,0,0,0,0,0,0,0,0,rain,Day,0,0,0,0,0,0,1.6666666666666667,0,0.84,0,1,0,0,0,0,0,1,0,0,,,0,0,0,0,0,0,0,0,0,0,1,0,0,,Australia,AUS,Oceania,-33.8698439,151.2082848,398.037,5231147.0,25687041.0,4.9,99.0,171.7,37.9,34.3
Sydney,wMu6Va5PhGY,Sydney_wMu6Va5PhGY,5681,True,1,1,0,1,0,,,0,1.05,1.401,0.0,0,0,0,0,0,0,0,0,0,0,0,0,0,0,0,0,0,rain,Day,0,0,0,0,0,0,1.3,0,1.657,0,1,0,0,0,0,0,1,0,0,,,0,0,1,0,0,0,0,0,0,0,0,0,0,,Australia,AUS,Oceania,-33.8698439,151.2082848,398.037,5231147.0,25687041.0,4.9,99.0,171.7,37.9,34.3
Sydney,wMu6Va5PhGY,Sydney_wMu6Va5PhGY,5695,True,1,1,1,1,0,,,0,1.508,1.473,0.0,0,0,0,0,0,0,0,0,0,0,0,0,0,0,0,0,0,rain,Day,0,0,0,0,0,0,1.4,0,1.5709999999999995,0,1,0,0,0,0,0,1,0,0,,,0,0,1,0,0,0,0,0,0,0,0,0,0,,Australia,AUS,Oceania,-33.8698439,151.2082848,398.037,5231147.0,25687041.0,4.9,99.0,171.7,37.9,34.3
Sydney,wMu6Va5PhGY,Sydney_wMu6Va5PhGY,5700,True,1,1,1,0,0,male,52.0,0,4.191,4.524,0.0,0,0,0,0,0,0,0,0,0,0,0,0,0,0,0,0,0,rain,Day,0,0,0,0,0,0,2.0,0,1.8233333333333333,0,1,0,0,0,0,0,1,0,0,,,0,0,1,0,0,1,0,0,0,0,0,0,0,,Australia,AUS,Oceania,-33.8698439,151.2082848,398.037,5231147.0,25687041.0,4.9,99.0,171.7,37.9,34.3
Sydney,wMu6Va5PhGY,Sydney_wMu6Va5PhGY,5703,True,2,1,1,0,0,,,0,4.217,4.917,0.0,0,0,0,0,0,0,0,0,0,0,0,0,0,0,0,0,0,rain,Day,0,0,0,0,0,0,1.6666666666666667,0,2.07,0,1,0,0,0,0,0,1,0,0,,,0,0,1,0,0,1,0,0,0,0,0,0,0,,Australia,AUS,Oceania,-33.8698439,151.2082848,398.037,5231147.0,25687041.0,4.9,99.0,171.7,37.9,34.3
Sydney,wMu6Va5PhGY,Sydney_wMu6Va5PhGY,5706,True,0,1,1,0,0,male,54.0,0,1.436,1.409,0.0,0,0,0,0,0,1,0,0,0,0,1,0,0,0,0,0,0,rain,Day,0,0,0,0,0,0,2.0,0,1.9833333333333327,0,1,0,0,0,0,0,1,0,0,,,0,0,1,0,0,1,0,0,0,0,0,0,0,,Australia,AUS,Oceania,-33.8698439,151.2082848,398.037,5231147.0,25687041.0,4.9,99.0,171.7,37.9,34.3
Sydney,wMu6Va5PhGY,Sydney_wMu6Va5PhGY,5730,True,0,1,0,0,0,,,0,2.43,5.201,0.0,0,0,0,0,0,0,0,0,0,0,0,0,0,0,0,0,0,rain,Day,0,0,0,0,0,0,0.8,0,1.21,0,1,0,0,0,0,0,1,0,0,,,0,0,1,0,0,0,0,0,0,0,0,0,0,,Australia,AUS,Oceania,-33.8698439,151.2082848,398.037,5231147.0,25687041.0,4.9,99.0,171.7,37.9,34.3
Sydney,wMu6Va5PhGY,Sydney_wMu6Va5PhGY,5731,True,0,0,1,1,0,female,38.0,0,4.502,4.203,0.0,0,0,0,0,0,0,0,0,0,0,0,0,0,0,0,0,0,rain,Day,0,0,0,0,0,0,1.0,0,1.4,0,1,0,0,0,0,0,1,0,0,,,0,0,1,0,0,0,0,0,0,0,0,0,0,,Australia,AUS,Oceania,-33.8698439,151.2082848,398.037,5231147.0,25687041.0,4.9,99.0,171.7,37.9,34.3
Sydney,wMu6Va5PhGY,Sydney_wMu6Va5PhGY,6111,True,1,1,1,0,0,male,57.0,0,1.364,1.131,0.0,0,0,0,0,0,0,0,0,0,0,0,1,0,0,0,0,0,shine,Day,0,0,0,0,0,0,1.9090909090909087,0,2.4881818181818183,0,1,0,0,0,0,0,1,0,0,,,0,0,1,0,0,0,0,0,0,0,0,0,0,,Australia,AUS,Oceania,-33.8698439,151.2082848,398.037,5231147.0,25687041.0,4.9,99.0,171.7,37.9,34.3
Sydney,wMu6Va5PhGY,Sydney_wMu6Va5PhGY,6114,True,1,1,1,0,0,male,49.0,0,1.221,1.063,0.07,1,0,0,0,0,0,0,0,0,0,0,0,0,0,0,0,0,shine,Day,0,0,0,0,0,0,2.0,0,2.448888888888889,0,1,0,0,0,0,0,1,0,0,,,0,0,1,0,0,1,0,0,0,0,0,0,0,,Australia,AUS,Oceania,-33.8698439,151.2082848,398.037,5231147.0,25687041.0,4.9,99.0,171.7,37.9,34.3
Sydney,wMu6Va5PhGY,Sydney_wMu6Va5PhGY,6117,True,1,1,1,0,0,,,0,1.564,1.455,0.0,0,0,0,0,0,0,0,0,0,0,0,0,0,0,0,0,0,shine,Day,0,0,0,0,0,0,1.7777777777777777,0,2.445555555555556,0,1,0,0,0,0,0,1,0,0,,,0,0,1,0,0,1,0,0,0,0,0,0,0,,Australia,AUS,Oceania,-33.8698439,151.2082848,398.037,5231147.0,25687041.0,4.9,99.0,171.7,37.9,34.3
Sydney,wMu6Va5PhGY,Sydney_wMu6Va5PhGY,6127,True,1,2,1,0,0,male,41.0,1,1.586,0.01,0.0,0,0,0,0,0,1,0,0,0,0,0,1,0,0,0,0,0,shine,Day,0,0,0,0,0,0,2.6666666666666665,0,2.152,0,0,0,0,0,0,1,1,0,0,,,0,0,1,0,0,0,0,0,0,0,0,0,0,,Australia,AUS,Oceania,-33.8698439,151.2082848,398.037,5231147.0,25687041.0,4.9,99.0,171.7,37.9,34.3
Sydney,wMu6Va5PhGY,Sydney_wMu6Va5PhGY,6137,True,0,1,1,0,0,male,45.0,0,1.447,1.421,0.0,1,0,1,0,0,0,0,0,0,0,0,0,0,0,0,0,0,shine,Day,0,0,0,0,0,0,3.2,0,1.97,0,0,0,0,0,0,1,1,0,0,,,0,0,1,0,0,1,0,0,0,1,0,0,0,,Australia,AUS,Oceania,-33.8698439,151.2082848,398.037,5231147.0,25687041.0,4.9,99.0,171.7,37.9,34.3
Sydney,wMu6Va5PhGY,Sydney_wMu6Va5PhGY,6139,True,1,2,1,0,0,female,44.0,0,1.298,1.451,0.0,1,0,0,0,0,0,0,0,0,0,0,1,0,0,0,0,0,shine,Day,0,0,0,0,0,0,3.0,0,1.767272727272727,0,0,0,0,0,0,1,1,0,0,,,0,0,1,0,0,1,0,0,0,0,0,0,0,,Australia,AUS,Oceania,-33.8698439,151.2082848,398.037,5231147.0,25687041.0,4.9,99.0,171.7,37.9,34.3
Sydney,wMu6Va5PhGY,Sydney_wMu6Va5PhGY,6164,True,1,1,1,0,0,male,50.0,0,1.494,1.517,0.0,0,0,0,0,0,0,0,0,0,0,0,0,0,0,0,0,0,shine,Day,0,0,0,0,0,0,2.4615384615384617,0,1.76,0,0,0,0,0,0,1,1,0,0,,,0,0,1,0,0,1,0,0,0,0,0,0,0,,Australia,AUS,Oceania,-33.8698439,151.2082848,398.037,5231147.0,25687041.0,4.9,99.0,171.7,37.9,34.3
Sydney,wMu6Va5PhGY,Sydney_wMu6Va5PhGY,6168,True,0,1,1,0,0,female,64.0,0,4.044,4.005,0.0,0,0,0,0,0,0,0,0,0,0,0,0,0,0,0,0,0,shine,Day,0,0,0,0,0,0,2.0,0,1.5325,0,0,0,0,0,0,1,0,0,0,,,0,0,1,0,0,0,0,0,0,0,0,0,0,,Australia,AUS,Oceania,-33.8698439,151.2082848,398.037,5231147.0,25687041.0,4.9,99.0,171.7,37.9,34.3
Sydney,wMu6Va5PhGY,Sydney_wMu6Va5PhGY,6174,True,1,1,1,0,0,female,46.0,0,1.325,1.403,0.0,1,0,0,0,0,0,0,0,0,0,0,1,0,0,0,0,0,shine,Day,0,0,0,0,0,0,2.6,0,1.626,0,0,0,0,0,0,1,1,0,0,,,0,0,1,0,0,0,0,0,0,0,0,0,0,,Australia,AUS,Oceania,-33.8698439,151.2082848,398.037,5231147.0,25687041.0,4.9,99.0,171.7,37.9,34.3
Sydney,wMu6Va5PhGY,Sydney_wMu6Va5PhGY,6192,True,2,1,1,0,0,male,52.0,0,1.756,1.798,0.0,0,0,0,0,0,0,0,0,0,0,0,0,0,0,0,0,0,shine,Day,0,0,0,0,0,0,2.6666666666666665,0,2.1788888888888893,0,0,0,0,0,0,1,1,0,0,,,0,0,1,1,0,1,0,0,0,0,0,0,0,,Australia,AUS,Oceania,-33.8698439,151.2082848,398.037,5231147.0,25687041.0,4.9,99.0,171.7,37.9,34.3
Sydney,wMu6Va5PhGY,Sydney_wMu6Va5PhGY,6194,True,2,2,1,0,0,male,42.0,0,1.614,1.619,0.0,0,0,0,0,0,0,0,0,0,0,0,0,0,0,0,0,0,shine,Day,0,0,0,0,0,0,2.6666666666666665,0,2.102222222222222,0,0,0,0,0,0,1,1,0,0,,,0,0,1,1,0,1,0,0,0,0,0,0,0,,Australia,AUS,Oceania,-33.8698439,151.2082848,398.037,5231147.0,25687041.0,4.9,99.0,171.7,37.9,34.3
Sydney,wMu6Va5PhGY,Sydney_wMu6Va5PhGY,6196,True,0,1,1,0,0,,,0,3.156,3.089,0.0,0,0,0,0,0,0,0,0,0,0,0,0,0,0,0,0,0,shine,Day,0,0,0,0,0,0,2.5,0,1.92,0,0,0,0,0,0,1,0,0,0,,,0,0,1,1,0,1,0,0,0,0,0,0,0,,Australia,AUS,Oceania,-33.8698439,151.2082848,398.037,5231147.0,25687041.0,4.9,99.0,171.7,37.9,34.3
Sydney,wMu6Va5PhGY,Sydney_wMu6Va5PhGY,6282,True,1,1,1,1,0,,,0,0.547,1.552,,0,0,0,0,0,0,0,0,0,0,0,0,0,0,0,0,0,shine,Day,0,0,0,0,0,0,2.571428571428572,0,2.2971428571428567,0,0,0,0,0,0,0,1,0,0,,,0,0,1,0,0,0,0,0,0,1,0,0,0,,Australia,AUS,Oceania,-33.8698439,151.2082848,398.037,5231147.0,25687041.0,4.9,99.0,171.7,37.9,34.3
Sydney,wMu6Va5PhGY,Sydney_wMu6Va5PhGY,6283,True,2,1,1,1,0,,,0,1.623,1.645,0.0,0,0,0,0,0,0,0,0,0,0,0,1,0,0,0,0,0,shine,Day,0,0,0,0,0,0,2.333333333333333,0,2.2216666666666667,0,0,0,0,0,0,0,1,0,0,,,0,0,1,0,0,0,0,0,0,1,0,0,0,,Australia,AUS,Oceania,-33.8698439,151.2082848,398.037,5231147.0,25687041.0,4.9,99.0,171.7,37.9,34.3
Sydney,wMu6Va5PhGY,Sydney_wMu6Va5PhGY,6289,True,3,1,1,1,0,,,0,1.844,1.693,0.0,0,0,0,0,0,0,0,0,0,0,0,0,0,0,0,0,0,shine,Day,0,0,0,0,0,0,2.4,0,2.162,0,1,0,0,0,0,0,1,0,0,,,0,0,1,0,0,0,0,0,0,1,0,0,0,,Australia,AUS,Oceania,-33.8698439,151.2082848,398.037,5231147.0,25687041.0,4.9,99.0,171.7,37.9,34.3
Sydney,wMu6Va5PhGY,Sydney_wMu6Va5PhGY,6412,True,0,0,1,1,0,female,64.0,0,4.113,4.677,,0,0,0,0,0,0,0,0,0,0,0,0,0,0,0,0,0,rain,Day,0,0,0,0,0,0,3.6666666666666665,0,2.5,0,1,0,0,0,0,0,1,0,0,,,0,0,1,0,0,1,0,0,0,0,0,0,0,,Australia,AUS,Oceania,-33.8698439,151.2082848,398.037,5231147.0,25687041.0,4.9,99.0,171.7,37.9,34.3
Sydney,wMu6Va5PhGY,Sydney_wMu6Va5PhGY,6676,True,0,1,1,0,0,,,0,0.964,0.095,0.0,0,0,0,0,0,0,0,0,0,0,0,0,0,0,0,0,0,rain,Night,0,0,0,0,0,0,3.0,1,1.7799999999999998,0,1,0,0,0,0,0,1,0,0,,,0,0,0,0,0,0,0,1,0,0,0,0,0,,Australia,AUS,Oceania,-33.8698439,151.2082848,398.037,5231147.0,25687041.0,4.9,99.0,171.7,37.9,34.3
Sydney,wMu6Va5PhGY,Sydney_wMu6Va5PhGY,6681,True,0,0,1,0,0,,,0,2.02,2.974,0.0,0,0,0,0,0,0,0,0,0,0,0,1,0,0,0,0,0,shine,Day,0,0,0,0,0,0,0.6666666666666666,0,2.67,0,1,0,0,0,0,0,1,0,0,,,0,0,0,0,0,0,0,0,0,0,0,0,0,,Australia,AUS,Oceania,-33.8698439,151.2082848,398.037,5231147.0,25687041.0,4.9,99.0,171.7,37.9,34.3
Sydney,wMu6Va5PhGY,Sydney_wMu6Va5PhGY,6719,True,0,0,1,0,0,,,0,1.48,1.733,0.0,0,0,0,0,0,0,0,0,0,0,0,0,0,0,0,0,0,rain,Evening,0,0,0,0,0,0,1.75,0,2.5575,0,1,0,0,0,0,1,1,0,0,,,0,0,0,0,0,0,0,0,0,0,0,0,0,,Australia,AUS,Oceania,-33.8698439,151.2082848,398.037,5231147.0,25687041.0,4.9,99.0,171.7,37.9,34.3
Sydney,wMu6Va5PhGY,Sydney_wMu6Va5PhGY,6721,True,0,0,1,0,0,,,0,1.524,1.792,0.0,0,0,0,0,0,0,0,0,0,0,0,0,0,0,0,0,0,rain,Evening,0,0,0,0,0,0,3.8,0,2.63,0,1,0,0,0,0,1,1,0,0,,,0,1,0,1,0,0,0,0,0,1,0,0,0,,Australia,AUS,Oceania,-33.8698439,151.2082848,398.037,5231147.0,25687041.0,4.9,99.0,171.7,37.9,34.3
Sydney,wMu6Va5PhGY,Sydney_wMu6Va5PhGY,6742,True,1,1,1,0,0,male,76.0,0,1.225,1.365,0.0,0,0,0,0,0,0,0,0,0,0,0,0,0,0,0,0,0,rain,Day,0,0,0,0,0,0,0.2857142857142857,0,2.591428571428572,0,1,0,0,0,0,0,1,0,0,,,0,0,0,0,0,0,0,0,0,0,0,0,0,,Australia,AUS,Oceania,-33.8698439,151.2082848,398.037,5231147.0,25687041.0,4.9,99.0,171.7,37.9,34.3
Sydney,wMu6Va5PhGY,Sydney_wMu6Va5PhGY,6744,True,0,1,1,0,0,male,50.0,0,1.317,1.022,0.0,0,0,0,0,0,0,0,0,0,0,0,0,0,0,0,0,0,shine,Day,0,0,0,0,0,0,2.0,0,2.5,0,1,0,0,0,0,0,1,0,0,,,0,0,0,0,0,0,0,0,0,0,0,0,0,,Australia,AUS,Oceania,-33.8698439,151.2082848,398.037,5231147.0,25687041.0,4.9,99.0,171.7,37.9,34.3
Sydney,wMu6Va5PhGY,Sydney_wMu6Va5PhGY,6922,True,1,2,1,0,0,female,39.0,0,1.616,1.495,0.0,0,0,0,0,1,1,0,0,0,0,0,0,1,0,0,0,0,shine,Day,0,0,0,0,0,0,1.4,0,1.354,0,1,0,0,0,0,0,1,0,0,,,0,0,1,0,0,0,0,0,0,0,0,0,0,,Australia,AUS,Oceania,-33.8698439,151.2082848,398.037,5231147.0,25687041.0,4.9,99.0,171.7,37.9,34.3
Sydney,wMu6Va5PhGY,Sydney_wMu6Va5PhGY,6925,True,2,3,1,0,0,,,0,1.344,1.267,0.0,0,0,0,0,0,0,0,0,0,0,0,0,0,0,0,0,0,shine,Day,0,0,0,0,0,0,1.5,0,1.3849999999999998,0,1,0,0,0,0,0,1,0,0,,,0,0,1,0,0,0,0,0,0,0,0,0,0,,Australia,AUS,Oceania,-33.8698439,151.2082848,398.037,5231147.0,25687041.0,4.9,99.0,171.7,37.9,34.3
Sydney,wMu6Va5PhGY,Sydney_wMu6Va5PhGY,6934,True,2,2,1,0,0,male,42.0,0,1.383,1.405,0.0,0,0,0,0,0,1,0,0,0,0,0,1,0,0,0,0,0,shine,Day,0,0,0,0,0,0,1.4285714285714286,0,1.647142857142857,0,1,0,0,0,0,0,1,0,0,,,0,0,1,0,0,0,0,0,0,0,0,0,0,,Australia,AUS,Oceania,-33.8698439,151.2082848,398.037,5231147.0,25687041.0,4.9,99.0,171.7,37.9,34.3
Sydney,wMu6Va5PhGY,Sydney_wMu6Va5PhGY,6943,True,2,2,1,0,0,female,46.0,0,3.495,3.294,0.0,0,0,0,0,0,0,0,0,0,0,0,0,0,0,0,0,0,shine,Day,0,0,0,0,0,0,2.333333333333333,0,1.7766666666666666,0,1,0,0,0,0,0,1,0,0,,,0,0,1,0,0,0,0,0,0,0,0,0,0,,Australia,AUS,Oceania,-33.8698439,151.2082848,398.037,5231147.0,25687041.0,4.9,99.0,171.7,37.9,34.3
Sydney,wMu6Va5PhGY,Sydney_wMu6Va5PhGY,6961,True,0,1,1,0,0,male,48.0,1,1.47,1.469,0.0,0,0,0,0,0,1,0,0,0,0,1,1,0,0,0,0,0,shine,Day,0,0,0,0,0,0,1.4,0,1.716,0,1,0,0,0,0,0,1,0,0,,,0,0,1,0,0,0,0,0,0,0,0,0,0,,Australia,AUS,Oceania,-33.8698439,151.2082848,398.037,5231147.0,25687041.0,4.9,99.0,171.7,37.9,34.3
Sydney,wMu6Va5PhGY,Sydney_wMu6Va5PhGY,7219,True,1,1,1,0,0,female,60.0,0,0.524,,0.0,0,0,0,0,0,0,0,0,0,0,0,1,0,0,0,0,0,rain,Day,0,0,0,0,0,0,10.0,0,2.69,0,1,0,0,0,0,0,1,0,0,,,0,0,0,0,0,0,0,0,0,0,0,0,0,,Australia,AUS,Oceania,-33.8698439,151.2082848,398.037,5231147.0,25687041.0,4.9,99.0,171.7,37.9,34.3
Sydney,wMu6Va5PhGY,Sydney_wMu6Va5PhGY,7352,True,0,1,1,1,0,,,0,1.361,0.912,0.0,0,0,0,0,0,0,0,0,0,0,0,0,0,0,0,0,0,shine,Evening,0,0,0,0,0,0,2.0,0,1.98,0,1,0,0,0,0,0,1,0,0,,,0,0,0,0,0,0,0,0,0,0,0,0,0,,Australia,AUS,Oceania,-33.8698439,151.2082848,398.037,5231147.0,25687041.0,4.9,99.0,171.7,37.9,34.3
Sydney,wMu6Va5PhGY,Sydney_wMu6Va5PhGY,8102,True,1,1,1,1,0,,,0,3.71,2.257,0.0,0,0,0,0,0,0,0,0,0,0,0,0,0,0,0,0,0,rain,Evening,0,0,0,0,0,0,4.0,0,2.6,0,1,0,0,0,0,0,1,0,0,,,0,0,0,0,0,0,0,0,0,0,0,0,0,,Australia,AUS,Oceania,-33.8698439,151.2082848,398.037,5231147.0,25687041.0,4.9,99.0,171.7,37.9,34.3
Sydney,wMu6Va5PhGY,Sydney_wMu6Va5PhGY,8171,True,0,0,1,0,0,,,0,2.851,3.664,0.0,0,0,0,0,0,0,0,0,0,0,0,0,0,0,0,0,0,rain,Evening,0,0,0,0,0,0,1.6666666666666667,0,2.433333333333333,0,1,0,0,0,0,0,0,0,0,,,0,0,0,1,0,0,0,0,0,0,1,0,0,,Australia,AUS,Oceania,-33.8698439,151.2082848,398.037,5231147.0,25687041.0,4.9,99.0,171.7,37.9,34.3
Sydney,wMu6Va5PhGY,Sydney_wMu6Va5PhGY,8332,True,3,3,1,0,0,,,0,1.252,0.64,0.0,0,0,0,0,0,0,0,0,0,0,0,0,0,0,0,0,0,rain,Day,0,0,0,0,0,0,3.0,0,2.306666666666666,0,1,0,0,0,0,1,0,0,0,,,0,0,0,1,0,0,0,0,0,0,1,0,0,,Australia,AUS,Oceania,-33.8698439,151.2082848,398.037,5231147.0,25687041.0,4.9,99.0,171.7,37.9,34.3
Sydney,wMu6Va5PhGY,Sydney_wMu6Va5PhGY,8494,True,2,2,0,0,0,,,0,1.481,1.191,0.0,0,0,0,0,0,0,0,0,0,0,0,0,0,0,0,0,0,rain,Day,0,0,0,0,0,0,1.0,0,1.4757142857142858,0,1,0,0,0,0,1,1,0,0,,,0,0,1,0,0,0,0,0,0,0,0,0,0,,Australia,AUS,Oceania,-33.8698439,151.2082848,398.037,5231147.0,25687041.0,4.9,99.0,171.7,37.9,34.3
Sydney,wMu6Va5PhGY,Sydney_wMu6Va5PhGY,8500,True,3,2,0,0,0,male,62.0,0,1.046,0.688,0.0,0,0,0,0,0,0,0,0,0,0,0,0,0,0,0,0,0,rain,Day,0,0,0,0,0,0,1.0,0,1.5841666666666665,0,1,0,0,0,0,1,1,0,0,,,0,0,1,0,0,0,0,0,0,0,0,0,0,,Australia,AUS,Oceania,-33.8698439,151.2082848,398.037,5231147.0,25687041.0,4.9,99.0,171.7,37.9,34.3
Sydney,wMu6Va5PhGY,Sydney_wMu6Va5PhGY,8511,True,3,2,0,0,0,,,0,1.335,1.379,0.0,0,0,0,0,0,0,0,0,0,0,0,0,0,0,0,0,0,rain,Day,0,0,0,0,0,0,1.0,0,1.52375,0,1,0,0,0,0,1,1,0,0,,,0,0,1,0,0,0,0,0,0,0,0,0,0,,Australia,AUS,Oceania,-33.8698439,151.2082848,398.037,5231147.0,25687041.0,4.9,99.0,171.7,37.9,34.3
Sydney,wMu6Va5PhGY,Sydney_wMu6Va5PhGY,8551,True,3,1,1,0,0,female,53.0,0,1.987,2.1,0.0,0,0,0,0,0,0,0,0,0,0,0,0,0,0,0,0,0,rain,Day,0,0,0,0,0,0,1.25,0,1.41,0,1,0,0,0,0,1,1,0,0,,,0,0,0,0,0,0,0,0,0,0,0,0,0,,Australia,AUS,Oceania,-33.8698439,151.2082848,398.037,5231147.0,25687041.0,4.9,99.0,171.7,37.9,34.3
Sydney,wMu6Va5PhGY,Sydney_wMu6Va5PhGY,8557,True,1,1,1,0,0,,,0,3.277,3.235,0.0,0,0,0,0,0,0,0,0,0,0,0,0,0,0,0,0,0,rain,Day,0,0,0,0,0,0,2.0,0,2.04,0,1,0,0,0,0,1,1,0,0,,,0,0,0,0,0,0,0,0,0,0,0,0,0,,Australia,AUS,Oceania,-33.8698439,151.2082848,398.037,5231147.0,25687041.0,4.9,99.0,171.7,37.9,34.3
Tokyo,pnVAm2YhJLg,Tokyo1_pnVAm2YhJLg,4,True,3,3,1,0,0,male,57.0,0,0.028,0.053,62.06,0,0,0,0,1,0,0,1,0,0,1,0,0,0,0,0,0,rain,Day,0,0,0,0,0,0,1.6470588235294117,0,11.906470588235292,0,-1,0,0,0,0,0,0,0,0,,,0,0,1,0,0,1,0,0,0,0,0,0,0,,Japan,JPN,Asia,35.682839,139.759455,2080.758,9733276.0,125836021.0,3.6,99.0,165.3,49.5,32.9
Tokyo,pnVAm2YhJLg,Tokyo1_pnVAm2YhJLg,15,True,0,1,1,1,0,,,0,0.194,0.238,,0,0,0,0,1,1,0,0,0,0,1,1,0,0,0,0,0,sunrise,Day,0,0,0,0,0,0,1.5555555555555556,0,15.200555555555557,0,-1,0,0,0,0,1,1,0,0,,,0,0,1,0,0,0,0,1,0,0,0,0,0,,Japan,JPN,Asia,35.682839,139.759455,2080.758,9733276.0,125836021.0,3.6,99.0,165.3,49.5,32.9
Tokyo,pnVAm2YhJLg,Tokyo1_pnVAm2YhJLg,69,True,3,2,1,1,0,male,30.0,0,0.086,0.089,4.0,0,0,0,0,1,0,0,0,0,0,0,1,0,0,0,0,0,rain,Day,0,0,0,0,0,0,1.2,0,13.964857142857142,0,-1,0,0,0,0,0,0,0,0,,,0,0,1,0,0,1,0,0,0,0,0,0,0,,Japan,JPN,Asia,35.682839,139.759455,2080.758,9733276.0,125836021.0,3.6,99.0,165.3,49.5,32.9
Tokyo,pnVAm2YhJLg,Tokyo1_pnVAm2YhJLg,71,True,3,3,1,0,0,female,34.0,0,0.075,0.052,2.0,0,0,0,0,1,0,0,0,0,0,0,1,0,0,0,0,0,rain,Day,0,0,0,0,0,0,1.5862068965517242,0,14.583275862068966,0,-1,0,0,0,0,1,0,0,0,,,0,0,1,0,0,1,0,0,0,0,0,0,0,,Japan,JPN,Asia,35.682839,139.759455,2080.758,9733276.0,125836021.0,3.6,99.0,165.3,49.5,32.9
Tokyo,pnVAm2YhJLg,Tokyo1_pnVAm2YhJLg,141,True,1,1,1,0,0,,,0,0.114,0.072,,0,0,0,0,0,0,0,0,0,0,0,0,0,0,0,0,0,rain,Day,0,0,0,0,0,0,1.5,0,13.142500000000002,0,-1,0,0,0,0,1,0,0,0,,,0,0,1,0,0,1,0,0,0,0,0,0,0,,Japan,JPN,Asia,35.682839,139.759455,2080.758,9733276.0,125836021.0,3.6,99.0,165.3,49.5,32.9
Tokyo,pnVAm2YhJLg,Tokyo1_pnVAm2YhJLg,193,True,2,3,1,0,0,male,34.0,0,0.073,0.038,14.02,0,0,0,0,1,0,0,1,0,0,0,1,0,0,0,0,0,rain,Day,0,0,0,0,0,0,1.8148148148148149,0,14.6737037037037,0,-1,0,0,0,0,1,0,0,0,,,0,0,1,0,0,1,0,0,0,0,0,0,0,,Japan,JPN,Asia,35.682839,139.759455,2080.758,9733276.0,125836021.0,3.6,99.0,165.3,49.5,32.9
Tokyo,GuYrT1OGJyc,Tokyo2_GuYrT1OGJyc,1,True,0,0,1,0,0,,,0,0.024,0.016,1.0,0,0,0,0,0,0,0,0,1,1,0,1,0,0,0,0,0,rain,Day,0,0,0,0,0,0,0.4285714285714285,0,2.771428571428572,0,-1,0,0,0,0,0,0,0,0,,,0,0,1,0,0,0,0,0,0,0,0,0,0,,Japan,JPN,Asia,35.682839,139.759455,2080.758,9733276.0,125836021.0,3.6,99.0,165.3,49.5,32.9
Toronto,3ai7SUaPoHM,Toronto_3ai7SUaPoHM,1,True,0,2,0,0,0,female,40.0,0,0.901,1.015,0.0,0,0,0,0,0,1,0,0,0,0,0,1,0,0,0,0,0,shine,Day,0,0,0,0,0,0,4.714285714285714,0,1.6057142857142856,0,-1,0,0,0,0,0,1,0,0,,,0,0,1,0,0,1,0,0,0,0,0,0,0,ON,Canada,CAN,North America,43.6534817,-79.3839347,349.201,2600000.0,38005238.0,5.3,99.0,171.7,42.4,31.7
Toronto,3ai7SUaPoHM,Toronto_3ai7SUaPoHM,3,True,2,2,0,0,0,male,30.0,0,1.141,1.539,0.0,0,0,0,0,0,0,0,0,0,0,0,1,0,0,0,0,0,rain,Day,0,0,0,0,0,0,3.5,0,1.4975,0,-1,0,0,0,0,0,1,0,0,,,0,0,1,0,0,1,0,0,0,0,0,0,0,ON,Canada,CAN,North America,43.6534817,-79.3839347,349.201,2600000.0,38005238.0,5.3,99.0,171.7,42.4,31.7
Toronto,3ai7SUaPoHM,Toronto_3ai7SUaPoHM,4,True,1,3,0,0,0,male,35.0,0,1.822,2.004,0.0,0,0,0,0,0,0,0,0,0,0,0,0,0,0,0,0,0,rain,Day,0,0,0,0,0,0,2.0,0,1.5275,0,-1,0,0,0,0,0,1,0,0,,,0,0,1,0,0,1,0,0,0,0,0,0,0,ON,Canada,CAN,North America,43.6534817,-79.3839347,349.201,2600000.0,38005238.0,5.3,99.0,171.7,42.4,31.7
Toronto,3ai7SUaPoHM,Toronto_3ai7SUaPoHM,41,True,2,2,0,0,0,male,39.0,0,1.247,1.287,0.0,0,0,1,0,0,0,0,0,0,0,0,1,0,0,0,0,0,rain,Day,0,0,0,0,0,0,4.6,0,1.5950000000000002,0,-1,0,0,0,0,0,1,0,0,,,0,0,1,0,0,1,0,0,0,0,0,0,0,ON,Canada,CAN,North America,43.6534817,-79.3839347,349.201,2600000.0,38005238.0,5.3,99.0,171.7,42.4,31.7
Toronto,3ai7SUaPoHM,Toronto_3ai7SUaPoHM,79,True,2,2,0,0,0,male,46.0,0,1.072,1.144,0.0,0,0,0,0,0,0,0,0,0,0,0,0,0,0,0,0,0,cloudy,Day,0,0,0,0,0,0,6.111111111111111,0,1.6555555555555557,0,-1,0,0,0,1,0,1,0,0,,,0,0,1,0,0,1,0,0,0,0,0,0,0,ON,Canada,CAN,North America,43.6534817,-79.3839347,349.201,2600000.0,38005238.0,5.3,99.0,171.7,42.4,31.7
Toronto,3ai7SUaPoHM,Toronto_3ai7SUaPoHM,80,True,2,2,0,0,0,male,38.0,0,2.952,2.771,0.0,0,1,0,0,0,0,0,0,0,0,0,1,0,0,0,0,0,shine,Day,0,0,0,0,0,0,5.5,0,1.5625,0,-1,0,0,0,0,0,1,0,0,,,0,0,1,0,0,0,0,0,0,0,0,0,0,ON,Canada,CAN,North America,43.6534817,-79.3839347,349.201,2600000.0,38005238.0,5.3,99.0,171.7,42.4,31.7
Toronto,3ai7SUaPoHM,Toronto_3ai7SUaPoHM,114,True,2,2,1,0,0,male,42.0,0,1.181,1.306,0.0,0,0,0,0,0,0,0,0,0,0,0,0,0,0,0,0,0,cloudy,Day,0,0,0,0,0,0,6.285714285714286,0,1.6785714285714286,0,-1,0,0,0,1,0,1,0,0,,,0,0,1,0,0,1,0,0,0,0,0,0,0,ON,Canada,CAN,North America,43.6534817,-79.3839347,349.201,2600000.0,38005238.0,5.3,99.0,171.7,42.4,31.7
Toronto,3ai7SUaPoHM,Toronto_3ai7SUaPoHM,127,True,1,2,0,0,0,,,0,1.288,1.329,0.0,0,0,0,0,0,0,0,0,0,0,0,0,0,0,0,0,0,cloudy,Day,0,0,0,0,0,0,5.714285714285714,0,1.6828571428571428,0,-1,0,0,0,0,0,1,0,0,,,0,0,1,0,0,1,0,0,0,0,0,0,0,ON,Canada,CAN,North America,43.6534817,-79.3839347,349.201,2600000.0,38005238.0,5.3,99.0,171.7,42.4,31.7
Toronto,3ai7SUaPoHM,Toronto_3ai7SUaPoHM,161,True,2,1,0,0,0,male,46.0,0,1.316,1.317,0.0,0,0,0,0,0,0,0,0,0,0,0,0,0,0,0,0,0,cloudy,Day,0,0,0,0,0,0,5.888888888888889,0,1.6944444444444444,0,-1,0,0,0,1,0,1,0,0,,,0,0,1,0,0,1,0,0,0,0,0,0,0,ON,Canada,CAN,North America,43.6534817,-79.3839347,349.201,2600000.0,38005238.0,5.3,99.0,171.7,42.4,31.7
Toronto,3ai7SUaPoHM,Toronto_3ai7SUaPoHM,173,True,1,2,1,0,0,male,30.0,0,5.279,5.502,0.0,0,0,0,0,0,0,0,0,0,0,0,0,0,0,0,0,0,rain,Day,0,0,0,0,0,0,6.25,0,1.7375,0,-1,0,0,0,0,0,1,0,0,,,0,0,1,0,0,1,0,0,0,0,0,0,0,ON,Canada,CAN,North America,43.6534817,-79.3839347,349.201,2600000.0,38005238.0,5.3,99.0,171.7,42.4,31.7
Toronto,3ai7SUaPoHM,Toronto_3ai7SUaPoHM,210,True,2,2,1,0,0,male,44.0,0,1.199,1.27,0.0,0,0,0,0,0,0,0,0,0,0,0,0,0,0,0,0,0,cloudy,Day,0,0,0,0,0,0,3.2857142857142856,0,1.6485714285714288,0,-1,0,0,0,0,0,1,0,0,,,0,0,1,0,0,1,0,1,0,0,0,0,0,ON,Canada,CAN,North America,43.6534817,-79.3839347,349.201,2600000.0,38005238.0,5.3,99.0,171.7,42.4,31.7
Toronto,3ai7SUaPoHM,Toronto_3ai7SUaPoHM,238,True,3,2,1,0,0,male,40.0,0,1.221,1.421,0.0,0,0,0,0,0,0,0,0,0,0,0,0,0,0,0,0,0,cloudy,Day,0,0,0,0,0,0,3.2857142857142856,0,1.6571428571428573,0,-1,0,0,0,0,0,1,0,0,,,0,0,1,0,0,1,0,0,0,0,0,0,0,ON,Canada,CAN,North America,43.6534817,-79.3839347,349.201,2600000.0,38005238.0,5.3,99.0,171.7,42.4,31.7
Toronto,3ai7SUaPoHM,Toronto_3ai7SUaPoHM,272,True,5,3,1,0,0,male,36.0,0,1.285,1.387,0.0,0,0,0,0,1,0,0,0,0,0,0,1,0,0,0,0,0,cloudy,Day,0,0,0,0,0,0,3.2857142857142856,0,1.6571428571428573,0,-1,0,0,0,0,0,1,0,0,,,0,0,1,0,0,1,0,0,0,0,0,0,0,ON,Canada,CAN,North America,43.6534817,-79.3839347,349.201,2600000.0,38005238.0,5.3,99.0,171.7,42.4,31.7
Toronto,3ai7SUaPoHM,Toronto_3ai7SUaPoHM,276,True,1,2,0,0,0,female,38.0,0,5.828,5.83,0.0,0,0,0,0,0,0,0,0,0,0,0,0,0,0,0,0,0,cloudy,Day,0,0,0,0,0,0,3.0,0,1.6366666666666667,0,-1,0,0,0,0,0,1,0,0,,,0,0,1,0,0,0,0,0,0,0,0,0,0,ON,Canada,CAN,North America,43.6534817,-79.3839347,349.201,2600000.0,38005238.0,5.3,99.0,171.7,42.4,31.7
Toronto,3ai7SUaPoHM,Toronto_3ai7SUaPoHM,334,True,3,3,0,0,0,male,34.0,0,1.317,1.398,0.0,0,0,0,0,0,1,0,0,0,0,0,1,0,0,0,0,0,rain,Day,0,0,0,0,0,0,3.333333333333333,0,1.6266666666666667,0,-1,0,0,0,0,0,1,0,0,,,0,0,1,0,0,1,0,1,0,0,0,0,0,ON,Canada,CAN,North America,43.6534817,-79.3839347,349.201,2600000.0,38005238.0,5.3,99.0,171.7,42.4,31.7
Toronto,3ai7SUaPoHM,Toronto_3ai7SUaPoHM,375,True,2,2,0,0,0,male,53.0,0,1.215,1.246,0.0,0,0,0,0,0,0,0,0,0,0,0,0,0,0,0,0,0,rain,Day,0,0,0,0,0,0,3.2857142857142856,0,1.65,0,-1,0,0,0,0,0,1,0,0,,,0,0,1,0,0,0,0,0,0,0,0,0,0,ON,Canada,CAN,North America,43.6534817,-79.3839347,349.201,2600000.0,38005238.0,5.3,99.0,171.7,42.4,31.7
Toronto,3ai7SUaPoHM,Toronto_3ai7SUaPoHM,382,True,2,2,0,0,0,,,0,0.967,1.102,0.0,0,0,0,0,0,0,0,0,0,0,0,0,0,0,0,0,0,rain,Day,0,0,0,0,0,0,2.875,0,1.685,0,-1,0,0,0,0,0,1,0,0,,,0,0,1,0,0,0,0,0,0,0,0,0,0,ON,Canada,CAN,North America,43.6534817,-79.3839347,349.201,2600000.0,38005238.0,5.3,99.0,171.7,42.4,31.7
Toronto,3ai7SUaPoHM,Toronto_3ai7SUaPoHM,395,True,4,2,0,0,0,male,40.0,1,1.178,1.321,0.0,1,0,0,0,0,1,0,0,0,0,0,1,0,0,0,0,0,rain,Day,0,0,0,0,0,0,3.0,0,1.67,0,-1,0,0,0,0,0,1,0,0,,,0,0,1,0,0,0,0,0,0,0,0,0,0,ON,Canada,CAN,North America,43.6534817,-79.3839347,349.201,2600000.0,38005238.0,5.3,99.0,171.7,42.4,31.7
Toronto,3ai7SUaPoHM,Toronto_3ai7SUaPoHM,402,True,0,1,0,0,0,,,0,0.869,0.969,0.0,0,0,0,0,0,0,0,0,0,0,0,0,0,0,0,0,0,rain,Day,0,0,0,0,0,0,2.555555555555556,0,1.6833333333333331,0,-1,0,0,0,0,0,1,0,0,,,0,0,1,0,0,0,0,0,0,0,0,0,0,ON,Canada,CAN,North America,43.6534817,-79.3839347,349.201,2600000.0,38005238.0,5.3,99.0,171.7,42.4,31.7
Toronto,3ai7SUaPoHM,Toronto_3ai7SUaPoHM,423,True,1,1,1,0,0,male,32.0,0,6.342,6.304,0.0,0,1,0,0,0,0,0,0,0,0,0,0,0,0,0,0,0,rain,Day,0,0,0,0,0,0,4.0,0,1.6733333333333336,0,-1,0,0,0,0,0,1,0,0,,,0,0,1,0,0,0,0,0,0,0,0,0,0,ON,Canada,CAN,North America,43.6534817,-79.3839347,349.201,2600000.0,38005238.0,5.3,99.0,171.7,42.4,31.7
Toronto,3ai7SUaPoHM,Toronto_3ai7SUaPoHM,440,True,2,3,0,0,0,female,34.0,0,5.568,5.517,0.0,0,0,0,0,0,0,0,0,0,0,0,0,0,0,0,0,0,rain,Day,0,0,0,0,0,0,2.75,0,1.6050000000000002,0,-1,0,0,0,0,0,1,0,0,,,0,0,1,0,0,0,0,0,0,0,0,0,0,ON,Canada,CAN,North America,43.6534817,-79.3839347,349.201,2600000.0,38005238.0,5.3,99.0,171.7,42.4,31.7
Toronto,3ai7SUaPoHM,Toronto_3ai7SUaPoHM,465,True,2,1,0,0,0,,,0,3.422,3.673,0.0,0,0,0,0,0,0,0,0,0,0,0,0,0,0,0,0,0,cloudy,Day,0,0,0,0,0,0,1.6666666666666667,0,1.6866666666666668,0,-1,0,0,0,0,0,1,0,0,,,0,0,1,0,0,0,0,0,0,0,0,0,0,ON,Canada,CAN,North America,43.6534817,-79.3839347,349.201,2600000.0,38005238.0,5.3,99.0,171.7,42.4,31.7
Toronto,3ai7SUaPoHM,Toronto_3ai7SUaPoHM,491,True,1,2,0,0,0,female,30.0,0,1.365,1.448,0.0,0,0,0,0,0,0,0,0,0,0,0,0,0,0,0,0,0,cloudy,Day,0,0,0,0,0,0,3.2857142857142856,0,1.7228571428571429,0,-1,0,0,0,0,0,1,0,0,,,0,0,1,0,0,0,0,1,0,0,0,0,0,ON,Canada,CAN,North America,43.6534817,-79.3839347,349.201,2600000.0,38005238.0,5.3,99.0,171.7,42.4,31.7
Toronto,3ai7SUaPoHM,Toronto_3ai7SUaPoHM,555,True,0,1,0,0,0,,,0,1.284,1.43,0.0,0,0,0,0,0,0,0,0,0,0,0,0,0,0,0,0,0,cloudy,Day,0,0,0,0,0,0,3.4285714285714284,0,1.6185714285714283,0,-1,0,0,0,0,0,1,0,0,,,0,0,1,0,0,0,0,0,0,0,0,0,0,ON,Canada,CAN,North America,43.6534817,-79.3839347,349.201,2600000.0,38005238.0,5.3,99.0,171.7,42.4,31.7
Ulm,Qh1n6VVKgn0,Ulm1_Qh1n6VVKgn0,846,True,0,0,0,0,1,male,35.0,0,0.06,0.056,105.0,0,0,0,0,0,0,0,0,0,0,0,0,0,0,0,0,0,shine,Day,0,0,0,0,0,0,3.3627118644067795,1,18.570169491525423,0,-1,0,0,0,0,0,1,0,0,,,0,0,0,0,0,0,0,0,0,0,0,0,0,,Germany,,,,,,,,,,,,
