accessory,risky_crossing_rate(%),run_red_light_rate(%)
backpack,28.57142857142857,0.0
umbrella,33.33333333333333,0.0
handbag,18.181818181818183,22.727272727272727
