continent,run_red_light_rate(%),risky_crossing_rate(%)
North America,0.0,30.76923076923077
Europe,14.285714285714285,100.0
Asia,18.181818181818183,90.9090909090909
