continent,crosswalk_usage_ratio,crosswalk_prob,crosswalk_coeff
Europe,0.8333333333333334,0.1032178153949371,8.073541666666673
