continent,crosswalk_usage_ratio,crosswalk_prob,crosswalk_coeff
Asia,0.5,0.0052110474205315,95.95000000000049
Europe,0.738095238095238,0.11443048722079499,6.450162504954422
