gender,risky_crossing,run_red_light
female,0.2631578947368421,0.07894736842105263
male,0.23076923076923078,0.07692307692307693
