gender,risky_crossing,run_red_light
female,0.6363636363636364,0.0
male,0.6206896551724138,0.06896551724137931
