index,risky_crossing,run_red_light
avg_vehicle_total,-0.5326470148385404,-0.2004838372542176
avg_road_width,0.5771771724209775,0.2796809794597777
