index,risky_crossing,run_red_light
avg_vehicle_total,0.030831611859857465,0.13424673289351208
avg_road_width,-0.05518794996864166,-0.08877233196377927
