index,duration_minutes,analysis_minutes
mean,15.1144275,28.1475
std,21.04583086765247,5.295051279785263
