index,duration_minutes,analysis_minutes
mean,6.4059613888888896,16.492083333333337
std,9.6193164578466,15.42533941353406
