index,duration_minutes,analysis_minutes
mean,6.099920128205128,16.62423076923077
std,9.275662131728406,14.776321925186664
