index,duration_minutes,analysis_minutes
mean,37.58298415311145,3.758298415311145
std,21.249151257816028,2.124915125781603
