weather,daytime,run_red_light_prob,risky_crossing_prob
shine,0,14.285714285714285,14.285714285714285
shine,1,0.0,12.5
rain,0,8.333333333333332,25.0
rain,1,0.0,7.6923076923076925
cloudy,0,23.076923076923077,46.15384615384615
cloudy,1,0.0,35.294117647058826
