weather,daytime,run_red_light_prob,risky_crossing_prob
rain,Day,9.090909090909092,72.72727272727273
sunrise,Day,11.11111111111111,88.88888888888889
shine,Day,0.0,0.0
cloudy,Day,0.0,36.36363636363637
